-1.217583836196724004e-07 3.965597727200725078e-08 1.286109575096805450e-07 -1.629254475690632815e-08 -8.095501496191642009e-08 1.794803619634168647e-07 -2.740739563415594935e-07 2.468553800348104580e-07 -3.858885147397099877e-07 -1.868742488124809738e-07 2.198824380285300653e-07 1.751920947310308602e-08 1.171130551778502760e-07 -7.451855532890866469e-09 1.355872556812705652e-07
-1.019248432630113475e-07 3.577260703724375007e-08 1.045797761558613105e-07 -4.732757736840190538e-08 -8.041042524685599977e-09 1.472216643294755854e-07 -2.165753089209715362e-07 1.992606245388104816e-07 -2.644698938207210540e-07 -1.272818048664244612e-07 1.563996962540772006e-07 -4.044083078415243405e-08 1.968873550436596503e-07 -8.350535254262992466e-08 1.842340205074887610e-09
-8.246331828372237184e-08 2.889866271464511321e-08 8.067735113368917324e-08 -6.050008626292342087e-08 3.406394669708645916e-08 1.174380113360777747e-07 -1.586768957038936452e-07 1.408757396676286193e-07 -1.693149793748493297e-07 -9.863285647724140535e-08 7.965856500391678204e-08 -8.512688538419471434e-08 2.107502542419869892e-07 -6.131835449598466255e-08 -6.872762747853474626e-08
-6.318874983932108314e-08 2.156322715374412852e-08 5.491690493869816841e-08 -6.448578165842359037e-08 5.418170714440104952e-08 8.671340915842215203e-08 -1.005409784492575664e-07 8.738299995841746751e-08 -9.554330753025996192e-08 -8.666798307504614978e-08 1.207953040925369648e-08 -9.131333846058262252e-08 1.946136255616491122e-07 1.217810953078428759e-08 -9.124111808719032321e-08
-4.612641957097867293e-08 1.179299822554833965e-08 3.452684920300392324e-08 -5.383299035191020729e-08 5.222607299445331133e-08 6.140441846746470468e-08 -5.511174409952240271e-08 4.245929653736487335e-08 -4.734286205810441357e-08 -8.233999364064113653e-08 -2.106258493054868308e-08 -5.678798470503726402e-08 1.421898966611940225e-07 1.028473145391231387e-07 -7.137670075441614282e-08
-3.186798018737154098e-08 1.485530156510280947e-09 1.865167259875718633e-08 -3.669227670772833767e-08 3.743801294238408602e-08 4.232354410683563291e-08 -2.236849950317304921e-08 1.461797530805886271e-08 -1.964937892711006650e-08 -8.791704066032218132e-08 -1.091653926258729237e-08 1.552486680461079912e-10 8.713200711897598274e-08 1.377752902588961970e-07 -3.471379676737600700e-08
-2.071103225939559103e-08 -7.445269212922222590e-09 6.234474474633890749e-09 -1.915955216457848541e-08 1.868583378313159296e-08 2.828986561416439667e-08 -3.285273952993861306e-09 3.877356271653897661e-09 -5.142282579526459846e-09 -9.959681836838892571e-08 1.697733653769959367e-08 4.327122217691815913e-08 4.917773830337075404e-08 1.061693413899354244e-07 -1.786911718046168328e-08
-1.252242803895737162e-08 -1.343501612485384029e-08 -2.524370187055961484e-09 -5.784797245688953098e-09 3.070130918261794082e-09 1.791453555609043684e-08 3.698833055226348460e-10 2.313490011695869855e-09 8.722614871666520005e-12 -9.555940128016119081e-08 2.341054219868524933e-08 5.267856100004894968e-08 2.502986007316154587e-08 5.981493487253163872e-08 -2.480393256519876791e-08
-6.919862011666824135e-09 -1.549186623546820538e-08 -7.139368306628666643e-09 1.409765453354866493e-09 -5.924593709853558730e-09 9.214124657681773083e-09 -3.315468084678642791e-09 1.164954876223866136e-09 5.891136110833233949e-10 -6.537835277148149732e-08 6.245091716358252774e-09 4.040376434799303733e-08 9.841214799220808328e-09 3.299610676864579904e-08 -3.087603684129473866e-08
-3.371724875813544042e-09 -1.406267581546619046e-08 -8.116398870010776452e-09 2.738558737556606361e-09 -8.702466405328243102e-09 2.680933490188507225e-09 -5.406851085841666998e-09 -3.824737136230074569e-10 1.188584156535803956e-09 -2.956851020602170378e-08 -7.733262980341385989e-09 2.409407935344384922e-08 -2.639193718476692207e-11 2.085948879596751636e-08 -1.939114194549802268e-08
-1.336406420767679563e-09 -1.075007353839105588e-08 -6.702216738588652028e-09 1.086747860654788703e-09 -7.688050620012437498e-09 -4.356854274678504594e-10 -5.004663807045070327e-09 -2.988503983342608334e-11 1.279396919283646367e-09 -5.608848273250449302e-09 -9.786976451177728334e-09 1.329420707131956165e-08 -6.876665058285886465e-09 1.078996777135330999e-08 -2.702053071394164137e-09
-3.258380142087570575e-10 -7.104857532932543215e-09 -4.555464047639300102e-09 -3.056218676702433561e-10 -5.466830657725438474e-09 -7.483185266542565889e-10 -3.456354428012772246e-09 1.354240951023517062e-09 5.857283654645706455e-10 4.988009004586614046e-09 -8.219860939864446434e-09 5.583555623983615007e-09 -9.623845768833534705e-09 5.640167597877529857e-09 4.097667152519235938e-09
7.648517282527369353e-11 -4.058756881363470663e-09 -2.659891619700706805e-09 -6.495873037142186858e-10 -3.498408113164068182e-09 -1.476305829921794392e-10 -2.561491920341758649e-09 1.305590375319499083e-09 9.679773406637013317e-10 7.107765119196133399e-09 -5.205977298808116091e-09 5.540623627292589755e-10 -8.653386390562812741e-09 2.357759584006101596e-09 4.875282650056247205e-09
1.765437486834178472e-10 -1.924758053685006165e-09 -1.320930602923968376e-09 -5.104464067876803459e-10 -2.084884792594605824e-09 2.293610597638819546e-10 -2.474133128341467821e-09 5.439400445441930621e-10 1.820391610799957575e-09 5.524893996461570288e-09 -2.734960942561089195e-09 -1.010558588853714198e-09 -7.768068553361468439e-09 -2.004064329805740624e-10 4.924020450881692497e-09
1.607113715314120029e-10 -6.664260856820071852e-10 -5.166691110937968483e-10 -2.705014089562654380e-10 -1.060356504653621726e-09 3.147993797687488049e-10 -1.689158151791470978e-09 1.702048322914093856e-10 1.653709000194475913e-09 3.169439542590740623e-09 -7.812009144612536410e-10 -1.309366787092905758e-09 -5.814784555520296790e-09 -4.679295970001888040e-10 3.149484961600425259e-09
1.178493179771862224e-10 -8.915761315706596339e-11 -1.518220339608741472e-10 -8.721441955281143384e-11 -4.058142087584648755e-10 1.695370463187735437e-10 -7.797826293534425466e-10 1.059392870512731975e-11 1.036472384247508435e-09 1.470432906826038915e-09 3.577928534746404992e-10 -8.389691995062826748e-10 -3.664753293734931148e-09 -6.689909235366349519e-10 7.251279076049012794e-10
7.818863982804590786e-11 8.664104330960448662e-11 -2.187598885903928040e-11 -5.768396702223382374e-12 -5.212504432115387498e-11 -5.769035645474247418e-12 -2.035180591075613545e-10 -5.591594029444369041e-11 6.544260289519833391e-10 5.363413526617524884e-10 5.052651472602449022e-10 -2.947400079232221420e-10 -1.861316195254496846e-09 -6.031794450112716680e-10 2.412737762041195272e-10
4.850492494113022156e-11 9.942442368210589450e-11 1.770836848421185037e-11 7.330393186934815974e-12 7.923126802564411357e-11 -9.662670766699463027e-11 3.193438765347650305e-12 -5.725814716328749605e-11 3.721638833738017651e-10 5.563669313182978907e-11 3.629476370532526702e-10 -1.360136169316287318e-10 -8.943480632009853394e-10 -4.230812226840868925e-10 3.985579196938805203e-10
2.933376092449188748e-11 7.770555964577987612e-11 3.271545724680415948e-11 6.862992998140058681e-12 9.909925076262179494e-11 -7.581068910268166284e-11 5.517584454158706011e-11 -2.904032139621904022e-11 1.577745544674517263e-10 -4.184893255995585108e-11 1.504393891547056018e-10 -7.410641809316613115e-11 -1.655403909182047659e-10 -2.907240403638540666e-10 1.752163608390084253e-10
1.775251342853194107e-11 5.774377587216907310e-11 3.062900536198572864e-11 1.552592171545784229e-11 8.705699464844238303e-11 -4.200146363061882253e-11 7.416365973898531478e-11 -8.205890847189144525e-12 4.016791293937926663e-11 -6.466599120697709467e-11 7.494844234745274680e-11 -9.326221157128097739e-12 1.337984673944345027e-10 -3.066415736715814096e-10 4.873551164610237983e-11
1.072064841498804645e-11 3.907363621299676450e-11 2.360595353097210752e-11 1.193554426789069474e-11 4.412100036790728665e-11 -2.232974119495737250e-11 3.800087219788921994e-11 -5.919966061540514934e-12 -1.421380087178812026e-11 -4.505772499067643619e-11 -2.525175908173956562e-11 -3.547727060090637456e-11 1.215318286388167637e-10 -8.563342858848554345e-11 1.109147799240878981e-11
6.250640671243661461e-12 2.803021787700314677e-11 1.463992096565486346e-11 9.588836847515215642e-12 1.821485568202567805e-11 -6.492141398874123420e-12 3.669475947485286519e-11 3.009710933508827334e-13 -3.554138707941558806e-11 -8.074989062134706026e-12 4.770586187041730219e-12 -1.309858236566550940e-11 1.212696339309643272e-10 -3.641668174528417313e-11 -5.592801381455019571e-11
3.247350489310520818e-12 1.542086189717934003e-11 8.356405255728991548e-12 4.750373593631048295e-12 9.687155603078934642e-12 -1.365573035325529924e-12 1.127095139806942846e-11 -9.349394204556381839e-12 -2.571472827989609259e-11 -1.222183289118229051e-12 3.909288621746036068e-12 -2.043069249811407534e-13 6.441071058416501359e-11 1.780375275655376079e-11 -5.652541534710899954e-11
1.464227600624421135e-12 8.055870287351765284e-12 4.666208063943094792e-12 1.898565775159104679e-12 5.945372792748176778e-12 -1.755977727957559900e-12 1.516369810111485349e-11 -3.060803055342023058e-12 -1.690230047208991909e-11 2.015909570820998522e-12 4.617505167664355758e-12 -2.766714336787381591e-12 3.946416835649886334e-11 7.811223126574724995e-12 -2.711488878960468746e-11
6.208100456445781123e-13 3.625702015812203374e-12 2.605484642559107078e-12 1.001301505741255495e-12 2.285715599297226426e-12 -2.462800101949969469e-13 4.943594107642870863e-12 -2.146672094583556504e-12 -1.903180637736942352e-12 2.330184696529300763e-12 -1.051730971762946368e-12 1.612945187515343188e-12 1.371192740414522806e-11 1.072068923810637751e-12 -9.418072578973775054e-14
2.383009763468472518e-13 1.702123103312514429e-12 8.036981135676866264e-13 9.422416647443582804e-13 1.343496476370488091e-12 -1.203211176806483245e-12 2.878168883711446765e-12 -9.517118674970894173e-13 -3.068055289448736812e-12 -2.432136443815704658e-12 2.046072337837342390e-12 5.584744516619719394e-13 8.396380224640980938e-12 1.399541088153135969e-12 -2.825806873995353064e-12
-1.837680742750059871e-07 4.507791412560825028e-08 1.893293719598472902e-07 -5.703962878755551835e-08 -9.153098691141290701e-08 2.763808575014891676e-07 -3.364276514385928176e-07 3.031582625806831372e-07 -4.471815911266704014e-07 -1.654584908291865213e-07 2.061831672593226947e-07 -1.171368470698932739e-08 -4.683736879602802715e-08 8.407627311353255302e-08 6.051264068021778729e-08
-1.501214097055496453e-07 4.210753457336687155e-08 1.462346481535034722e-07 -1.054213749558823934e-07 1.603505976664030901e-08 2.175560525604229079e-07 -2.616353597354868130e-07 2.426654496010944928e-07 -2.760882825953070845e-07 -1.139898747706742471e-07 1.244479966346303458e-07 -7.992609685845321585e-08 1.216038227039754329e-07 -4.407588215095218918e-08 -6.677823791216085091e-08
-1.184131457487866805e-07 3.242944728853070147e-08 1.079827412156787371e-07 -1.155989869120408372e-07 6.837582173134778348e-08 1.642504383116927248e-07 -1.770148010103600004e-07 1.558413284783713043e-07 -1.558893876322536100e-07 -1.027544788081551888e-07 3.433622597622853298e-08 -1.282623158181901703e-07 1.735334699355245209e-07 -3.193053518895586885e-08 -9.399661449617961250e-08
-8.819835185887852709e-08 2.087455110401498662e-08 7.057691308804789631e-08 -1.066191333087242420e-07 8.516665127804435072e-08 1.136202765839123030e-07 -9.767663385868675797e-08 7.899700675861489474e-08 -7.469015206740993715e-08 -9.399276456296061346e-08 -3.770342410527221899e-08 -1.128257143102662781e-07 1.672606580305592363e-07 7.367661049737231371e-08 -7.905152936641256708e-08
-6.235709321250176001e-08 5.599262772874361734e-09 4.242585692055399685e-08 -7.776807045059577393e-08 7.034861581015458511e-08 7.851700838224737753e-08 -4.423251486850449828e-08 2.604242035671892344e-08 -3.598403613648442193e-08 -8.571144901686359867e-08 -5.719927519562186197e-08 -4.184423799548894450e-08 1.166688970403005117e-07 1.879101334410374817e-07 -3.360475327783553461e-08
-4.151296495592150523e-08 -9.294102608295708328e-09 1.993245971936215942e-08 -4.503272635092566632e-08 4.146340895776113387e-08 5.391122539339385887e-08 -9.260653855523656380e-09 4.470634745804210056e-09 -1.863942833373863078e-08 -9.815292386756910633e-08 -1.417711925100194993e-08 3.986628535281114212e-08 7.385474540846298757e-08 1.902004851710102957e-07 8.663540787144431958e-09
-2.579571876498035705e-08 -2.083560584274832232e-08 2.119928903194441451e-09 -1.855264978371224626e-08 1.345128822241359527e-08 3.669100117494409823e-08 4.862692952752251578e-09 2.571551711405051309e-09 -5.876462633403693251e-09 -1.252730469525872228e-07 3.375153853286664872e-08 7.617829597745412435e-08 3.933819015903518614e-08 1.127268700545892145e-07 6.950767535233080737e-09
-1.473088827332611737e-08 -2.647077636421018531e-08 -9.190132467716771020e-09 -2.396609410914330415e-09 -5.196658526407049181e-09 2.270586888080071896e-08 -2.278080030954181359e-09 4.469037809713195462e-09 -4.064681231427672526e-11 -1.199748839379775378e-07 3.342374633282840854e-08 6.908119413861904347e-08 1.834861723510196992e-08 5.228376009759766714e-08 -2.189680071423005604e-08
-7.526215263451039359e-09 -2.550526552403673637e-08 -1.344383203075520932e-08 4.050039216307120445e-09 -1.312556984696748200e-08 1.093245584942454909e-08 -1.152293403456703456e-08 2.883816999278260875e-09 1.168252261932381706e-09 -7.497179965050681464e-08 2.452602514315782796e-09 4.399292059727175330e-08 6.857863229195944721e-09 3.202118453844865875e-08 -3.430672417080326286e-08
-3.236588170256690898e-09 -2.030845759248542401e-08 -1.254540013583787896e-08 3.238059383935706756e-09 -1.326331290103758545e-08 2.644692634560523642e-09 -1.166428547281492864e-08 7.902276263418512912e-10 2.941046729900515820e-09 -2.824744911159913416e-08 -1.322597174373765600e-08 2.337010261899075307e-08 -2.371204361655679570e-09 2.199453444966366579e-08 -1.794327327444104224e-08
-9.851203611338927285e-10 -1.392385811791015986e-08 -9.178790700391011706e-09 4.359566763159996216e-10 -9.825466142846521382e-09 -7.719153628253097948e-10 -7.897334993113334699e-09 1.620861553272026860e-09 2.197269045474145705e-09 -3.149958125280871834e-10 -1.416651994440450571e-08 1.389241369193738697e-08 -1.044692907271748541e-08 1.082315411932779121e-08 1.163621119964665517e-09
-1.291350305835473906e-11 -8.369214834568065746e-09 -5.707584552449873698e-09 -8.305550018818632243e-10 -6.577148018404827320e-09 -7.785924190087065707e-10 -4.805933275338766007e-09 2.763579253503007172e-09 7.225184220065850654e-10 9.272129925866556777e-09 -1.089037034024794094e-08 5.685405806700503367e-09 -1.291777654904141448e-08 5.262301709001374090e-09 4.481119633071037205e-09
2.797875874115369924e-10 -4.315688938837788747e-09 -3.021536943651550668e-09 -9.101760305731481217e-10 -4.212315853351021684e-09 -1.355447763687379324e-10 -4.106605561973703212e-09 1.551199714903508814e-09 2.477784601145482935e-09 1.003194302565930320e-08 -5.976392100139723342e-09 3.475449084620489107e-10 -1.174783561683021635e-08 1.476001350065523341e-09 7.595345970371684795e-09
2.885533809086992757e-10 -1.708354714111103042e-09 -1.286693575896156032e-09 -5.810030079345239385e-10 -2.400109041259832636e-09 3.594352311891188673e-10 -3.394696698974272936e-09 6.336948838131450823e-10 2.921408502228810537e-09 6.542434396478748665e-09 -2.418232869601812621e-09 -1.811735588414757358e-09 -9.742499658190879845e-09 -5.242838895020087669e-10 6.009239881186285468e-09
2.216289534913097906e-10 -3.867792787469276443e-10 -4.019443155014912227e-10 -2.357712133720170871e-10 -1.049364811288648863e-09 3.575752396969177792e-10 -1.867338020270016728e-09 1.227794852739507626e-10 2.145459558882935862e-09 3.309054372595529902e-09 -3.365263398269110679e-11 -1.673351742136228790e-09 -6.833011261219234435e-09 -8.085086978211426067e-10 2.716337285647270022e-09
1.507600953490724041e-10 1.013626282814093561e-10 -7.828912858289677709e-11 -4.745912954720268852e-11 -2.725624518258913868e-10 1.038174362764972331e-10 -6.104059348807267090e-10 -2.618820831774273512e-11 1.249913551477307737e-09 1.330639984509490896e-09 8.831658158609916523e-10 -9.054114834436615148e-10 -4.275861310253999871e-09 -9.366117420268973493e-10 4.218509385831065047e-10
9.519485361556971703e-11 1.814736608407356350e-10 1.666255597178068105e-11 1.132978153239256028e-11 8.720007098484446368e-11 -1.132797273393986801e-10 -6.429253818771006386e-11 -9.616733536187652090e-11 7.871950536094762270e-10 2.811416030967871619e-10 7.751186277022106536e-10 -3.058935533935608441e-10 -2.141494594736866518e-09 -6.983866698127481861e-10 3.348573012235453864e-10
5.760320358870479827e-11 1.465240764976381403e-10 4.949036825507226453e-11 1.715901362843716857e-11 1.731989154549473538e-10 -1.576707179897172380e-10 5.709243604937326444e-11 -8.242276908784916642e-11 3.912092699394865594e-10 -1.133043360326236362e-10 3.884316767503486987e-10 -1.174725477133020496e-10 -7.220898274462109699e-10 -5.737750044495601451e-10 4.763394927212241760e-10
3.487734496112355706e-11 1.071769298059463333e-10 5.529421082188825053e-11 2.274171601173367883e-11 1.578759565885481503e-10 -9.475239048883374937e-11 9.955461370655972860e-11 -2.468272542465025241e-11 9.134124403583917578e-11 -1.306783725517798218e-10 8.146749596872667240e-11 -5.040130796982037421e-11 1.203563374874272496e-10 -4.446189319108161676e-10 8.912741788840675908e-11
2.136104460739081985e-11 7.808048824038507151e-11 4.489508115302172353e-11 2.691629071562890257e-11 1.086876810444350445e-10 -4.623215974392126236e-11 1.106033189815878719e-10 -7.062479668824156685e-12 -8.396178082329247928e-12 -7.758514160744952443e-11 5.747584880474936029e-11 -1.184436437504889083e-12 2.860581072155491715e-10 -3.574606988949926221e-10 2.182035423181877819e-11
1.286325854123796035e-11 5.180977342337091386e-11 3.054831241607484206e-11 1.759882506370647445e-11 3.999239918532532909e-11 -2.353479608567069331e-11 5.308599334430170460e-11 -1.103470499962949405e-11 -4.470529395632448634e-11 -3.718449163413275750e-11 -1.938215874610931637e-11 -5.218470712381282462e-11 1.547253529220986544e-10 -3.477107880579058965e-11 -3.496320364354874165e-11
7.150401006672559522e-12 3.334818636720411739e-11 1.810366447025165106e-11 1.119194794910157746e-11 1.488466302449192111e-11 -7.663667685100060334e-12 4.682018187994636760e-11 -7.109029539263013688e-12 -5.381190841810570664e-11 3.296150913957181610e-12 8.847901799514966130e-12 -1.911852852379996175e-11 1.576323632070332551e-10 4.697454460059078156e-12 -6.974727268967790785e-11
3.368659093669691575e-12 1.580221857054880387e-11 8.898551963901436420e-12 4.964517713435529788e-12 9.707070481264624124e-12 -6.985209312208664895e-13 1.124348182022473066e-11 -1.144181738844921794e-11 -2.897843851765490659e-11 4.843976953195662432e-13 5.144109326845998327e-13 -8.322082010675950395e-13 7.423635615388491710e-11 2.390236000463339237e-11 -6.472280957725775829e-11
1.435222837574525459e-12 7.835512089203496072e-12 4.533503692783937389e-12 1.692934772059824143e-12 6.429371039492389603e-12 -1.663041322638505685e-12 1.552332933858396029e-11 -2.653202622382429305e-12 -1.686551826470484631e-11 1.681232418457836495e-12 4.259739171769922424e-12 -2.638899463837633937e-12 3.820837092808851027e-11 5.205965762267735376e-12 -2.683115583568636265e-11
6.282902320457308602e-13 3.655765224379049037e-12 2.682603544069606075e-12 9.404205458303766650e-13 2.187056607931383568e-12 -2.611976328803622170e-13 4.896018645933346254e-12 -2.312968345943468153e-12 -1.262396226704900622e-12 2.977527795409957089e-12 -1.204892933096116882e-12 1.396450692625771649e-12 1.296919545282264631e-11 1.548582570756505017e-12 1.443669950029838499e-12
2.388993894289057942e-13 1.717959372213938087e-12 7.992324792284342339e-13 9.994376000320831960e-13 1.332875946971989607e-12 -1.333064049648732474e-12 2.964618713254591482e-12 -1.017804268950711665e-12 -3.064695062777360399e-12 -2.526904432318858311e-12 2.431382820518917962e-12 5.738222131281567742e-13 8.271713677353944989e-12 1.466933576858574806e-12 -2.331516611072551834e-12
-2.047122353128412884e-07 4.825938326058764330e-08 2.126094561600317161e-07 -7.385609317368664984e-08 -9.326634208406353933e-08 3.166734591025496339e-07 -3.610473731658623588e-07 3.221075269447790564e-07 -4.707106600113471938e-07 -1.626821600578704012e-07 1.899508135909082774e-07 -3.107905532045808501e-08 -1.224793109899200276e-07 1.356023973874050335e-07 3.114643800561339365e-08
-1.667941783369920200e-07 4.604967930113068717e-08 1.624495749496835916e-07 -1.280904485342772693e-07 2.675157416506917870e-08 2.480948438362139926e-07 -2.793090363671507470e-07 2.565898596808180985e-07 -2.781941049814476953e-07 -1.127375981098040947e-07 1.059519849876425767e-07 -9.809652201306947489e-08 9.393619357523672415e-08 -2.296744910041454886e-08 -9.216314929295063357e-08
-1.311195110833240853e-07 3.579193916919914998e-08 1.190016520901343681e-07 -1.363851716723767370e-07 8.270725008510732381e-08 1.827674889122502041e-07 -1.827284949709240216e-07 1.601004048706265147e-07 -1.461081893804654131e-07 -1.051984537105461631e-07 1.587964569486714757e-08 -1.431499729172972277e-07 1.649988890847493009e-07 -2.000490721443751082e-08 -9.261720862742985018e-08
-9.722445869249161862e-08 2.261124328564280767e-08 7.732837756486952415e-08 -1.219806472599461551e-07 9.771095905883930656e-08 1.226340694256340265e-07 -9.493629514942347613e-08 7.420036895474995597e-08 -6.207790894986307018e-08 -9.629527121630219143e-08 -5.691894546382262312e-08 -1.184543232650769262e-07 1.592972040867784981e-07 1.033550840035593400e-07 -6.701772544010548816e-08
-6.832926303529259760e-08 4.746041997867475543e-09 4.628068730301094128e-08 -8.604915793499005837e-08 7.752955137542537655e-08 8.406270499202954405e-08 -3.970525061036078888e-08 1.911401097013447374e-08 -3.039093264145819865e-08 -8.578677539369280444e-08 -7.130164661818936616e-08 -3.289766936041375474e-08 1.098602184628826631e-07 2.251130995711220503e-07 -1.441786865148472711e-08
-4.512880327551862211e-08 -1.247977335245143375e-08 2.098864955112780799e-08 -4.741121284463024061e-08 4.291397064775366307e-08 5.747696868514216932e-08 -4.155576299264746342e-09 2.293502463111676798e-11 -1.923346993944609950e-08 -1.018168609645022552e-07 -1.294121081497475924e-08 5.766681839729484593e-08 7.312353238779703789e-08 2.071870439922162587e-07 2.539323854648106142e-08
-2.773783306359384699e-08 -2.554891368205574594e-08 7.251255317735853509e-10 -1.789733780715009945e-08 1.143889963583584656e-08 3.924485459084732097e-08 8.433467846830875417e-09 1.946476899172425575e-09 -7.420616941910149851e-09 -1.354533194361978086e-07 4.206280824138224389e-08 8.844501793093909563e-08 3.537335298071569208e-08 1.123483067028664767e-07 1.442473432692791339e-08
-1.559561728193963456e-08 -3.132740717796436241e-08 -1.172553072862182516e-08 -9.312450163792290502e-10 -8.332588862872056655e-09 2.415746858517373680e-08 -3.312195222918960327e-09 5.274596386618189330e-09 -8.568667267569182306e-10 -1.293102134428749248e-07 3.790895134837575714e-08 7.478559994805870585e-08 1.608734913753883014e-08 4.885331567144864734e-08 -2.239684901832150478e-08
-7.777366329457766136e-09 -2.926273327077738125e-08 -1.581956495082084259e-08 5.040002476186891197e-09 -1.584703525509870660e-08 1.150139205652745753e-08 -1.475823782277570371e-08 3.529665692450851270e-09 1.171633917485198579e-09 -7.849090894194999852e-08 1.260356537021145879e-09 4.481696794644245742e-08 5.844844711607973292e-09 3.213506675096974039e-08 -3.587140213931640557e-08
-3.197929221936550353e-09 -2.263065228550996549e-08 -1.417839727309517193e-08 3.367675535648299662e-09 -1.489767061203349236e-08 2.638655175012249488e-09 -1.398870459544280776e-08 1.194905260057596111e-09 3.813817921823766788e-09 -2.769550741841429158e-08 -1.490844929621334865e-08 2.280059354245484438e-08 -2.860670101418331274e-09 2.233898917153725999e-08 -1.732430429987455926e-08
-8.599211515147119604e-10 -1.511141542890133212e-08 -1.009461869805445262e-08 1.526887370097823213e-10 -1.053959016762973146e-08 -8.166350495460674320e-10 -8.809760221519630185e-09 2.288043881505073123e-09 2.504406902387120704e-09 1.588343777183676665e-09 -1.593229010247737763e-08 1.403934230379148733e-08 -1.164887581506250143e-08 1.090127943929870491e-08 2.425932002978290197e-09
1.008762145675004459e-10 -8.861604527616331207e-09 -6.148192129492095615e-09 -1.015130700732415084e-09 -6.970457112115357756e-09 -7.817900569874778003e-10 -5.277646722364894211e-09 3.243007774228476303e-09 6.552804508645943786e-10 1.075249505930103130e-08 -1.198721525437122439e-08 5.866163918715051045e-09 -1.413978632649851182e-08 5.110371268732466971e-09 4.554839867971524836e-09
3.523872312967919596e-10 -4.426173083653189717e-09 -3.164438183326943215e-09 -1.011130316183734602e-09 -4.509611863040705711e-09 -1.367642346851417358e-10 -4.762875289482018161e-09 1.644374313460744545e-09 3.139894487360533196e-09 1.117989598850164168e-08 -6.295692811293745330e-09 2.542193261448310154e-10 -1.297089907392173664e-08 1.131757918274321813e-09 8.929196066101938047e-09
3.287241964686379826e-10 -1.630397474104280336e-09 -1.272726332607367379e-09 -6.055685286752174907e-10 -2.525137799615812191e-09 4.221429707140074649e-10 -3.730942257726101257e-09 6.840227130336904356e-10 3.258245904086837117e-09 6.912473060024934737e-09 -2.321931004558540629e-09 -2.096017074065331262e-09 -1.033506778056428276e-08 -5.894393811696793074e-10 6.202786043383894950e-09
2.438802719452133892e-10 -2.876756827870135078e-10 -3.624622693213534569e-10 -2.230410116956924557e-10 -1.058656930635482039e-09 3.800363200996115794e-10 -1.940215686772624743e-09 1.010119370393403566e-10 2.331774584214132258e-09 3.396749309725128614e-09 2.346146682933657673e-10 -1.823104044237670315e-09 -7.211446285523777635e-09 -9.537910881885017220e-10 2.528735403560870136e-09
1.626846482182220026e-10 1.696920567979789223e-10 -5.492204087896839798e-11 -3.496810384679314901e-11 -2.218292407965963320e-10 7.949725031986580478e-11 -5.394514015410053917e-10 -3.317193740851755049e-11 1.328295747307589086e-09 1.274217511505718361e-09 1.081860213272233166e-09 -9.263214051735172795e-10 -4.550772587795247841e-09 -1.006178702270468230e-09 3.337955995831216701e-10
1.012043152297254526e-10 2.138596202924124169e-10 2.992268853754630592e-11 1.469598204634151639e-11 1.346744301578406627e-10 -1.553065075433254019e-10 -2.188758846741320884e-11 -1.159355985613452309e-10 8.557922738497019609e-10 1.918775461197391299e-10 8.831124708948150406e-10 -3.226274177120552208e-10 -2.280877317364488562e-09 -7.286394729531816063e-10 3.883646980188024888e-10
6.084827401646871431e-11 1.634876034069135256e-10 6.129768465972251658e-11 2.098180337709787831e-11 2.107430006461076364e-10 -1.781422631505376295e-10 7.844501470271300284e-11 -8.719609370650533326e-11 3.948348994790065788e-10 -1.788633552542509650e-10 3.904797780181553669e-10 -1.004686196627749252e-10 -6.253163798793338613e-10 -6.478677876157916116e-10 4.898981463199178780e-10
3.687996740282508042e-11 1.175469898336615056e-10 6.346198962520228490e-11 2.930193273386293824e-11 1.812132717927894880e-10 -1.025653952051271680e-10 1.158978589409247059e-10 -2.317149526957722410e-11 6.795092320929946015e-11 -1.642354649340190909e-10 5.379376530111028461e-11 -3.922263672639869527e-11 2.221654488498858184e-10 -5.118823430111637420e-10 6.707775090210368178e-11
2.274032598389640382e-11 8.605180904118366195e-11 5.000118150612753634e-11 3.108329160595177558e-11 1.154257879555315529e-10 -4.735601319280873501e-11 1.224876861336782843e-10 -6.407496978908273077e-12 -2.519433930696232091e-11 -8.235205311849006319e-11 5.559282193221636738e-11 -3.415711849736464266e-13 3.315637710154311342e-10 -3.723268317996657239e-10 1.043542781542415621e-11
1.369416393988150643e-11 5.676307557400299086e-11 3.333316001815815704e-11 1.966428450451940272e-11 3.827992196545024532e-11 -2.408641133076954248e-11 5.947583047756279507e-11 -1.352317530105399597e-11 -5.724599975246945935e-11 -3.381600452113293618e-11 -1.738103283932757915e-11 -5.896711314846490803e-11 1.699950583332297466e-10 -1.195511583019257022e-11 -5.358386104673055736e-11
7.473775112499370419e-12 3.519893820034437818e-11 1.945497722757675927e-11 1.172301878902231845e-11 1.389121928322753605e-11 -8.301330750943424287e-12 5.089952886340558411e-11 -1.012372108068580670e-11 -6.061318717345745692e-11 7.677537206813857906e-12 9.244582849910854531e-12 -2.106414315678765523e-11 1.735549920499148931e-10 1.946588402573868819e-11 -7.358570877498793801e-11
3.393486272837213689e-12 1.584783940114724671e-11 8.960691718676160642e-12 5.048469806019927350e-12 9.777197119742636257e-12 -3.318530429285953485e-13 1.080400140152455406e-11 -1.178528517125598365e-11 -2.957681840299115766e-11 6.375054622112686113e-13 -3.423709017804684524e-13 -7.909655210943933829e-13 7.594083424740587120e-11 2.437746261847515299e-11 -6.778910918294110155e-11
1.437115260853630005e-12 7.828115376705919988e-12 4.540672342121307443e-12 1.636211385789155774e-12 6.570549306531778501e-12 -1.653027499993666743e-12 1.582192539860705691e-11 -2.615223647461713012e-12 -1.714559411595298247e-11 1.709425749588801053e-12 4.092708029415306647e-12 -2.721390506586929554e-12 3.830539601002904758e-11 4.980737474930053353e-12 -2.698652315941421021e-11
6.302019690381211903e-13 3.659674338801911173e-12 2.709183455733276013e-12 9.171423969964430164e-13 2.153903858460581567e-12 -2.648662259686028025e-13 4.864363244866940345e-12 -2.377276352545748156e-12 -1.006865333664318126e-12 3.216198768549087062e-12 -1.270657579849137500e-12 1.327517328086107925e-12 1.269683855262453041e-11 1.646618870220290778e-12 2.061897631428866877e-12
2.390319822827438552e-13 1.723748127292940143e-12 7.964795018303572988e-13 1.020037211788628884e-12 1.329727828295853477e-12 -1.380500763163474037e-12 2.997984230389602041e-12 -1.040045519705126262e-12 -3.062339891608435649e-12 -2.564493239122022383e-12 2.574556244026302902e-12 5.784698168807068729e-13 8.212419217841102194e-12 1.497995338757757821e-12 -2.159071035142755177e-12
-2.184651456935667380e-07 5.041029856610187907e-08 2.279093931036567710e-07 -8.495506981741967706e-08 -9.442785975226235655e-08 3.431976485176936142e-07 -3.773223598214082690e-07 3.344659069915252555e-07 -4.858885908067371406e-07 -1.607584860198891065e-07 1.796418162499138243e-07 -4.335355844659974637e-08 -1.711442676511707688e-07 1.688706841447957253e-07 1.218395579440482883e-08
-1.777465217953971500e-07 4.870035788507553020e-08 1.731231801572021142e-07 -1.429839885928618794e-07 3.378977701584050066e-08 2.681202295974332273e-07 -2.908518526922270173e-07 2.657029094501835270e-07 -2.794555890304487987e-07 -1.118463640017803223e-07 9.404092338371898803e-08 -1.097582889923424503e-07 7.601980504587339446e-08 -9.536702006461111669e-09 -1.085298596226005145e-07
-1.394675255982693888e-07 3.804457098334163441e-08 1.262562919946020869e-07 -1.500121105030468940e-07 9.211353743122471314e-08 1.948745359753058006e-07 -1.863919484427355874e-07 1.628921694455939950e-07 -1.397097191567474022e-07 -1.068003722179498520e-07 3.893075482041858210e-09 -1.529018688970550330e-07 1.592390006559823506e-07 -1.208597372464455898e-08 -9.165776811868775683e-08
-1.031552879871554191e-07 2.376518434103656807e-08 8.177260823953954886e-08 -1.320394996731247141e-07 1.059397244226559137e-07 1.285531295794544099e-07 -9.309920036463447830e-08 7.112670901931760756e-08 -5.392782839615577715e-08 -9.782413132091737293e-08 -6.952775190810780361e-08 -1.222403330608041592e-07 1.539403515060424603e-07 1.228290060928265950e-07 -5.928024793604577498e-08
-7.225346565702511151e-08 4.179973363757782744e-09 4.880793052351066542e-08 -9.146400055993386044e-08 8.223251778964710113e-08 8.770250491141945723e-08 -3.673743915550851685e-08 1.460606934663780198e-08 -2.683960935761172378e-08 -8.590667376655912086e-08 -8.046840730955356097e-08 -2.706306427413015582e-08 1.054438659352590928e-07 2.492356856611984099e-07 -2.081725601205719399e-09
-4.750450823975155361e-08 -1.458233701478220827e-08 2.167275499824962915e-08 -4.897092897958459628e-08 4.387375007452762923e-08 5.980726945441984587e-08 -8.103518702347774895e-10 -2.885153529341088932e-09 -1.966843975655814421e-08 -1.042462885133933050e-07 -1.214828405295157998e-08 6.925710168099073807e-08 7.245581236390150407e-08 2.182965658388045478e-07 3.627655954207516859e-08
-2.901376468793441639e-08 -2.865047592553952860e-08 -1.954733047565846948e-10 -1.747076351491103611e-08 1.012500629143548281e-08 4.091968085790443882e-08 1.075262952147800410e-08 1.535931290762721992e-09 -8.441886733496221346e-09 -1.421208763955041207e-07 4.745501102222628743e-08 9.645665179743901533e-08 3.272494576142720763e-08 1.122212887398089609e-07 1.933048040252836620e-08
-1.616365355866427976e-08 -3.451721315745545986e-08 -1.338920900315010769e-08 2.479080213515220673e-11 -1.038812001886860882e-08 2.511817632989156964e-08 -3.991426710640020415e-09 5.800763152489854906e-09 -1.381951700009642955e-09 -1.354355649167278530e-07 4.082950142918097875e-08 7.852534651056182222e-08 1.459114449217411321e-08 4.665299381454562260e-08 -2.266690581550918004e-08
-7.942331894295665715e-09 -3.172883654184600336e-08 -1.737761131745427392e-08 5.689685000697194642e-09 -1.762995688699544777e-08 1.187357130035028946e-08 -1.687807506533159968e-08 3.951092056783854287e-09 1.186045591712584663e-09 -8.080949336176822921e-08 4.864248922245147243e-10 4.537422568438463726e-08 5.174776820223426127e-09 3.220515595860822588e-08 -3.687391938329432714e-08
-3.172622005054623583e-09 -2.415585353475566037e-08 -1.525017602327189018e-08 3.453767285100907721e-09 -1.597026471993000372e-08 2.637151064747609231e-09 -1.550876702463266633e-08 1.462117718079003194e-09 4.385626781992024633e-09 -2.733474593566012975e-08 -1.602142687084619509e-08 2.243298277593897787e-08 -3.175087669802883072e-09 2.256085413628682939e-08 -1.691715454096465721e-08
-7.777161830034887933e-10 -1.589227936456277592e-08 -1.069678399573465018e-08 -3.166271120648398284e-11 -1.101010991862816789e-08 -8.473229936739311775e-10 -9.405875106540482238e-09 2.723836536276307370e-09 2.702041283138387994e-09 2.833556985689160146e-09 -1.709076468706673011e-08 1.414164143085682298e-08 -1.243609494809688999e-08 1.095043074336211343e-08 3.244208317770858130e-09
1.755730447027497398e-10 -9.185857728812470540e-09 -6.438148823485928794e-09 -1.136867485939558360e-09 -7.230638056177270625e-09 -7.847764111010940135e-10 -5.594187535405525268e-09 3.557338555248313329e-09 6.193474843891987733e-10 1.173107809039728777e-08 -1.270649256846897813e-08 5.979181203605581023e-09 -1.494990969537844682e-08 5.009538379882399186e-09 4.627845795698539844e-09
4.001089677608980162e-10 -4.498474142567902713e-09 -3.258072915302580971e-09 -1.077650811693569985e-09 -4.704035862692756602e-09 -1.367206216810813463e-10 -5.190866061272561238e-09 1.707287699420055293e-09 3.567888988830421228e-09 1.193197275594134319e-08 -6.505756922517798416e-09 1.943211784045532828e-10 -1.376567060661161149e-08 9.100324390739972797e-10 9.785612485173819482e-09
3.551586800923138267e-10 -1.579576488890577004e-09 -1.263868527340061326e-09 -6.218526607159814182e-10 -2.607789368382291182e-09 4.633112496338817556e-10 -3.953007640603567237e-09 7.162022838273298400e-10 3.482290398369749125e-09 7.157201850620813760e-09 -2.260214387628801066e-09 -2.285879819210831639e-09 -1.073132711384254527e-08 -6.337331800099732576e-10 6.333239498186055561e-09
2.585082374907253679e-10 -2.224168731884916791e-10 -3.365256979212982737e-10 -2.146238098442513710e-10 -1.064113993555091526e-09 3.947780247666370429e-10 -1.986737656727273168e-09 8.719568839878365585e-11 2.452894911841968216e-09 3.453940690044337439e-09 4.111026213510931291e-10 -1.918533423384384584e-09 -7.458116447721980568e-09 -1.048824833812392014e-09 2.406688125128349388e-09
1.705152643070693758e-10 2.144692472943042658e-10 -3.955449983134718043e-11 -2.683463536050848775e-11 -1.889813299657260897e-10 6.329593365345779648e-11 -4.941051252816752230e-10 -3.833217598909461323e-11 1.381353827627661195e-09 1.237446223160058880e-09 1.212804357915895465e-09 -9.415309881969170978e-10 -4.732980310292497126e-09 -1.052133416001314516e-09 2.776278960040868173e-10
1.051563432051891730e-10 2.352092398790385699e-10 3.868497806258038829e-11 1.699386984020377481e-11 1.660265389881482270e-10 -1.825790363370473975e-10 6.271995698266031400e-12 -1.283399654488758331e-10 8.999288139154485589e-10 1.331284197141766597e-10 9.534136198486796266e-10 -3.330993487329851913e-10 -2.370274331359699204e-09 -7.492913883723349880e-10 4.215156220724063000e-10
6.298249592124872698e-11 1.746217923838033394e-10 6.904232999566070331e-11 2.353666762749293007e-11 2.354526368197533530e-10 -1.918221731487626143e-10 9.265224807927725163e-11 -9.066426149334376294e-11 3.974255563986651097e-10 -2.219217639425677951e-10 3.921689975416253644e-10 -8.908853806602096381e-11 -5.622921716709638547e-10 -6.967097307264774764e-10 4.997570082778690637e-10
3.819856899745863206e-11 1.243743249147432584e-10 6.881822774137920201e-11 3.356874804546892392e-11 1.964129094714753611e-10 -1.076123371458379541e-10 1.264589208199363381e-10 -2.204445666915371730e-11 5.267119391602030266e-11 -1.861609702928948945e-10 3.586874247347505368e-11 -3.225819146162692978e-11 2.884422421177301122e-10 -5.555651014565089954e-10 5.258511672932730543e-11
2.364665162264845693e-11 9.129270171899791641e-11 5.336363535058659095e-11 3.381076277128586454e-11 1.199129057715170629e-10 -4.812786329864100400e-11 1.303759600547923539e-10 -6.041980639571412153e-12 -3.628912244544979635e-11 -8.556853431776555710e-11 5.424489214549344887e-11 2.555002319546350004e-13 3.617637163286393738e-10 -3.819787626353458527e-10 2.850003272521750371e-12
1.423867762494251328e-11 6.000786358077199521e-11 3.516961072013496998e-11 2.101880369632205750e-11 3.716707760582668510e-11 -2.444427626772442871e-11 6.366041856790184347e-11 -1.515601041269710607e-11 -6.545354890850100715e-11 -3.157104484533076690e-11 -1.616831710944377429e-11 -6.341349752783092804e-11 1.801653455671808965e-10 2.833270958437897213e-12 -6.571954927112525921e-11
7.685237678974179103e-12 3.641745547838998084e-11 2.033210897216193615e-11 1.207927340813507013e-11 1.324811641194508363e-11 -8.712383342341841523e-12 5.356219708018327168e-11 -1.207164101475166987e-11 -6.508675506038591579e-11 1.048051743078728311e-11 9.535288222573071510e-12 -2.229240078025835025e-11 1.838950555960733559e-10 2.908653710727163260e-11 -7.620248159809962076e-11
3.411035219049798285e-12 1.588660052654093497e-11 9.010029407139230054e-12 5.105295242905400073e-12 9.812787406187276598e-12 -9.538455483501246806e-14 1.052810057999495221e-11 -1.202803859891130239e-11 -2.996930991939100057e-11 7.772799930791650983e-13 -8.784497145211761375e-13 -7.916986180447199396e-13 7.709856352892863719e-11 2.477640786647795137e-11 -6.978089876419504025e-11
1.437842619825908287e-12 7.820804503288491391e-12 4.542879403301737643e-12 1.598412700536346247e-12 6.663045111825018170e-12 -1.645512445734381571e-12 1.601805147667144165e-11 -2.586242046477347223e-12 -1.733844630934145060e-11 1.717731388182683898e-12 3.991894434705467240e-12 -2.758931825900185039e-12 3.835591413876968453e-11 4.827224361016611714e-12 -2.710697856210334837e-11
6.315071023806590680e-13 3.662629926681739441e-12 2.727532154117880603e-12 9.012086239251404568e-13 2.133713047937409741e-12 -2.683866656247672284e-13 4.850177151508143531e-12 -2.422417578019503581e-12 -8.415031612312878116e-13 3.372570723340868402e-12 -1.328534374659384246e-12 1.269444029703978226e-12 1.254063382233195422e-11 1.723228884655447328e-12 2.470375074911402217e-12
2.389726471868005456e-13 1.726286128207226513e-12 7.939226246943462769e-13 1.033622819002557066e-12 1.328256651649768032e-12 -1.411033326825682929e-12 3.015861604691925298e-12 -1.052360334830435893e-12 -3.057301730020990453e-12 -2.588494435429692283e-12 2.668675861674554456e-12 5.871822677387014485e-13 8.167163846329079382e-12 1.506888659153657684e-12 -2.039457403440665017e-12
-2.315886484535037332e-07 5.243731016212757992e-08 2.424714017709718502e-07 -9.553490178829092090e-08 -9.553629326193245189e-08 3.684231558201450207e-07 -3.927579712643907759e-07 3.462225493920189922e-07 -5.002735969770902378e-07 -1.588855422673546641e-07 1.697577498657585890e-07 -5.505196796633556088e-08 -2.175704425081736818e-07 2.005231532549089811e-07 -5.961299379025677408e-09
-1.881920416378720957e-07 5.120049727305909463e-08 1.832746669464080548e-07 -1.571852010169847068e-07 4.049251796235737530e-08 2.871577626605051417e-07 -3.018143195511808801e-07 2.743691795210194693e-07 -2.806048475353285462e-07 -1.109923443014837050e-07 8.262654959181302092e-08 -1.208840590741417613e-07 5.886260776584859089e-08 3.305793788387693614e-09 -1.241516527255373145e-07
-1.474254992358053651e-07 4.016301572978334644e-08 1.331509403930891904e-07 -1.630059883614184568e-07 1.010671561808083654e-07 2.063932436752010331e-07 -1.898680460745999896e-07 1.655256797832330455e-07 -1.335876554772155409e-07 -1.083554107158316315e-07 -7.588384063756274003e-09 -1.622049229192583851e-07 1.536853638134059867e-07 -4.518615188814510112e-09 -9.077348446541942881e-08
-1.088063175583435520e-07 2.483991835745243644e-08 8.599243352997237091e-08 -1.416280768048579993e-07 1.137687305869250155e-07 1.341862396213171970e-07 -9.133770868146470738e-08 6.816996092838139076e-08 -4.614884106367565296e-08 -9.931347196781198259e-08 -8.155650122636817550e-08 -1.258316365056401969e-07 1.488115886383634793e-07 1.413618527034043080e-07 -5.186517881761946880e-08
-7.599076951964055625e-08 3.622190125088793205e-09 5.120520156258994186e-08 -9.662252534471709301e-08 8.670239065543516958e-08 9.116757911476988820e-08 -3.389421590604631305e-08 1.029406855269150567e-08 -2.344031042781381886e-08 -8.603769364066598644e-08 -8.919478365568562957e-08 -2.148533030909638399e-08 1.012119289417720970e-07 2.722202578753965512e-07 9.736482487494961677e-09
-4.976591602372689180e-08 -1.659743577970242668e-08 2.231747101102977371e-08 -5.045359591839859943e-08 4.477763792200447442e-08 6.203029669273256371e-08 2.385503406353860418e-09 -5.652026201650400685e-09 -2.007203492012775495e-08 -1.065623383221529343e-07 -1.137782350934256763e-08 8.032290564373353564e-08 7.183834902017192407e-08 2.288792990164581615e-07 4.668747940086066196e-08
-3.022755281785912139e-08 -3.161168200863401527e-08 -1.076789292652176689e-09 -1.706127823309733502e-08 8.865436507204528549e-09 4.251951186415108528e-08 1.295847076838537585e-08 1.157039662161018763e-09 -9.409131639171092255e-09 -1.484709122902253887e-07 5.260936056868654580e-08 1.040987062678494768e-07 3.024502810409770174e-08 1.120663614089661334e-07 2.402009986814853347e-08
-1.670350485714476630e-08 -3.755819638984631260e-08 -1.497645632796995049e-08 9.364221589117329219e-10 -1.234913751033726727e-08 2.603438142493560362e-08 -4.648366020295268116e-09 6.311951227946703838e-09 -1.881094797217759858e-09 -1.412605255101244883e-07 4.360645725127579492e-08 8.207833866263837190e-08 1.317719890945670597e-08 4.454154095021467768e-08 -2.294807093131252092e-08
-8.098704768035667019e-09 -3.407788514443705299e-08 -1.886274554823572204e-08 6.307291923017612688e-09 -1.932802599541693413e-08 1.222985716250201203e-08 -1.890631946056673348e-08 4.355397932688475705e-09 1.199116841110823819e-09 -8.300566053592595773e-08 -2.640678187726819920e-10 4.588611152680459473e-08 4.531789436337932988e-09 3.227009220879178184e-08 -3.783672023165322096e-08
-3.148154169500581740e-09 -2.560676234601117804e-08 -1.627070643361702670e-08 3.533330907200661533e-09 -1.699082268767305124e-08 2.636572048172911425e-09 -1.695888729517812465e-08 1.717089037829052050e-09 4.925788489834356566e-09 -2.698674882560971497e-08 -1.708814014554971013e-08 2.207884728302035571e-08 -3.480089060966293443e-09 2.278021344690869921e-08 -1.653816552931754448e-08
-6.993273875559208194e-10 -1.663417795681364708e-08 -1.126931460583541103e-08 -2.081046655975451759e-10 -1.145708108599372523e-08 -8.767057430804355024e-10 -9.974463647192701441e-09 3.139371482239479904e-09 2.890956227129026980e-09 4.018019678096735133e-09 -1.818867079407253215e-08 1.424019249456383414e-08 -1.318687458150655988e-08 1.099450932398695822e-08 4.035863297094174041e-09
2.466723799953110656e-10 -9.493359886999890477e-09 -6.713457672609016427e-09 -1.252306324169278700e-09 -7.477677907308325093e-09 -7.871895557878055031e-10 -5.894920015877086810e-09 3.857243739234354514e-09 5.845143033204161025e-10 1.266069888854810296e-08 -1.338752439784693599e-08 6.092300591897851853e-09 -1.571539927580902887e-08 4.912672603674104417e-09 4.687412727913298362e-09
4.454885550008039200e-10 -4.567014371390321614e-09 -3.346866407088194766e-09 -1.140450900450066287e-09 -4.889029888582117870e-09 -1.370991551728816079e-10 -5.598135271583244049e-09 1.766959877382834198e-09 3.977497802753487067e-09 1.264682414239423810e-08 -6.706462062110981979e-09 1.357962343172753049e-10 -1.452245752714857678e-08 7.013080784744269280e-10 1.060513644430527440e-08
3.802776036297413860e-10 -1.530872873965022513e-09 -1.255318764078101565e-09 -6.375753455535379227e-10 -2.686337246050533110e-09 5.025267031402777718e-10 -4.164705777083531976e-09 7.463826692919887800e-10 3.696748654123150484e-09 7.390392116002605941e-09 -2.198668545703302302e-09 -2.466121329004958891e-09 -1.111031534500249932e-08 -6.770966894391046549e-10 6.459635075273290052e-09
2.724161121297728048e-10 -1.601652615856686881e-10 -3.117324068800118356e-10 -2.067468396962724315e-10 -1.069098011002614025e-09 4.088927968331539499e-10 -2.030521677635164840e-09 7.415181556438954996e-11 2.566830254831344816e-09 3.507148449684274005e-09 5.786346047195927374e-10 -2.009646375412472026e-09 -7.692448345943445205e-09 -1.137584492269514208e-09 2.287986271246792593e-09
1.779639544839943558e-10 2.571088658690259886e-10 -2.497097846755293719e-11 -1.902352872971778574e-11 -1.575576954444070660e-10 4.792943264399617770e-11 -4.503005549844078804e-10 -4.296080022978348713e-11 1.431299104335771542e-09 1.202375858365307788e-09 1.336733644392024936e-09 -9.568401672472081744e-10 -4.906750012849897856e-09 -1.096585221202167890e-09 2.205920353856901532e-10
1.089186062930240599e-10 2.554642188279756957e-10 4.700837845498614173e-11 1.932274558482535159e-11 1.959094798427874315e-10 -2.088382308773995218e-10 3.308014821411575186e-11 -1.407066030204542976e-10 9.420914153943635237e-10 7.701949138587253690e-11 1.020430195161070575e-09 -3.408825257969873766e-10 -2.454587702558865844e-09 -7.688974336459766312e-10 4.557691323047288494e-10
6.501182921416351597e-11 1.851640919493519577e-10 7.641288336704435031e-11 2.591802561129171033e-11 2.587645171154671595e-10 -2.047297697233951555e-10 1.057479198237468734e-10 -9.367893923809850581e-11 4.003320808451169005e-10 -2.627735320531313207e-10 3.938718232715331302e-10 -7.960705029116409903e-11 -5.036830077691370355e-10 -7.430915480511854757e-10 5.097113515595703665e-10
3.945574776745438464e-11 1.308863571316896710e-10 7.393348278824643974e-11 3.764083567828838919e-11 2.109871676688657520e-10 -1.124523423900199674e-10 1.368299338116087187e-10 -2.108914466608554221e-11 3.762430340684724388e-11 -2.070934938525837678e-10 1.859269694218584931e-11 -2.523656048359094994e-11 3.527020964215363090e-10 -5.971675410233387588e-10 3.771531831460375287e-11
2.451230189673832865e-11 9.626676161538170679e-11 5.655367188597845939e-11 3.642105742402353998e-11 1.241259063802531608e-10 -4.880650394784893979e-11 1.378388077379568294e-10 -5.564898136016481037e-12 -4.683864602656065018e-11 -8.840929880032045882e-11 5.292118990956518232e-11 7.191217447804978774e-13 3.905400974278121007e-10 -3.914143072114093027e-10 -4.110072176125434677e-12
1.475866664390570831e-11 6.308692067093714644e-11 3.689847967352755906e-11 2.229759618976435891e-11 3.610948834207315617e-11 -2.481598206217575956e-11 6.761483116584630388e-11 -1.677750388450355254e-11 -7.322478578100914507e-11 -2.948231905829042798e-11 -1.495375169718245637e-11 -6.762931720659799005e-11 1.894856359041612751e-10 1.720167695193800312e-11 -7.714880941685497221e-11
7.886603135800577357e-12 3.758128247624750368e-11 2.117856915679995234e-11 1.241150825499672393e-11 1.261489864045797032e-11 -9.083901779859318059e-12 5.604514012408832550e-11 -1.391943702172887813e-11 -6.925725143591298815e-11 1.320924485052630895e-11 9.877337103309969621e-12 -2.355612066343470761e-11 1.937413461353590692e-10 3.816985062659998958e-11 -7.866143830863905769e-11
3.427554559000392779e-12 1.592279405367592659e-11 9.057283672064788831e-12 5.160614944663505862e-12 9.859983919110582285e-12 1.198285521185302648e-13 1.026840576497179242e-11 -1.227690971169133349e-11 -3.039926729787333807e-11 8.663294531056341514e-13 -1.475582820680034180e-12 -7.305370306659457004e-13 7.829213559608914210e-11 2.515713616005036377e-11 -7.173070719117890900e-11
1.438424451053930678e-12 7.816164498285163573e-12 4.545310674090058243e-12 1.564004288875794271e-12 6.755580989683762414e-12 -1.633085050812584421e-12 1.621467924535135452e-11 -2.545038548001695419e-12 -1.749664047924534730e-11 1.728255139639396802e-12 3.895014685860009281e-12 -2.816101714323431475e-12 3.840678293218035719e-11 4.630396119426744127e-12 -2.723220301436467426e-11
6.329166840308510594e-13 3.665930900776720602e-12 2.744251884275458549e-12 8.874780413785545211e-13 2.110598721173468529e-12 -2.741167985285662714e-13 4.831510727757816823e-12 -2.465279949811713159e-12 -6.870738837789510790e-13 3.529301371338036191e-12 -1.350440226427859522e-12 1.238140685175617436e-12 1.235565417300996597e-11 1.812426040151817772e-12 2.868712102095429641e-12
2.390144226632177868e-13 1.729573415510412789e-12 7.918297488422207084e-13 1.044960259231819065e-12 1.324646758514334186e-12 -1.441527061137011266e-12 3.036937835610341985e-12 -1.069984724832348051e-12 -3.052064310229619731e-12 -2.613585523126898188e-12 2.762198257662043438e-12 5.789091992275394718e-13 8.105088826989751741e-12 1.543227550379140211e-12 -1.925526825966085119e-12
-3.748598330760480864e-07 1.568677380904849643e-08 2.997626954472977849e-07 -2.089035677246014220e-07 -8.868846447099811860e-08 4.322299017673945503e-07 -3.220419260039345630e-07 2.859415372156697771e-07 -1.710434948761215116e-07 -1.499000178217508346e-07 1.663099721412107578e-08 6.255878691167880866e-08 -2.814427944861889524e-07 3.013392433240081322e-07 -9.003382720356416103e-09
-2.879226104507838322e-07 1.427606805358669246e-08 2.085081209176813071e-07 -2.867576687883776289e-07 8.726682176609375679e-08 2.811262393434715348e-07 -2.179279316616350430e-07 2.316712421223572591e-07 -1.312301729511645967e-08 -1.885725090223918680e-07 -1.662959934585830785e-08 -4.613369129862575248e-08 -6.125731428144863161e-08 6.492257557101741323e-08 3.011582991760001472e-08
-2.130533049223482446e-07 -8.504067115980685534e-09 1.406616623980763525e-07 -2.570422809642069221e-07 1.381483920139309588e-07 1.915566154980419849e-07 -8.872211595390301371e-08 7.922265249350172616e-08 2.025171141996204758e-08 -2.249245942712147554e-07 -7.107748514574813293e-08 -1.047567250988257936e-07 1.838483741607024984e-08 8.125434583031341850e-08 6.729365250181651874e-08
-1.475830580511514767e-07 -3.254894015337196118e-08 8.013838383656717921e-08 -1.935537751165643249e-07 1.265327561715741737e-07 1.429972808855966664e-07 -1.763645860542586195e-08 2.434484268147610340e-09 -6.739244041053239344e-09 -1.477983933707481811e-07 -1.144233267672172540e-07 -3.808756189319685732e-08 7.416766149755068092e-08 2.342817124811847206e-07 4.540756577424597904e-08
-9.626566244843224027e-08 -5.499362941812952291e-08 3.581559416823848885e-08 -1.115681264010344232e-07 7.200584928549339244e-08 1.129203197485335244e-07 1.244605547583627643e-08 -6.037547015084216231e-09 -4.955808906774664610e-08 -7.109985417346248216e-08 -6.956057219610146065e-08 8.271503096870296951e-08 9.505734649601733220e-08 2.807789723822869134e-07 8.149742591359557387e-08
-5.834047019646349777e-08 -6.868227721636451263e-08 -7.941552338311162945e-10 -4.822903305720447783e-08 1.848376097404732924e-08 8.724628989528930298e-08 2.501567704388536272e-08 1.705389858136911905e-08 -3.995879421933456389e-08 -9.156411394086021437e-08 2.060869081687006088e-08 1.195659368581741630e-07 4.017343134951127803e-08 1.904513615985602544e-07 7.579882121665227589e-08
-3.231933956583652301e-08 -7.161477252983536409e-08 -2.354012213445828818e-08 -1.393650489426994652e-08 -1.514653446589194735e-08 6.507736924460958530e-08 -5.594392812780482077e-09 2.859936259294749116e-08 -1.058552009959026817e-08 -1.540568230876615383e-07 6.164411477622862533e-08 9.412383769285960408e-08 6.769204792260143834e-10 7.725393969810331497e-08 3.837075683171503296e-08
-1.586254411420930171e-08 -6.166341674628477188e-08 -3.082644600921058079e-08 9.050131744846137863e-10 -2.757871408681784943e-08 3.952832576672479667e-08 -4.350936410452585714e-08 2.113145721224531304e-08 3.254202909831669706e-09 -1.409202881303910406e-07 2.480555200912880498e-08 6.384555612549338938e-08 1.663453325468801825e-09 3.779788844752184668e-08 -1.810126825556666553e-08
-6.438843899650319808e-09 -4.535459511909368414e-08 -2.775003626020393077e-08 3.813687581976824625e-09 -2.626034417080500316e-08 1.813455017857897565e-08 -4.399399842315421097e-08 1.226573783779584219e-08 5.356036002348814929e-09 -7.714709151416099817e-08 -1.956345280853667593e-08 2.951385249063642109e-08 -3.917528699949941733e-09 3.831465339396233062e-08 -3.304636004383104916e-08
-1.702050720380026659e-09 -2.940366722250139012e-08 -2.040636634856049831e-08 8.162597276000782123e-10 -1.877686871634419504e-08 4.464519929513857790e-09 -2.546256119703492496e-08 6.634194042111184153e-09 6.758781339725680723e-09 -1.850780887194271157e-08 -2.744278437821426997e-08 2.285119241073016281e-08 -1.203160350365418200e-08 2.104085744213193875e-08 -1.153729806875561652e-08
2.208859044289091613e-10 -1.707758703008520060e-08 -1.278493321691396769e-08 -9.924092290441921520e-10 -1.257466532564445447e-08 -1.082936685859368075e-09 -1.306703289588964297e-08 6.871793887969801060e-09 1.610928279773963311e-09 9.921782679410647032e-09 -2.519779843948283972e-08 2.117113932279288355e-08 -2.249737112277480390e-08 1.030110195599434725e-08 2.987514506885711922e-09
7.193065647953568313e-10 -8.613487402244442714e-09 -6.740151783504718971e-09 -1.212226329877327098e-09 -8.951362000376717706e-09 -1.321579669739971513e-09 -9.655672302365199218e-09 4.172565268778645096e-09 3.963135538023064817e-09 1.797531580001882852e-08 -1.310557120005449035e-08 8.296651768166506311e-09 -2.270264295908760742e-08 1.864775187027993126e-09 7.757660079102504293e-09
6.620978392982142947e-10 -3.343599589228713167e-09 -2.735546907011796199e-09 -1.041778582936800103e-09 -5.462970266528317974e-09 -3.585090394265476309e-10 -7.180032753400226945e-09 1.496141842457112808e-09 7.038267704866974414e-09 1.404951450062513265e-08 -4.822980418027312829e-09 -1.086530178871217286e-09 -1.761584191777185430e-08 1.206380109819866324e-09 1.297335767854638720e-08
4.919122873321265023e-10 -6.263986438561248012e-10 -7.840773921072470573e-10 -4.370545141789027397e-10 -2.373545473333874760e-09 3.896029436127472510e-10 -3.691273155512901100e-09 5.330744037707134280e-10 4.206112406095677574e-09 6.564637284738956678e-09 3.062594967356881852e-10 -3.522162817566013928e-09 -1.268123382069455142e-08 -1.070555946819004808e-09 3.946991221938873193e-09
3.326824315235375469e-10 2.980942199770398262e-10 -1.003445349690035908e-10 -6.422835782112320352e-11 -5.016677525324374252e-10 4.734140636682778174e-11 -1.176669525089957013e-09 -9.101458201140771210e-11 3.021513655481406801e-09 2.727021738664077104e-09 2.148933806092750500e-09 -1.923465144964609036e-09 -9.155898883313527301e-09 -1.853374084273650099e-09 2.459856132390981018e-09
2.088822931171569302e-10 4.428315196846707461e-10 7.366941602005431040e-11 2.769971755529046184e-11 2.679386707713211338e-10 -2.709002030555054836e-10 -3.643477993978707113e-11 -1.273005305703251849e-10 1.584785419616726207e-09 3.468110835136117975e-10 1.700516984343770889e-09 -9.853734871363556401e-10 -5.494833918109762667e-09 -1.289846070843014210e-09 6.643947180443251603e-10
1.271665505482475786e-10 3.428481578657765495e-10 1.370751918565505159e-10 6.348929906831293820e-11 4.328928960646599931e-10 -3.386828348315240683e-10 1.327230322223393508e-10 -2.142691897180649601e-10 8.403570200152890302e-10 -3.464445998316897486e-10 8.945240137127272891e-10 -2.771961605565974165e-10 -1.614087525521450102e-09 -1.268526779076714535e-09 5.234318155665297361e-10
7.746355212872202625e-11 2.557552755861737833e-10 1.391223818790213186e-10 8.277006491593707966e-11 3.782155058804660336e-10 -2.210618252287372018e-10 1.960116572067128975e-10 -8.562887990881917562e-11 1.098294737979524149e-10 -4.161526000661969449e-10 1.505896941784596271e-10 1.949824998624039501e-11 4.903021137478073346e-10 -1.099049984507905373e-09 3.100281965482016791e-10
4.767508656553494243e-11 1.787132348037774388e-10 1.019740465093462920e-10 7.136704539994610592e-11 2.086011246377197642e-10 -1.109990459641482957e-10 1.763275447252472273e-10 -3.651489528734373955e-11 -1.246087672712929998e-10 -1.792173983022583742e-10 -3.535460884555901177e-11 -7.863542995554163781e-11 5.047821542670521880e-10 -4.814849437218883704e-10 -9.811877822392451118e-11
2.885024367235825509e-11 1.247387731540494738e-10 7.131926857228247347e-11 4.302420968323518875e-11 9.897181264468892495e-11 -4.670187702228946930e-11 1.870147117784376196e-10 -2.745253383382993427e-11 -1.229059324394591871e-10 -3.101392426570779796e-11 1.131525453818789486e-10 -4.838359919143240763e-11 4.819769144181706006e-10 -1.491934169701885195e-10 -8.582018135977317481e-11
1.568855618765424189e-11 6.753814701444530387e-11 4.186072033867943431e-11 2.222703749601945133e-11 2.525507733308580634e-11 -2.852371045061331898e-11 8.547862220571346372e-11 -3.633022506902138447e-11 -9.955182146650571484e-11 4.326875017085274369e-12 -1.573676928259600500e-11 -8.468438574591372653e-11 2.457491899316987813e-10 1.159895160014575149e-10 -1.069158067168154093e-10
7.414090624676495159e-12 3.455700516521774474e-11 2.005855528516210790e-11 1.044226205643830895e-11 1.281651465309402076e-11 -9.841727886669574786e-12 5.376095797191548066e-11 -1.581580572486432763e-11 -6.263375733215695846e-11 1.582673652765933486e-11 8.904289946177032317e-12 -1.932753574792630367e-11 1.976366131819050866e-10 2.292894091260908037e-11 -5.715524100560041875e-11
3.138787554846591762e-12 1.421591303285407253e-11 7.501653751901143566e-12 5.099802223407429542e-12 1.118175994143860814e-11 2.120719087713628837e-12 4.693340153381261059e-12 -8.053458157842378258e-12 -2.332616464896210754e-11 -5.126239742114955774e-12 -3.051071222705120418e-12 2.300873681819918126e-12 6.312405865322107963e-11 7.238761676208832278e-12 -7.580283802356758674e-11
1.456903987022835796e-12 7.908310705590003230e-12 4.606558357896011238e-12 1.380025276154540598e-12 6.846233220697395249e-12 -1.783942515423259320e-12 1.690770459956057905e-11 -2.752926959183268607e-12 -1.835012121092617909e-11 1.976367193961557283e-12 3.243400210226604971e-12 -3.396035972007123457e-12 3.871106768020553608e-11 6.760190379997121178e-12 -2.687466043098023588e-11
6.330023538460500422e-13 3.652038074054147602e-12 2.750724203265088892e-12 8.904261270990149888e-13 2.072560952695648683e-12 -3.062331762268532050e-13 4.863582144824287883e-12 -2.440882045665726634e-12 -4.434342263943418919e-13 3.837802456076535287e-12 -1.117468150257866918e-12 1.300715715904133457e-12 1.172473578778062907e-11 1.906005914754800178e-12 3.787535561814019379e-12
2.392343977348326334e-13 1.734584965839594809e-12 7.953474993126892570e-13 1.072246864595470439e-12 1.295215209830352193e-12 -1.508347153222976072e-12 3.062306243617775257e-12 -1.121547806791169737e-12 -2.971147295169690095e-12 -2.619766248657349056e-12 2.955237912944598920e-12 5.372042008114884896e-13 7.973964656264862740e-12 1.501551033764166790e-12 -1.580035741571461294e-12
-4.696549994875172794e-07 -5.129378792323801917e-09 3.372555384561243875e-07 -2.738773983814729336e-07 -9.398420467848674662e-08 4.664271021320290349e-07 -2.901187039997427836e-07 2.606754155614152571e-07 2.284512809618245218e-08 -1.332992203042328855e-07 -2.081601566362903982e-08 1.750356620147001224e-07 -2.416873837111950397e-07 2.921751641572565835e-07 1.597561560544660397e-08
-3.540580916289322259e-07 -8.131976043137020863e-09 2.264463291221193776e-07 -3.621461757653471465e-07 1.102718217611073796e-07 2.695718254035171263e-07 -1.697994240417751357e-07 2.179335375460151850e-07 1.334341661141563464e-07 -2.282843768157666272e-07 -4.021931116989951057e-08 1.570903433891901120e-08 -1.221655454803314475e-07 6.584829414154077002e-08 1.350690116693075052e-07
-2.567242713036881190e-07 -4.020142740234314894e-08 1.464957583836798914e-07 -3.126840645073751605e-07 1.571034023455222123e-07 1.820026113506111670e-07 -3.249776140900237629e-08 3.707970284068945412e-08 8.953899378325542251e-08 -2.952268222281815605e-07 -9.316449110114672613e-08 -7.651785728555489187e-08 -7.554187680894026352e-08 1.275740210209465406e-07 1.315530153707081135e-07
-1.735984842723193977e-07 -7.077370486613993988e-08 7.649697674167584497e-08 -2.260404112084250428e-07 1.329087131266817516e-07 1.539735214609913378e-07 1.957700965403375070e-08 -2.513931334479833174e-08 -6.083826537864151378e-09 -1.795172647625843019e-07 -1.291144763643775665e-07 1.923433291496616455e-09 2.704822987033810120e-08 2.678257486484819836e-07 6.812607617590242733e-08
-1.101073255583498737e-07 -9.350051647555546725e-08 2.521714487589670302e-08 -1.230996829873603084e-07 6.368957613901063385e-08 1.302731098288349105e-07 3.594962563891647289e-08 -9.150006726383549028e-09 -7.639586421647790535e-08 -6.797123349473128992e-08 -5.468162263994119841e-08 1.305514444986816593e-07 8.940788932622961440e-08 2.639692424069016086e-07 9.419834920519530932e-08
-6.445655687862269376e-08 -1.021260380334308052e-07 -1.586092008395692290e-08 -5.032439598289180225e-08 4.774747142752275112e-09 1.055713972383419923e-07 3.642992411925590432e-08 3.344632663705942727e-08 -5.135916602352153269e-08 -8.506178717368048531e-08 3.054488912445474374e-08 1.292036386332014985e-07 4.637498119825807408e-09 1.781220764530923722e-07 8.443912276669606612e-08
-3.412237907666504913e-08 -9.650763081060846672e-08 -3.717642654800225061e-08 -1.447340303493387152e-08 -2.798301263349141858e-08 8.101713411763449294e-08 -1.919778227049741828e-08 4.494537249768015319e-08 -7.864305323394052278e-09 -1.580501587297470279e-07 5.861144088476961750e-08 8.701503436018214551e-08 -1.921465475453893388e-08 7.321708546394018506e-08 5.145618793793651426e-08
-1.565341516395690641e-08 -7.634700955601112240e-08 -4.007772427598376357e-08 -1.900249863094319847e-10 -3.605417854802899697e-08 4.919300930677181715e-08 -6.641908927749200298e-08 2.949443835422930420e-08 8.991212704640202871e-09 -1.430785856317993974e-07 1.103422517898659031e-08 5.633480065451546450e-08 -6.617906482011826071e-09 4.078832036347962911e-08 -9.005510278746903535e-09
-5.597981508584304001e-09 -5.244377006527789352e-08 -3.307458288949328860e-08 2.375116730897907942e-09 -3.037860814439958052e-08 2.218179353722022422e-08 -5.782372251977280762e-08 1.675759109066250790e-08 8.995505515826525555e-09 -7.635311185876774286e-08 -3.107775950847167598e-08 2.350394185229526281e-08 -9.714920272882321963e-09 4.143675731301738047e-08 -2.904908645167494431e-08
-9.086586968719169857e-10 -3.221612346485528623e-08 -2.318465089252638847e-08 -3.889200747962820727e-10 -2.037467186738357868e-08 5.604334995200880235e-09 -3.012689673951771421e-08 9.466622893706452789e-09 7.342476536058733730e-09 -1.461127652928081203e-08 -3.516130490031716676e-08 2.558416751972904322e-08 -1.847369034427006389e-08 2.035376502954387659e-08 -8.960236422972128848e-09
7.545118510560431696e-10 -1.781278317062514138e-08 -1.400535383582663556e-08 -1.154933641189018306e-09 -1.390347753806783663e-08 -1.547297386731087662e-09 -1.547015949119537221e-08 8.753517967604164864e-09 8.945467957176649697e-10 1.342723905706859847e-08 -2.949959073814276349e-08 2.618426605123730769e-08 -2.884381297058761141e-08 9.765236306736540026e-09 2.765358052300937137e-09
1.010638041730211508e-09 -8.353344856136606795e-09 -6.920585489388464498e-09 -1.234321414120102681e-09 -1.020649107049862653e-08 -1.775763267719813120e-09 -1.237483982202246804e-08 4.489532726422214997e-09 6.614098992398817148e-09 2.205766025181239552e-08 -1.286506223937940349e-08 9.154331074456652867e-09 -2.745671588805618302e-08 9.383592493455767283e-11 1.115333807490293250e-08
8.145701348103623224e-10 -2.726374665956092951e-09 -2.447748962933754313e-09 -1.015058680436965522e-09 -5.821231117833492579e-09 -4.531364363968549265e-10 -7.875310962013731401e-09 1.499484301050445967e-09 8.399367892085704098e-09 1.504030865608755727e-08 -3.823020347096288758e-09 -2.002369509119919608e-09 -1.922595690617891748e-08 1.752732860565972202e-09 1.314121951486042097e-08
5.775655330246145964e-10 -1.529585832062445841e-10 -5.650014815197553537e-10 -3.524728409592143128e-10 -2.226510369439214342e-09 3.003610125432611811e-10 -3.527520643962980327e-09 3.674237013998197590e-10 4.789399915577230370e-09 6.397214004914320252e-09 1.722610667144980942e-09 -4.263125920383693479e-09 -1.432523894434149248e-08 -1.634448954145363478e-09 3.135370927662488822e-09
3.788764418510209353e-10 5.745731062430545467e-10 1.749495309617122213e-11 2.615750159943826649e-12 -1.471432928128155702e-10 -1.719658658053701468e-10 -7.203395698033862653e-10 -1.603517885142863034e-10 3.384894335160847192e-09 2.278922287455217197e-09 3.091713380425318931e-09 -1.875578548826204864e-09 -1.030397897493823308e-08 -2.240255427851035213e-09 2.962632395290413759e-09
2.329760496118980630e-10 5.713197913407778233e-10 1.476175076070083384e-10 5.687921198917856380e-11 5.038209649830559092e-10 -4.544977193745864293e-10 1.251897308711706159e-10 -2.022530350982779233e-10 1.748766564161218439e-09 -1.183895490819960965e-10 1.951925449033858108e-09 -1.085959320685733050e-09 -5.835002557933940687e-09 -1.525722244552167469e-09 8.625205184066615179e-10
1.417335730514533475e-10 4.182851636993567966e-10 2.003547817510882927e-10 1.028267653381683484e-10 5.931750080194201596e-10 -4.015832274026522961e-10 2.192541917791112486e-10 -2.403300543354771895e-10 7.322607417754046327e-10 -6.051852493541694221e-10 8.188864709126152836e-10 -1.787164809204648090e-10 -9.634733361343794152e-10 -1.639542381610104953e-09 4.298760932209651766e-10
8.674800657050456548e-11 3.078675615148571947e-10 1.786075249369885898e-10 1.191622195777499859e-10 4.512236978774669660e-10 -2.451430690806258376e-10 2.601263410380439866e-10 -9.650707223467886977e-11 -4.373600072895194570e-11 -5.123319516933044015e-10 5.502796905094369523e-11 5.078140648860187020e-11 9.509900989107647145e-10 -1.272431863392538111e-09 2.512663969242725548e-10
5.352842939949857951e-11 2.133966419759467200e-10 1.207770610395769977e-10 8.868217907919956643e-11 2.050192776845601438e-10 -1.127058488074929757e-10 2.016750095457958981e-10 -4.904485421941936076e-11 -2.132345288502459751e-10 -1.689343654172396312e-10 -4.003166255673201078e-11 -1.258946965222268709e-10 5.727614668808006840e-10 -3.706007128495067754e-10 -1.958083921933416770e-10
3.173298929900595516e-11 1.427427223709930095e-10 8.242428030816206618e-11 4.726991029803305361e-11 9.217647212020125075e-11 -4.906551577203009719e-11 2.257575365504137896e-10 -4.230198988671435523e-11 -1.739318089832977416e-10 -4.921118428380744756e-12 1.342075801951665382e-10 -7.090572760390171366e-11 5.900742209876049422e-10 -2.256772837473642734e-11 -1.369424568687240174e-10
1.633390218925795848e-11 7.031432065402936357e-11 4.532646407834208295e-11 2.296868207131229819e-11 2.306622549086728927e-11 -3.162548386639022241e-11 9.683497564755107822e-11 -4.589056585495804107e-11 -1.143719996374364165e-10 1.901968551960033092e-11 -2.457312001659156955e-11 -9.057138666167847309e-11 2.913290209529853682e-10 1.519889534024479442e-10 -1.182800677788586574e-10
7.288731364301218663e-12 3.391839992790901055e-11 1.940011663943069651e-11 1.011090144747235061e-11 1.278501793905291084e-11 -9.408934703265822415e-12 5.163249925358965401e-11 -1.480611447001300116e-11 -5.922216726899049561e-11 1.545598117726593367e-11 1.251206177350819200e-11 -1.685436422681777474e-11 1.927291334259744667e-10 9.421450924177911452e-12 -5.120048213810509471e-11
3.157978508356648464e-12 1.426097109778698268e-11 7.412543623151735108e-12 5.319788166835155083e-12 1.147722346913663305e-11 3.005729865630261341e-12 3.642730436073394979e-12 -7.532537329629661026e-12 -2.355874954987325487e-11 -6.322773291227157909e-12 -4.570931333176393335e-12 2.605595613036782881e-12 6.284962809479944760e-11 7.258585874183082924e-12 -8.247105372252596155e-11
1.464614138258617035e-12 7.911138598484514396e-12 4.658030785887371152e-12 1.249077785607101879e-12 6.973940015068895499e-12 -1.880751512174128505e-12 1.743280049853422877e-11 -2.974535443980013524e-12 -1.895344636330570149e-11 2.298288281351254411e-12 2.793232917705876401e-12 -3.764054248370031243e-12 3.936525651282462823e-11 7.451380074474086144e-12 -2.625535621316159661e-11
6.347150505288975021e-13 3.649216435429741045e-12 2.771640015520745759e-12 8.712528147785412507e-13 2.040221722115160106e-12 -3.079482452413793929e-13 4.874983681823045726e-12 -2.455902117798631504e-12 -1.450651535844577952e-13 4.143390274568525483e-12 -1.105769873401538667e-12 1.291445589411742625e-12 1.124145645580702965e-11 2.047061505478139337e-12 4.581329454386703895e-12
2.387743676822978421e-13 1.739474725448238551e-12 7.903928760243814715e-13 1.098776190018662486e-12 1.283006608551277718e-12 -1.570668902487343999e-12 3.088284021703135298e-12 -1.148565988159433926e-12 -2.926064780636093739e-12 -2.666582356914388076e-12 3.157741837291549358e-12 5.290285891678282657e-13 7.831349258575116978e-12 1.479005869290117450e-12 -1.318131279198917714e-12
-5.296208889878929834e-07 -1.435935601133005404e-08 3.634295107814155169e-07 -3.193395258543650467e-07 -9.653239484225435161e-08 4.933420399806037240e-07 -2.729173854404303203e-07 2.414199462576971910e-07 1.527436641387090102e-07 -1.204445078573916598e-07 -4.437653256266487300e-08 2.528496371023813465e-07 -2.139725923880801706e-07 2.795663219599999876e-07 3.650715845387081383e-08
-3.962581013418446796e-07 -1.884529509324711993e-08 2.399241955408510948e-07 -4.124007147996784681e-07 1.271247902831562596e-07 2.653507196925068122e-07 -1.363424457236431073e-07 2.072538872863246891e-07 2.304779793361351891e-07 -2.563823831750664492e-07 -5.660596719711671995e-08 5.413158129001899898e-08 -1.705975793062861458e-07 6.542272751082784095e-08 2.050361692894517662e-07
-2.848109395068868947e-07 -5.770012696673347381e-08 1.516407439474690537e-07 -3.487383017997253257e-07 1.711109566658754187e-07 1.766570357362562441e-07 8.220731101280594643e-09 1.014784119725809474e-08 1.348195319997896267e-07 -3.443842328784925613e-07 -1.076368017253151787e-07 -6.301684743798776877e-08 -1.425415809802934829e-07 1.590028786322883819e-07 1.752904332284171372e-07
-1.904940686337655560e-07 -9.371776475344596772e-08 7.509857723192005998e-08 -2.463154688164819207e-07 1.380622688092738084e-07 1.603338019734412634e-07 4.635770829993699721e-08 -4.223057008615897181e-08 -5.525110523180704671e-09 -2.028882434306995162e-07 -1.392092474306440263e-07 2.629324880607444301e-08 -5.401419468620357102e-09 2.890291054126699229e-07 8.115465355528398907e-08
-1.191998825107865999e-07 -1.175696079619163208e-07 1.898293943747438783e-08 -1.296194371002265908e-07 5.899630367712452550e-08 1.404236387198807529e-07 5.162468896403411170e-08 -1.158045335361914668e-08 -9.536926174861712120e-08 -6.704015475733970159e-08 -4.579695728935067598e-08 1.625318164898396663e-07 8.484346198100485848e-08 2.536574466739453208e-07 1.006486533009613167e-07
-6.854389170676906555e-08 -1.235091218668726690e-07 -2.532953846988017275e-08 -5.112465637628404282e-08 -3.788535908877229713e-09 1.165519495171278524e-07 4.405117129434688080e-08 4.321800656476582728e-08 -5.984241874352726315e-08 -8.039506440333756154e-08 3.719527226440858445e-08 1.367666165234275101e-07 -1.957804198602268433e-08 1.716928252879476077e-07 9.214847808539674920e-08
-3.538285269544394638e-08 -1.126777339712717918e-07 -4.595276335527810494e-08 -1.450538398245380002e-08 -3.621943040691938550e-08 9.099419372168273776e-08 -2.794008683617138587e-08 5.533096781975923447e-08 -6.994094822525626174e-09 -1.611361441477591676e-07 5.712429344147259268e-08 8.244736427933454578e-08 -3.248201242385519066e-08 7.104164875124567263e-08 6.079471951906345357e-08
-1.557122030160860823e-08 -8.599810889258499764e-08 -4.615037252083189616e-08 -7.110132848268426233e-10 -4.157641176852592007e-08 5.524847801377152452e-08 -8.126902389460934734e-08 3.496872725944914576e-08 1.227076765266618580e-08 -1.450699736821649681e-07 2.638681351212525025e-09 5.139756803884462920e-08 -1.214207174557190135e-08 4.268300946095219852e-08 -3.158380135571745055e-09
-5.077880680861942438e-09 -5.714351235729472510e-08 -3.657573049948040935e-08 1.485205629764729832e-09 -3.307937644526546931e-08 2.478398441962313993e-08 -6.685061765357523566e-08 1.971610711683917585e-08 1.137824683363995350e-08 -7.590338571961040124e-08 -3.822020120802945418e-08 1.934426787715097067e-08 -1.291180870706270826e-08 4.338145943171980298e-08 -2.670569609366312661e-08
-4.020833703123794231e-10 -3.410903941194050489e-08 -2.502256949964810269e-08 -1.219758387091810188e-09 -2.140358407783169761e-08 6.358715711508675960e-09 -3.302811676041341942e-08 1.129283044507899533e-08 7.795061920351175431e-09 -1.205771896540709926e-08 -4.002474309001799323e-08 2.709264905029244269e-08 -2.234780947046402051e-08 1.986568433917892429e-08 -7.313824231271424478e-09
1.100105321165481018e-09 -1.833994209930217772e-08 -1.482972267412011141e-08 -1.288946910268251227e-09 -1.473353860702389823e-08 -1.807339726713682897e-09 -1.700426532223665780e-08 9.932617661417885066e-09 4.175516332418371356e-10 1.570616597901934971e-08 -3.246369259066001585e-08 2.945338510972648374e-08 -3.302726481272419535e-08 9.488359502297708334e-09 2.615190652612769640e-09
1.199253586945600057e-09 -8.211132033569762559e-09 -7.054148527218096839e-09 -1.257798440535570101e-09 -1.103476520577286419e-08 -2.054660385662586534e-09 -1.417557907207582232e-08 4.742653557678482966e-09 8.321641431694073526e-09 2.474946595125537655e-08 -1.275491164289676336e-08 9.712140508590660760e-09 -3.049200759938332207e-08 -1.071470044496755223e-09 1.340204925338471039e-08
9.136012042643867513e-10 -2.340684529260261832e-09 -2.271040224138674320e-09 -1.001281773298605727e-09 -6.073769286501239160e-09 -5.049796753469706762e-10 -8.377671940059078521e-09 1.499025854371406412e-09 9.280591561992373717e-09 1.571576177809614827e-08 -3.248475447851372026e-09 -2.572085367020563065e-09 -2.025896859366968558e-08 2.112014069783888068e-09 1.324320076226052911e-08
6.329892265844778678e-10 1.543292009242661310e-10 -4.234199373255839558e-10 -2.969288256363929708e-10 -2.143488330141635875e-09 2.549081506988145182e-10 -3.428340035216444239e-09 2.773013722904827785e-10 5.144918853578534392e-09 6.316250703501912753e-09 2.618392785355200031e-09 -4.755004046877142415e-09 -1.532603779055790192e-08 -1.974516248467846816e-09 2.556418041795192141e-09
4.087083444099786842e-10 7.522108574769947373e-10 9.108498538421117651e-11 4.318520125118143577e-11 7.571504123662661881e-11 -3.107153323506791956e-10 -4.344085484000894950e-10 -2.083280364338643446e-10 3.637191474475624551e-09 1.993679248014326733e-09 3.708783268161250679e-09 -1.857378811256387183e-09 -1.110792972902014455e-08 -2.476215257133674767e-09 3.263548158422355267e-09
2.484717469553422018e-10 6.539009050722442850e-10 1.954692110116584272e-10 7.437551968352840533e-11 6.550143997960974478e-10 -5.738231986628893985e-10 2.323770328552958311e-10 -2.515935268485107445e-10 1.866351630498358012e-09 -4.088838481102333835e-10 2.120927509198593413e-09 -1.147270207317308531e-09 -6.076851654703040702e-09 -1.681133870435191753e-09 1.022224659269522063e-09
1.510189431472497841e-10 4.669734212864238707e-10 2.404361967650558850e-10 1.279792363695416255e-10 7.004544159604911254e-10 -4.439150095758068978e-10 2.790950357161210762e-10 -2.538099374632956243e-10 6.645867263791643024e-10 -7.805367346266014780e-10 7.750669335722005332e-10 -1.163962824057987230e-10 -5.376801833738676009e-10 -1.885922353703086145e-09 3.567468254641516227e-10
9.270592587757649011e-11 3.406675135288552141e-10 2.041482483947031983e-10 1.425808645209961625e-10 4.996964452218007524e-10 -2.610094754801253020e-10 2.988851544284604502e-10 -1.048314116130298674e-10 -1.395204436578443372e-10 -5.734521167085533755e-10 -7.123785602083229095e-12 7.734251566030326903e-11 1.244934712302577231e-09 -1.393886493324215243e-09 2.279610567618263609e-10
5.736012987616827730e-11 2.362854516281541944e-10 1.329590377473814443e-10 1.001912764736632046e-10 2.031402188859121863e-10 -1.137899144612814991e-10 2.179821907510058510e-10 -5.574282968858294431e-11 -2.709020876332248914e-10 -1.664140591070478673e-10 -4.330728652608398157e-11 -1.583662434506414587e-10 6.167954519852060463e-10 -3.046822853756774868e-10 -2.620223619441478315e-10
3.364463523000565357e-11 1.545971795390839139e-10 8.987542891048452581e-11 5.010547513997620827e-11 8.789722337987519461e-11 -5.074855243643472473e-11 2.514294810387151890e-10 -5.259335988082049950e-11 -2.080601454661329768e-10 1.310171854563138818e-11 1.468387701342263213e-10 -8.518969626805617284e-11 6.627912165277901609e-10 6.214376532636531289e-11 -1.705440613437868851e-10
1.677077989696871758e-11 7.226903174691059480e-11 4.759941842890691484e-11 2.347837906541482639e-11 2.144321846872110453e-11 -3.352947448977728505e-11 1.042564018466634113e-10 -5.198062465581827994e-11 -1.241490267913050388e-10 2.860295815835524158e-11 -2.969220030703864464e-11 -9.478684560050643289e-11 3.202754941360058647e-10 1.761873661653441044e-10 -1.267250520999740294e-10
7.211964190761289107e-12 3.352116128519064870e-11 1.900821412113474636e-11 9.919627548207738326e-12 1.281780652309472386e-11 -9.190635996966844832e-12 5.030624779064492733e-11 -1.426736722537858299e-11 -5.714384162222812374e-11 1.521205590444307077e-11 1.476159587581543900e-11 -1.514160805288434792e-11 1.901159106045989657e-10 5.077821874863585212e-13 -4.684608483656080812e-11
3.169991303296569044e-12 1.428869623808526153e-11 7.360124613101692896e-12 5.447077065469021194e-12 1.163260801389344442e-11 3.585283672833743170e-12 3.020592412460933826e-12 -7.230427090954298417e-12 -2.374258016018968746e-11 -6.979618963620394236e-12 -5.622256009971146134e-12 2.731297359413716409e-12 6.286430216496427269e-11 7.693073529893567455e-12 -8.701580706076124020e-11
1.468544206600249522e-12 7.909331454084217414e-12 4.680280409819150611e-12 1.169682509326879187e-12 7.068490002832388702e-12 -1.933811915330333478e-12 1.773068013267108620e-11 -3.076475226141976861e-12 -1.931079368155550900e-11 2.430226798709887441e-12 2.561893410607031553e-12 -3.963826799519683375e-12 3.957533847357426899e-11 7.687134916737865786e-12 -2.585666824623137091e-11
6.354393173798035649e-13 3.644524831151683512e-12 2.785597043814238042e-12 8.568321265534066284e-13 2.021384927094101053e-12 -3.113702896993433752e-13 4.883778950876696557e-12 -2.471393017286426650e-12 5.658324421349438090e-14 4.346726315186735025e-12 -1.117442543804530495e-12 1.274863459393782372e-12 1.095655099162982842e-11 2.130412022717310649e-12 5.132482152348934432e-12
2.385646868333501584e-13 1.742712649481939234e-12 7.876634365725402609e-13 1.116142546903209650e-12 1.274665474374448573e-12 -1.611618809306757370e-12 3.106962087589213443e-12 -1.167131146536097531e-12 -2.900090221736560179e-12 -2.691397519935712521e-12 3.286940591130917441e-12 5.266212356445117468e-13 7.749210718915735881e-12 1.477021116177172987e-12 -1.146859577797002774e-12
-5.867621527043786947e-07 -2.309781342836233858e-08 3.884052650253395180e-07 -3.626792803731356400e-07 -9.889037564994889900e-08 5.189888899302550564e-07 -2.563125079369424625e-07 2.230532529398946713e-07 2.764962460831080757e-07 -1.082665091078063086e-07 -6.714529553290766340e-08 3.267685719952028970e-07 -1.885980292361558877e-07 2.681424044855747689e-07 5.597770225373808735e-08
-4.364734333511138998e-07 -2.903619372352669409e-08 2.527675596181568023e-07 -4.602996816243129592e-07 1.432141511177892946e-07 2.613547748775634036e-07 -1.043605515237972764e-07 1.970381356173172486e-07 3.230820744066577763e-07 -2.832117759776740014e-07 -7.242289491673590923e-08 9.076262232712050659e-08 -2.169734997133986274e-07 6.533180062538691905e-08 2.716365853307404941e-07
-3.115778518296613351e-07 -7.438066825581024608e-08 1.565364150249712885e-07 -3.831039523106352235e-07 1.844888673509692125e-07 1.715879947840112267e-07 4.705032994155727477e-08 -1.554956117890352547e-08 1.781750129392974234e-07 -3.912174784338163300e-07 -1.215452850163359525e-07 -4.990612876459954013e-08 -2.062813709677422740e-07 1.888388110658001568e-07 2.167925080187868630e-07
-2.065961961405447115e-07 -1.155877557139613982e-07 7.376113023190113322e-08 -2.656337611207510199e-07 1.429986998636196942e-07 1.663768851914199050e-07 7.186171315777279346e-08 -5.861032838115207980e-08 -4.910079270001368902e-09 -2.252067620758185244e-07 -1.488727328400313924e-07 4.965177551852388901e-08 -3.622407541231059308e-08 3.094261901924430089e-07 9.374417609449741632e-08
-1.278651379585604862e-07 -1.405115766656269499e-07 1.304403192784788346e-08 -1.358332573331237929e-07 5.453616382541077869e-08 1.500782266137923947e-07 6.658265147837560732e-08 -1.398256735650977454e-08 -1.133489686119073953e-07 -6.610597686479746695e-08 -3.738461417309957663e-08 1.931589464838956344e-07 8.050925260626050746e-08 2.440487757536651092e-07 1.071442484129496014e-07
-7.243885855475188602e-08 -1.438903876752593517e-07 -3.435028394584219342e-08 -5.187842429223142176e-08 -1.195713069272813887e-08 1.270133303119207363e-07 5.133031996157293403e-08 5.251770482052288638e-08 -6.791059061756735442e-08 -7.595441919146490660e-08 4.359755692462563377e-08 1.440895401230373994e-07 -4.252847335803346551e-08 1.655534551392555878e-07 9.966576278354340489e-08
-3.658341314312565192e-08 -1.280932513282707602e-07 -5.432116225628415078e-08 -1.452204207006605528e-08 -4.408300343571737050e-08 1.004955731484570443e-07 -3.625442903458372263e-08 6.523933889255752836e-08 -6.178532648662225798e-09 -1.640948931741682615e-07 5.578201473548029031e-08 7.813917250091104961e-08 -4.504827580362730546e-08 6.887634475428885274e-08 6.967482154143513907e-08
-1.549220504443810774e-08 -9.520173952357063970e-08 -5.194296789239575378e-08 -1.201091885676989694e-09 -4.684695643084727420e-08 6.101775484758815602e-08 -9.542772929248702356e-08 4.020157521330255501e-08 1.539243029107483664e-08 -1.469565618887848748e-07 -5.341128256042895175e-09 4.666286102692684425e-08 -1.739413434500687884e-08 4.441397920282384557e-08 2.339592983200564679e-09
-4.581604819999341920e-09 -6.162506710138549193e-08 -3.991601848373831654e-08 6.366605705328706889e-10 -3.565567190341385852e-08 2.726134773628666156e-08 -7.546885992435938281e-08 2.253539868218936145e-08 1.363941957427814916e-08 -7.545778273134806237e-08 -4.504113812372500123e-08 1.534947395955641302e-08 -1.595503721500878347e-08 4.524604369052208116e-08 -2.448272623875861665e-08
8.113016603383330339e-11 -3.591161883741840355e-08 -2.677469806518552436e-08 -2.015127488662412590e-09 -2.238217468173869686e-08 7.079264367220102017e-09 -3.579851371915511473e-08 1.303507309120228475e-08 8.224354157674845715e-09 -9.618747948529598644e-09 -4.465891108791842449e-08 2.852030518915066397e-08 -2.603017101394088885e-08 1.940458286704000756e-08 -5.772021058086959809e-09
1.429571474260016540e-09 -1.884060504544305582e-08 -1.561395592375602920e-08 -1.419878274695231642e-09 -1.552246975958951310e-08 -2.053816037307683842e-09 -1.846905475025073984e-08 1.105988513434552590e-08 -3.556030894409524568e-11 1.788020401541795259e-08 -3.528710620317185486e-08 3.256206576949830566e-08 -3.701816005504505718e-08 9.224064894548576604e-09 2.504023511021423636e-09
1.379001947017439100e-09 -8.074136359623223692e-09 -7.180734545896620521e-09 -1.279463250975974323e-09 -1.182174475489013506e-08 -2.318775512048951385e-09 -1.588752996373321114e-08 4.983614052708293103e-09 9.943548170160666570e-09 2.730802619897370427e-08 -1.264863285446523599e-08 1.025233398147440875e-08 -3.337545225370740248e-08 -2.181452951196313951e-09 1.551710167071734002e-08
1.007872778188087268e-09 -1.972832010000149885e-09 -2.102305089133617021e-09 -9.876916668504845093e-10 -6.314945640592459025e-09 -5.549377856165842603e-10 -8.858384784096573481e-09 1.497511028611885228e-09 1.012651936696606011e-08 1.635972116896801100e-08 -2.703349331790274744e-09 -3.116474387689901690e-09 -2.124914363880994784e-08 2.457375185924761044e-09 1.335236748336413468e-08
6.857072158268217240e-10 4.476730606699047294e-10 -2.882108671781753199e-10 -2.441327263042105058e-10 -2.064419400029339276e-09 2.117009063108837577e-10 -3.333956193515334506e-09 1.908604270204242993e-10 5.484028664168859138e-09 6.238773296959068352e-09 3.476485127473740236e-09 -5.222104487935601968e-09 -1.628107036396220367e-08 -2.298128996361787002e-09 2.008866233361113867e-09
4.370919446097155249e-10 9.216176541122080021e-10 1.614269678872298851e-10 8.174342404521501641e-11 2.881691359954507819e-10 -4.428094669959339190e-10 -1.611918903754645761e-10 -2.538235199020085383e-10 3.875853701686880126e-09 1.721315178201404782e-09 4.296306193137356487e-09 -1.840568219863518834e-09 -1.187013022897359565e-08 -2.700068358862873879e-09 3.545601282419031544e-09
2.632227637237732346e-10 7.325665604077510976e-10 2.408630457557241008e-10 9.111483907002846862e-11 7.994371758359772763e-10 -6.872418632744846280e-10 3.355764904455028527e-10 -2.977443114196731968e-10 1.977254410443371674e-09 -6.860591328071421075e-10 2.281037996030311847e-09 -1.206493598632982447e-09 -6.307305570515269955e-09 -1.829737652164156573e-09 1.167836917886948412e-09
1.598597295290463632e-10 5.131454283586672235e-10 2.785774932493912352e-10 1.520502243646971929e-10 8.025825408722520056e-10 -4.847732504285496339e-10 3.357861859744359767e-10 -2.675919120293711371e-10 6.010190666584282969e-10 -9.476943594592170737e-10 7.336392534281544376e-10 -5.463689631828745747e-11 -1.333594742514799011e-10 -2.120802542996379982e-09 2.930343641329747447e-10
9.837786055047504212e-11 3.718847605477280542e-10 2.284931906159376548e-10 1.648211870238226977e-10 5.456361999225852192e-10 -2.759772022477056323e-10 3.353057920470062483e-10 -1.123583189483271185e-10 -2.303369616788406070e-10 -6.318422925517791164e-10 -6.635205497641476665e-11 1.009536326590571230e-10 1.524010250869150795e-09 -1.509725337102894245e-09 2.055489511843343035e-10
6.101158649596300898e-11 2.581074038453566475e-10 1.446063189210896385e-10 1.111850905197772929e-10 2.015387465053009802e-10 -1.148623689233321918e-10 2.339535154998119916e-10 -6.227831580822608575e-11 -3.265651792178966718e-10 -1.639117399681352471e-10 -4.686086255505402404e-11 -1.886529248143614559e-10 6.607240214806808919e-10 -2.418435659386593026e-10 -3.264070656156152825e-10
3.546957024792704382e-11 1.658800382712240533e-10 9.694647341780008520e-11 5.283072356013456447e-11 8.373436492664617653e-11 -5.226670484274561977e-11 2.758029484013894333e-10 -6.220117988800486175e-11 -2.405063633498972755e-10 3.049481128932152292e-11 1.588976319265557628e-10 -9.894838394912659820e-11 7.317770980753186694e-10 1.425229444521973935e-10 -2.022153508302899246e-10
1.718888037444454012e-11 7.412114361519849966e-11 4.974309442899607679e-11 2.395482297762234188e-11 1.988715118494465896e-11 -3.537793223880140771e-11 1.112895774576720721e-10 -5.787202802068333193e-11 -1.334405537071124865e-10 3.767366768803539309e-11 -3.444692807294783540e-11 -9.878870476369849790e-11 3.473958452705094727e-10 1.995925539125967814e-10 -1.346434468830632015e-10
7.139478337352274385e-12 3.314859243459216168e-11 1.865522852163002198e-11 9.725198377936988444e-12 1.281752264260509460e-11 -8.970413532416491232e-12 4.900258172505487381e-11 -1.377833023275188883e-11 -5.508317358466963098e-11 1.507798987192814038e-11 1.694525813385707414e-11 -1.363786809564602462e-11 1.877319249501123759e-10 -7.940901401175889566e-12 -4.266558425227738501e-11
3.180110452241055760e-12 1.430776492739241962e-11 7.304957023524002326e-12 5.569096449940539264e-12 1.180201493068992798e-11 4.128127303200955677e-12 2.411309157984453421e-12 -6.946434609688313492e-12 -2.394931399814944526e-11 -7.676022450967561445e-12 -6.710949798435069682e-12 2.935109416418361090e-12 6.291924185738642666e-11 8.003362219624007403e-12 -9.136414376906390014e-11
1.472311990199701384e-12 7.911283238642681800e-12 4.702265121478594721e-12 1.095497237178526582e-12 7.163980946663466104e-12 -1.977659378393018051e-12 1.803320794165357645e-11 -3.157833237783131581e-12 -1.963137133341537057e-11 2.559713296360520104e-12 2.333120003410503691e-12 -4.180396016382311580e-12 3.979667670179755246e-11 7.878327749213146390e-12 -2.551429278217419068e-11
6.364611298158086095e-13 3.641267647125297510e-12 2.798770218809284902e-12 8.448836979576296207e-13 1.997896122621273707e-12 -3.175285447893715021e-13 4.888410203965800602e-12 -2.488326404778031601e-12 2.414199781765791164e-13 4.553731363664438267e-12 -1.091536100658944054e-12 1.284155971118595483e-12 1.064944835646709986e-11 2.238942709345524621e-12 5.670267691880879900e-12
2.384303479639891058e-13 1.746609326248055582e-12 7.849850156829668835e-13 1.131054967031110763e-12 1.264547957147070034e-12 -1.651781455815821144e-12 3.127859351884053278e-12 -1.189831581333332887e-12 -2.873019027352653177e-12 -2.719148372301965499e-12 3.416279235997401400e-12 5.070753051954622658e-13 7.643505894595899880e-12 1.499608311675231806e-12 -9.842514074518061636e-13
-6.498141654402243450e-07 -9.525264427638721302e-08 3.496861682987801512e-07 -3.010036872414013619e-07 -1.425462829956151278e-07 3.561312639626855841e-07 -1.416424660171155332e-07 2.684387546337057078e-07 2.993173050511102599e-07 -6.323150981091908776e-08 6.159360851563237498e-08 4.233375771513186537e-07 -6.534995540060040263e-08 5.918858239869631773e-08 4.830872471211115758e-08
-4.709071676275403662e-07 -1.094186459573176871e-07 2.110327162126243908e-07 -4.300468884285500762e-07 9.237072907534173776e-08 1.233339506790537027e-07 -7.575501364870451036e-08 2.381468884529746242e-07 2.935801847941013735e-07 -2.544258262034880541e-07 2.533699475156357449e-08 1.481951260681381543e-07 -2.220269627429478724e-07 3.998066317491942489e-08 2.736264334228934547e-07
-3.278200124996057846e-07 -1.587256681118603371e-07 1.179673110061671973e-07 -3.779404879448898972e-07 1.349973545314251241e-07 1.330463284925467052e-07 7.728422226930754487e-09 -9.642661776057800243e-09 1.003089118631440001e-07 -3.940587116944582315e-07 -9.549681194345620084e-08 -1.554401944104815927e-08 -2.445021160253557710e-07 1.358418178616336819e-07 1.193587709716228479e-08
-2.112835036822586205e-07 -1.849551156318589155e-07 3.923328948704163598e-08 -2.761691891716054210e-07 1.073544634426606971e-07 1.842807767200113461e-07 2.420687477193609390e-08 -5.090296619309583618e-08 -8.687553233980797895e-08 -2.298404564443992886e-07 -1.017632433560072371e-07 6.464646635899112329e-08 -2.577407146219739371e-08 1.535805737425549968e-07 -9.023697402230661030e-09
-1.269337601771432493e-07 -1.859752330421881642e-07 -1.531121775043184421e-08 -1.538036505112048907e-07 3.435464232256163812e-08 1.744156619352200151e-07 5.650769357940309068e-08 5.487060870774374871e-09 -1.222272889996212334e-07 -6.212021989756575834e-08 -1.530545098525240389e-08 1.425880147077642439e-07 4.047781964164579326e-08 1.566919677882605576e-07 5.355469143691627964e-08
-6.957793290366213654e-08 -1.676157827883288129e-07 -5.167156602999904332e-08 -6.858300406440629490e-08 -2.057435141821962144e-08 1.538845297350953628e-07 4.255289239418841700e-08 8.373524324711341495e-08 -3.845345709900623059e-08 -6.461752400005943504e-08 5.299878510954266868e-10 8.085046340154638256e-08 -7.596451989887878292e-08 1.937191410175828135e-07 7.341009204560050488e-08
-3.377041805857321327e-08 -1.350478552698288398e-07 -5.952267091498589782e-08 -2.599890260594609068e-08 -4.653816745721298599e-08 1.187244135376739238e-07 -5.243233281618598184e-08 7.735916368254456899e-08 2.733249927087171966e-08 -1.413256089434883859e-07 1.346282251597826161e-08 6.470625634089432502e-08 -3.120733052520964994e-08 9.349220585091344689e-08 8.684023153185285404e-08
-1.350157346954269743e-08 -9.364582755743758194e-08 -5.100550967116011416e-08 -8.097275528654796829e-09 -4.491863687917491924e-08 6.935643849998616122e-08 -1.025565750882360871e-07 4.155421644852803846e-08 3.408962213582844464e-08 -1.300347344139206762e-07 -2.972695927771456385e-08 4.514709085188580029e-08 -2.448129811368681832e-08 5.379833335869641706e-08 2.238392060928570618e-08
-3.507018108215726142e-09 -5.879334310737008426e-08 -3.850532192633141683e-08 -1.787310261192936123e-09 -3.370209235028957785e-08 3.022704003103551495e-08 -7.375763963566686536e-08 2.311542959755840452e-08 1.562180651785088060e-08 -7.222725587509045113e-08 -5.541104942716906969e-08 2.230873026975923948e-08 -2.147258270654322440e-08 4.186406595515900028e-08 -1.804615755217522828e-08
5.180660081501735773e-10 -3.396547922015137104e-08 -2.607973168178767472e-08 -1.205563674373535854e-09 -2.260242994713777317e-08 6.845476344326990938e-09 -3.635977297416773158e-08 1.389000033736471845e-08 3.285041119169778760e-09 -1.187676515962057853e-08 -5.022318109391870276e-08 3.826192484012532510e-08 -3.863759316843336605e-08 2.105000376632794337e-08 -7.031224000238355068e-09
1.542996215462877594e-09 -1.739331218435261071e-08 -1.488699984674392794e-08 -2.303851556623806890e-10 -1.685196980065604481e-08 -3.732650568653779460e-09 -2.211668728491266572e-08 1.056672649850884491e-08 1.174455971069074211e-09 1.903260767572021890e-08 -3.243231232298175166e-08 3.503873351596080035e-08 -4.103146729135527804e-08 8.117645678955410031e-09 6.869158875978604233e-09
1.402359624340920261e-09 -6.896005559812676806e-09 -6.430038931504041670e-09 -9.788951925967729337e-10 -1.197551870750932884e-08 -2.618603363815746643e-09 -1.524437169768894183e-08 5.093233946446543568e-09 1.152489244417469660e-08 2.770913815956719449e-08 -9.341152458099245189e-09 9.115000874735790993e-09 -3.241350854272535311e-08 -2.581172567142109764e-09 1.215313331789265037e-08
1.035376636491072462e-09 -1.481945434975777120e-09 -1.767409526362781769e-09 -8.374755673999823253e-10 -5.740831860979980651e-09 -8.093389566086485535e-10 -7.480977979749479301e-09 9.239956012750417949e-10 9.809186715454336462e-09 1.496603448029326817e-08 -8.746002940912777114e-10 -3.691951531095118316e-09 -2.184356649136076293e-08 2.560235823677689498e-09 1.135621835308916079e-08
7.002963001161233475e-10 6.068279364760967366e-10 -2.095033475232630820e-10 -2.074027414500514468e-10 -1.499091441266078969e-09 -2.030892975119122199e-10 -2.404549765629799211e-09 6.331753802384715953e-11 5.727045611556002910e-09 5.459389391426781997e-09 4.595245232587539943e-09 -5.065768813945100046e-09 -1.749553044558833809e-08 -3.002169609721491911e-09 4.270051470691768548e-09
4.436273724754979562e-10 9.319296266793532372e-10 1.989839065163622889e-10 9.713273436229998339e-11 5.579534593133295888e-10 -6.948448996786522869e-10 -1.455678059678472388e-10 -3.636683320179997502e-10 4.103046425335234702e-09 1.073557184982758593e-09 4.313546749137889263e-09 -1.765066341470050307e-09 -1.221185803853600199e-08 -2.849363631361816405e-09 4.533629365105192716e-09
2.707069547097264723e-10 7.704892257925329685e-10 3.100142228954832083e-10 1.489036641378258090e-10 8.987551057678689887e-10 -6.660132147486531161e-10 3.339283489055375258e-10 -3.225378747170552197e-10 1.648961211063702645e-09 -8.052238339752253355e-10 1.930834587734847799e-09 -9.474677317584315651e-10 -4.893718912502730313e-09 -2.310902815145321344e-09 8.876578399960614907e-10
1.662832456530622721e-10 5.574137135590045821e-10 3.072942237461311759e-10 2.055683414260738441e-10 8.188063052911191537e-10 -4.711305811805372855e-10 3.850005112848764077e-10 -2.683363862331777124e-10 2.744671592627932173e-10 -9.892903811219956826e-10 5.831352753845387489e-10 -6.154101759241799229e-11 3.898413677917997604e-10 -2.142980853424063521e-09 2.454564676686664674e-11
1.024861026009075258e-10 3.968752996998619397e-10 2.381980370295338502e-10 1.697063427949104062e-10 4.654102162108319178e-10 -2.569041405546513273e-10 3.065283036895561986e-10 -1.545715457378402685e-10 -2.907592937870352740e-10 -5.099676220821235073e-10 -1.566372940173901960e-11 -3.819794114870274509e-11 1.261178601729726633e-09 -1.113965365897206995e-09 1.860934570292835371e-10
6.191748368721334773e-11 2.677283106377331262e-10 1.469659215563335834e-10 1.031056195013225467e-10 1.713862159236248652e-10 -1.096049355533255786e-10 2.743647730929293528e-10 -7.428569051747142433e-11 -3.620588865879126537e-10 -1.154451523078776893e-10 -1.592778004574521218e-11 -2.458490402805251194e-10 7.129891783981814973e-10 1.836257277846670563e-11 -4.561009242167167685e-10
3.409010811311785964e-11 1.549140247060816110e-10 9.577295077092834299e-11 4.853536908397621270e-11 9.033016328337082663e-11 -6.000190829898321991e-11 2.831325379853901167e-10 -7.324957120690871946e-11 -2.305533435245755255e-10 4.837321271531276101e-11 1.303904572910184767e-10 -7.345221597182950023e-11 8.041436503962542567e-10 1.347922747472955559e-10 -1.480320883379756279e-10
1.605671693394728120e-11 6.767890270995994834e-11 4.413843721662659354e-11 2.289684439961208190e-11 2.348510595425943244e-11 -3.231483892691062267e-11 9.186193812545593805e-11 -4.496540270038583429e-11 -1.046285890103121743e-10 2.016699479048853794e-11 -2.705707980290959401e-11 -8.818932018417331727e-11 2.839477707693414859e-10 1.148810616425896691e-10 -1.074451691369065833e-10
7.173179536409798643e-12 3.362684158463801227e-11 1.843795658158266168e-11 1.006980953951820843e-11 1.269028418803321960e-11 -8.138289159639987056e-12 4.812759496196418098e-11 -1.200077085524631675e-11 -5.491240216242319276e-11 1.225701459757503635e-11 1.933612204909817944e-11 -1.393849990810803807e-11 1.774716289791069289e-10 -8.366295499003232652e-12 -5.107094802989587350e-11
3.261771260098437063e-12 1.472135099358228029e-11 7.864332672645630925e-12 5.465086168048221766e-12 1.149303398697866884e-11 3.586297701495141944e-12 4.682142945569458844e-12 -8.552961194691481809e-12 -2.672252512359457051e-11 -5.183086608239183319e-12 -8.204608155813204673e-12 1.865680625344910223e-12 7.136326010662079669e-11 1.660639719190894173e-11 -9.062260181862094936e-11
1.444923225754385195e-12 7.754185767136316312e-12 4.533342992547275814e-12 1.107996167752045298e-12 7.218645526062711795e-12 -1.877131823543544506e-12 1.732595734359614289e-11 -2.775072691303763536e-12 -1.870679805815494819e-11 1.885924053483219210e-12 2.715285770749440555e-12 -3.899301232165386277e-12 3.727429254076410412e-11 5.537157271012858431e-12 -2.491370128882376433e-11
6.377540881058800321e-13 3.647529252648807895e-12 2.801624814220442255e-12 8.494565607423707807e-13 2.004277706428925171e-12 -3.303261071743948232e-13 4.961360510605804530e-12 -2.488445250915769362e-12 1.228297555495742679e-13 4.540033881767393811e-12 -1.086936651049394017e-12 1.284243018628736973e-12 1.092148993125363659e-11 2.357795534687499644e-12 5.558058361200214623e-12
2.386631195815324468e-13 1.748781935961615973e-12 7.892337605768997003e-13 1.126772052401047053e-12 1.259720278588416495e-12 -1.636601881291999196e-12 3.113484931211266295e-12 -1.182535576933759045e-12 -2.887897679715234953e-12 -2.686613340055811901e-12 3.370065538748976331e-12 5.185434786730181804e-13 7.726402881209291771e-12 1.514192890752090148e-12 -1.046202788825597037e-12
-7.744794474006157101e-07 -1.747683818284566406e-07 3.493704106368876888e-07 -2.938307912218348472e-07 -1.800978389307210701e-07 2.528421541987287108e-07 -2.130545208123871459e-08 3.013374696808436546e-07 4.253740186381213436e-07 -2.605474415868516586e-08 1.104833692449367945e-07 5.417563448691667399e-07 -2.924010703569272776e-08 -3.950026075531205718e-08 3.213188339944571489e-08
-5.502556126586651773e-07 -1.964310523285812563e-07 1.911675828997613048e-07 -4.624874820973523873e-07 6.854012878548347490e-08 1.223327549725272265e-08 -3.062982274377617650e-08 2.687836144718886551e-07 3.676094207424081867e-07 -2.569517441250238180e-07 7.072256840528201023e-08 2.306033953914488325e-07 -2.667862794290916151e-07 5.043881119795064208e-08 3.217474527810915391e-07
-3.751891462171772747e-07 -2.537652901203447365e-07 9.165702342665935182e-08 -4.198342960302482754e-07 1.113480117062927047e-07 1.031891428355121848e-07 1.943567331213518251e-09 -3.425344494828316790e-08 9.635182645517404441e-08 -4.366944500418744738e-07 -1.007037117244268705e-07 4.550677077462977986e-08 -3.178895673322378878e-07 1.210088228676605931e-07 -1.137492932292644217e-07
-2.356908743987216575e-07 -2.695491632286983229e-07 9.441378737555258697e-09 -3.144260909408416822e-07 8.696892753164933757e-08 2.100682701441595272e-07 5.793079127033018191e-09 -7.230731706809416847e-08 -1.402721204425463779e-07 -2.494078113484608924e-07 -8.079015105881628965e-08 1.132501758269202934e-07 -3.967906477028223447e-08 7.194638153983479022e-08 -5.590050380050662768e-08
-1.373700099666805314e-07 -2.502008906467052112e-07 -4.472430400381229838e-08 -1.815499396525553984e-07 1.447493414478168836e-08 2.094408981793015520e-07 6.590725513950194008e-08 1.420814727316354732e-08 -1.359066603922302643e-07 -4.948010552183097975e-08 4.912773344639358863e-09 1.428530333918065538e-07 4.465428566828550235e-09 1.033464187827056773e-07 4.792455195613892351e-08
-7.242121397499237712e-08 -2.106593147109772293e-07 -7.557200956701774117e-08 -8.499167415773286703e-08 -3.744419737531662716e-08 1.910601842189792959e-07 4.523374667364269405e-08 1.193726561079357566e-07 -1.949225788829859843e-08 -5.230176153139673450e-08 -2.450608850783413953e-08 4.627384852808452978e-08 -1.150504628119687177e-07 2.096421972076807711e-07 6.502432877805623446e-08
-3.320290348477750464e-08 -1.590694057742754044e-07 -7.358613026916010095e-08 -3.543904759073048751e-08 -5.872373491953105790e-08 1.454848402127541200e-07 -7.220738717157964612e-08 9.844695197334076886e-08 5.674983161752697237e-08 -1.289492866585575325e-07 -1.691961481094959981e-08 5.488928805441966509e-08 -3.339862833265311263e-08 1.027770094852741494e-07 1.087928334960561005e-07
-1.193247091338918889e-08 -1.040097395457327358e-07 -5.750369039108892605e-08 -1.386624709831895648e-08 -5.056043740871126525e-08 8.321103710852934388e-08 -1.243990598553608726e-07 4.868219236748698497e-08 5.294509940882203066e-08 -1.198295630689338554e-07 -5.688962187915468340e-08 4.021649225605073338e-08 -3.621406982759972318e-08 5.891117447288394248e-08 4.139984852670487739e-08
-2.086779267493960753e-09 -6.259578853054549094e-08 -4.189394045292760015e-08 -4.444676043393235223e-09 -3.608341526184135228e-08 3.550155204466141224e-08 -8.321994919659084170e-08 2.678128813122912298e-08 1.901044458567003451e-08 -6.971005452173869629e-08 -7.287701807811894745e-08 2.355815561018766385e-08 -3.119202414050061739e-08 4.215866191735572191e-08 -1.060440201872080717e-08
1.459749776530861899e-09 -3.498392670718829771e-08 -2.794664832323490529e-08 -1.298120553265233254e-09 -2.442056048000955058e-08 7.353109792455411358e-09 -4.137384800654314584e-08 1.669487915852919690e-08 4.555072732739873269e-11 -1.072626137943895532e-08 -6.022740637651874893e-08 4.793195164017827972e-08 -5.353887983999125629e-08 2.182816847078804827e-08 -6.156126434938048163e-09
2.051650576854610712e-09 -1.700240571375606083e-08 -1.534918210436609831e-08 4.571393265091568311e-10 -1.904289194312928397e-08 -5.393945822934933554e-09 -2.712770918877811351e-08 1.199455836532057596e-08 1.983043498854373968e-09 2.330115988904513531e-08 -3.350876450238462128e-08 3.995878413753574857e-08 -4.888608042212718491e-08 6.932567555538812365e-09 1.123739479724899590e-08
1.666084636971365548e-09 -5.848865679987001348e-09 -6.055556654864973325e-09 -7.809225673597655266e-10 -1.294520054651618791e-08 -3.157820007088602179e-09 -1.641091226420320049e-08 5.429268684305627415e-09 1.422423574852174095e-08 3.093588860814849742e-08 -6.968694133432315483e-09 9.117757756084906708e-09 -3.516047231398326511e-08 -4.096339177887374107e-09 1.066014098659470713e-08
1.184861511286408424e-09 -6.623067469671958017e-10 -1.329529811663894730e-09 -7.325247855300751051e-10 -5.628354072055684487e-09 -1.113698723180711366e-09 -7.162607972710501084e-09 4.524870565974046368e-10 1.104093953645217039e-08 1.497256863789289498e-08 1.334503266206357165e-09 -4.892297188649548080e-09 -2.424167001841894351e-08 2.712195155860869847e-09 1.112857727289680603e-08
7.819988988999932486e-10 1.111721930037024685e-09 2.987582317314743979e-11 -1.238888059421119818e-10 -9.414283735060001690e-10 -5.921840828448988034e-10 -1.585790711182982654e-09 -1.357116272718476654e-10 6.350448752166494117e-09 4.688045369808425395e-09 6.592918916671322815e-09 -5.447575551359620796e-09 -1.966735369418798940e-08 -3.883389278866106881e-09 5.447193938701723340e-09
4.871657915125987491e-10 1.168214759666195140e-09 3.351138752438212964e-10 1.717523288260257920e-10 1.007591860271206720e-09 -1.047096095508382008e-09 1.501262779986714054e-10 -5.253520464240172335e-10 4.590271312489076165e-09 3.088702851837332722e-10 5.055938317741639534e-09 -1.755599534632759222e-09 -1.324107471543045535e-08 -3.382505655087279876e-09 5.563822105898321137e-09
2.970479249327555755e-10 9.158380355828559106e-10 4.199798629469999647e-10 2.247524149138443611e-10 1.181009584726918057e-09 -7.763439124596315548e-10 5.074802043989854276e-10 -3.730247518168740754e-10 1.457669849656084923e-09 -1.297129495561452740e-09 1.870750713025090941e-09 -7.621776676396693941e-10 -4.026301680162940189e-09 -2.843689453758288041e-09 6.726052958263541000e-10
1.831617198909745983e-10 6.501456245286523501e-10 3.785991409453946590e-10 2.727992133366056492e-10 9.420573735484125300e-10 -5.285048437240148223e-10 4.770494881067377690e-10 -3.209573332642626223e-10 -5.178805151527109757e-12 -1.208079421773777082e-09 4.614836633604947657e-10 -4.073856848495754335e-11 1.081049229109344429e-09 -2.385736287031387221e-09 -1.096998958601176947e-10
1.131894536983223002e-10 4.605506095122757044e-10 2.776213844622075795e-10 1.996743813356528928e-10 4.624130184373686274e-10 -2.582881844933885549e-10 3.389560479124397057e-10 -1.844158087516958112e-10 -4.623614225584192403e-10 -5.111979043524207989e-10 -5.531027343699505543e-11 -1.240277610297609798e-10 1.480365931852108875e-09 -9.372657440003706127e-10 5.172046882401229321e-11
6.710649847079868221e-11 3.000805239311748811e-10 1.647439449379521101e-10 1.115933625395743093e-10 1.563697949478595134e-10 -1.107792833397492862e-10 3.343599948519499730e-10 -9.571183236948226615e-11 -4.633738325979509386e-10 -7.020967572973900349e-11 -1.870138745978191348e-11 -3.097440148054318226e-10 8.560155595860618418e-10 2.749742549474855232e-10 -6.148325427848079417e-10
3.534112424646286463e-11 1.611351692368816719e-10 1.030124128418097779e-10 4.929205816025735548e-11 9.084066851352536070e-11 -6.664928803320597651e-11 3.149420546010734385e-10 -8.928427941098036639e-11 -2.584695661568578025e-10 7.722618941774031499e-11 1.310166166433593040e-10 -7.134500251544738959e-11 9.255961944073233288e-10 2.075791196446480214e-10 -1.441229639103520206e-10
1.587669647987422757e-11 6.614764799945946173e-11 4.296519597327690971e-11 2.320884395243744575e-11 2.326426877578655373e-11 -3.198441997580173706e-11 8.553083031617893420e-11 -4.289404325478006948e-11 -9.640035591965351395e-11 1.862561159610891771e-11 -2.459183858326503837e-11 -8.697982084307383390e-11 2.667501937073108566e-10 8.345299337584858406e-11 -9.915555907692545624e-11
7.233979509752397579e-12 3.419294849954580632e-11 1.859858447419915695e-11 1.005073568628369430e-11 1.218564481270643782e-11 -7.862175676532228347e-12 4.904043217032575839e-11 -1.223931717854504769e-11 -5.634032020895205243e-11 1.266827354961616571e-11 2.127702384904562335e-11 -1.370595540305275051e-11 1.787394640745739468e-10 -6.568386893598823119e-12 -5.592646027208475110e-11
3.261476980785986035e-12 1.462454747202271775e-11 7.821077390623529856e-12 5.523568018889650471e-12 1.177734464345631053e-11 4.137899501130491428e-12 4.057612310948785366e-12 -8.413536620983936530e-12 -2.685264561609811589e-11 -5.404506904607868761e-12 -9.694597236404786141e-12 2.291875890228301945e-12 7.272578928155207545e-11 1.667163040746982862e-11 -9.325416696229037002e-11
1.450882722356420156e-12 7.762630527628304917e-12 4.546737978798992271e-12 1.020052550337484175e-12 7.290933565641383520e-12 -1.919807942838737670e-12 1.764486885239170657e-11 -2.867923733227048194e-12 -1.910341276091739272e-11 1.936967435136330299e-12 2.425854432959455313e-12 -4.233538821297888829e-12 3.713312314455406924e-11 6.096517894674110341e-12 -2.480691091065832870e-11
6.373958980324492787e-13 3.634112533506472575e-12 2.807976010850196787e-12 8.352371964344594595e-13 1.994782847468479305e-12 -3.389527880017957378e-13 4.976522765827214322e-12 -2.476324830812642242e-12 3.653237923166783288e-13 4.734260284158625956e-12 -1.055348486214420446e-12 1.292299154166843950e-12 1.054967655417336607e-11 2.329193085018441864e-12 6.235285324636047708e-12
2.381950457631081556e-13 1.751808387163426815e-12 7.868957370624196106e-13 1.145297417027254507e-12 1.245101551153046256e-12 -1.679242639464557923e-12 3.116663105473773941e-12 -1.201894604363609640e-12 -2.849534170362127818e-12 -2.698681669010937034e-12 3.513377797230733466e-12 5.202614911946610708e-13 7.626451167603907890e-12 1.502942488965139700e-12 -8.332582662948281148e-13
-8.918133928482367522e-07 -2.445650910492724946e-07 3.511411133379023741e-07 -2.896867978544184625e-07 -2.144658988914048312e-07 1.575546248151760608e-07 9.294476096997323396e-08 3.292131354795374969e-07 5.549514486858227131e-07 1.211570948279576075e-08 1.586743041884571276e-07 6.681221912540813333e-07 8.719383465106694472e-09 -1.356228954082173240e-07 2.906609411365156605e-08
-6.252826828680722259e-07 -2.751426640788709861e-07 1.738031785994926193e-07 -4.939513049849548106e-07 4.768228216978957438e-08 -9.112098777489770734e-08 1.690162043558927331e-08 2.949264829492478588e-07 4.457977892865499837e-07 -2.604395186441878992e-07 1.151696998904935046e-07 3.201357069117830518e-07 -3.125416077072927579e-07 5.408707412152842628e-08 3.651874646758092756e-07
-4.201503514314789171e-07 -3.415599290159431219e-07 6.756925774009315197e-08 -4.589010776411116697e-07 9.051639981354299116e-08 7.558509942927312128e-08 8.190864547280328772e-10 -5.758718774073566074e-08 9.474383651292641799e-08 -4.806556384579646914e-07 -1.028113764739855362e-07 1.061904305604774509e-07 -3.906287279664436676e-07 1.070222475714044952e-07 -2.362056572316675783e-07
-2.589928701033357432e-07 -3.487598104933082362e-07 -1.816289922059326639e-08 -3.496161436601396948e-07 6.887999345910184293e-08 2.337151029812958467e-07 -9.735349431590189417e-09 -9.287178708338873367e-08 -1.922685479672319886e-07 -2.711121806024215487e-07 -6.133630369010893818e-08 1.601628098508188916e-07 -5.140353874799426829e-08 -4.958005482281715734e-09 -1.011917571462479832e-07
-1.474179426790537985e-07 -3.109021527262514843e-07 -7.235993209950704730e-08 -2.069963870595171509e-07 -3.829392004952528814e-09 2.417607370028485079e-07 7.521296602540760920e-08 2.221826707138591838e-08 -1.505282162482636089e-07 -3.779624905161710889e-08 2.392894548428815713e-08 1.461608017165308727e-07 -2.886151298474374307e-08 5.259969876714684556e-08 4.370078436180775371e-08
-7.522550274513164925e-08 -2.516608323158746983e-07 -9.826267421294157474e-08 -1.000279599404278697e-07 -5.327452021830096227e-08 2.256541541565462400e-07 4.802910328262222009e-08 1.528425942435076494e-07 -2.707980823083648180e-09 -4.027230246454303246e-08 -4.774824574445458438e-08 1.379742913201320380e-08 -1.531767394502208303e-07 2.250036934853953992e-07 5.800876205877880291e-08
-3.272507489311707241e-08 -1.821242270627454476e-07 -8.705883088034913962e-08 -4.417047388606572732e-08 -7.025080733783371721e-08 1.706387364669209486e-07 -9.118314399481289882e-08 1.185054851466376031e-07 8.394816161636955055e-08 -1.173521675197961159e-07 -4.562296032465003177e-08 4.496248075235155480e-08 -3.613373910906352952e-08 1.121043672788794209e-07 1.301531275375389916e-07
-1.047067070137376916e-08 -1.140287950701620608e-07 -6.378839558725087256e-08 -1.926527353055429849e-08 -5.594849597473242988e-08 9.630009837709118694e-08 -1.454146926552639765e-07 5.563060264554362422e-08 7.069427343584593346e-08 -1.103969965635462312e-07 -8.242263478009301083e-08 3.495774262298995163e-08 -4.735449497610150539e-08 6.381400302253896687e-08 5.928601394517707970e-08
-7.462366386144865607e-10 -6.627590511821493915e-08 -4.515523210711073494e-08 -6.996534485176635791e-09 -3.833244399973287822e-08 4.049780390533699422e-08 -9.226759021615596347e-08 3.030359710063923213e-08 2.222410927413836139e-08 -6.731448896947313456e-08 -8.927560151779467514e-08 2.434884996339447891e-08 -4.001006700558494196e-08 4.260878932180845993e-08 -3.632967096096349012e-09
2.354477989786303949e-09 -3.597799298491676590e-08 -2.974016055200176485e-08 -1.453775735412952595e-09 -2.607292911662340888e-08 7.892103887916268170e-09 -4.594706122491595134e-08 1.935500388031265129e-08 -3.032268690463614953e-09 -9.634538841815541821e-09 -6.967513724457506015e-08 5.702760804005432887e-08 -6.726835550175066794e-08 2.246865085214785347e-08 -5.490095174773860408e-09
2.535160451210233789e-09 -1.666005842338554442e-08 -1.580723612027172654e-08 1.089288338963312030e-09 -2.112028786379053660e-08 -6.943478808048654432e-09 -3.191639031811678046e-08 1.335943508376219686e-08 2.795686961345566423e-09 2.738385425941126025e-08 -3.464726206813342772e-08 4.466345679874884731e-08 -5.651061406332166020e-08 5.867790969187394350e-09 1.552197771410372008e-08
1.916178253007748395e-09 -4.871426614402784196e-09 -5.710409365418567344e-09 -5.949747585060764222e-10 -1.388446371743615604e-08 -3.658724398296463832e-09 -1.759877504315569210e-08 5.750610827461235496e-09 1.679519966415742858e-08 3.403529398923722328e-08 -4.797887515060593107e-09 9.144989822417170538e-09 -3.779060218845298180e-08 -5.520530141562845648e-09 9.323432164116457325e-09
1.326291487921648530e-09 1.148949554067181424e-10 -9.141640656660928629e-10 -6.308147694932846321e-10 -5.536842077937353014e-09 -1.384504662628662323e-09 -6.880466242339190799e-09 2.754820991605239798e-11 1.217981490005787396e-08 1.499644334885979667e-08 3.371991408488005585e-09 -6.034095665686029790e-09 -2.643329932644320755e-08 2.896196546114988803e-09 1.079943957749142039e-08
8.593188038220224684e-10 1.590291871749559945e-09 2.550928105308296144e-10 -4.687036514881604723e-11 -4.214975007717349769e-10 -9.535462028742285752e-10 -8.141555878959569338e-10 -3.257350136218992916e-10 6.946109634314702620e-09 3.968134145937933670e-09 8.488536729720062067e-09 -5.820625212051153926e-09 -2.174063589083894229e-08 -4.704720946302649234e-09 6.494573222603176796e-09
5.282710051012483613e-10 1.391818437808489126e-09 4.638197793612430754e-10 2.409590004346250491e-10 1.433650081218924098e-09 -1.382524867184937161e-09 4.375459819857995557e-10 -6.795659670207356251e-10 5.062113364647422954e-09 -4.054492589993398566e-10 5.765706287197880338e-09 -1.741941880308390700e-09 -1.425162069332494762e-08 -3.880768751795872022e-09 6.578930109598994855e-09
3.217996406214320127e-10 1.052686020876540407e-09 5.232615232510681260e-10 2.953966902039023712e-10 1.451457476042142408e-09 -8.831260976693421380e-10 6.757303903334779492e-10 -4.184252673851192773e-10 1.285143228027950223e-09 -1.766249122034342133e-09 1.820829464828297367e-09 -5.941539595754139007e-10 -3.209186109786400045e-09 -3.353898905501962717e-09 4.639824811579868579e-10
1.990615330962104708e-10 7.369184838582414091e-10 4.461023954381215452e-10 3.366392014848758892e-10 1.061773090073361881e-09 -5.828225684010234095e-10 5.632198632773353319e-10 -3.711090045890216063e-10 -2.688452680576904610e-10 -1.415466026302380208e-09 3.456859258539315469e-10 -6.884568099463279468e-12 1.746533403958402526e-09 -2.631133508879564332e-09 -2.210886133886024755e-10
1.233483679056417828e-10 5.208776163466785637e-10 3.149877025685333269e-10 2.284148358568409268e-10 4.601525402738090367e-10 -2.603008486582181096e-10 3.681759620831319074e-10 -2.117951595504124793e-10 -6.228854655244926532e-10 -5.168765424300286181e-10 -9.314914721729775053e-11 -2.083370456548299272e-10 1.683696394669441107e-09 -7.809953201843771408e-10 -6.947271970882943883e-11
7.208923910724865821e-11 3.312207407050692202e-10 1.818056817940048262e-10 1.198830925703760116e-10 1.418387871655418748e-10 -1.116869890631294981e-10 3.914259031408839860e-10 -1.163497782155698902e-10 -5.615235538503415333e-10 -2.701254914504108975e-11 -2.153678516330046122e-11 -3.704481049178833338e-10 9.925510484441776723e-10 5.219331096130626676e-10 -7.715055472480013120e-10
3.656804387655353442e-11 1.672715741862230665e-10 1.099893787026616924e-10 5.005275392457342381e-11 9.100263979426590761e-11 -7.284211898300440387e-11 3.454996591265216556e-10 -1.045371082127916628e-10 -2.856118041982014097e-10 1.053583968982837688e-10 1.316950881902815291e-10 -7.014268342366710519e-11 1.041367437296600737e-09 2.792222817441590388e-10 -1.413249040603470618e-10
1.570856610860494277e-11 6.466246408645457845e-11 4.187938008627680472e-11 2.348751141743086600e-11 2.311577745823511010e-11 -3.181441581450686827e-11 7.964319408239806304e-11 -4.120526192783926187e-11 -8.861665712734425098e-11 1.731137755756033860e-11 -2.224916733924112661e-11 -8.557715338524435951e-11 2.510836239262154880e-10 5.388109051466941977e-11 -9.014896779243955514e-11
7.284505410659559290e-12 3.469720917697321599e-11 1.872342525955007725e-11 1.000176458145174968e-11 1.167063548224466212e-11 -7.535244484482214778e-12 4.978291300855475650e-11 -1.237004184531972478e-11 -5.749505626724376514e-11 1.306116437994553411e-11 2.314411727580428106e-11 -1.366006407386638793e-11 1.795723462199271402e-10 -5.025152954211819033e-12 -6.094469002555894196e-11
3.263455408964370041e-12 1.454566675987099697e-11 7.790589566232471949e-12 5.589268283012013541e-12 1.205721048863036730e-11 4.643153506231759886e-12 3.457901844988606125e-12 -8.318943213812109117e-12 -2.706236954089170836e-11 -5.676855759907227092e-12 -1.118772132237867703e-11 2.764111600851035299e-12 7.415752425023267976e-11 1.673492392423471716e-11 -9.572224788541308549e-11
1.454117033628569131e-12 7.759200758955693778e-12 4.548844373413931999e-12 9.366555637062583754e-13 7.378941352936928222e-12 -1.948688509207893257e-12 1.792405242349373675e-11 -2.912906745572643096e-12 -1.939102519195478409e-11 1.960939690447748731e-12 2.169677307982457455e-12 -4.535664752448161785e-12 3.689299634716244165e-11 6.365659216805525282e-12 -2.461834643820941438e-11
6.380530424783869498e-13 3.626387633121487963e-12 2.817450327102999737e-12 8.233876828180138107e-13 1.976170506630298851e-12 -3.516438320286014164e-13 5.002087076504484895e-12 -2.476432975528810630e-12 5.670675676917600705e-13 4.946672266711224217e-12 -9.993077497547823717e-13 1.314369414632852541e-12 1.020567826715507885e-11 2.406864995269717749e-12 6.856882883196900038e-12
2.379065212971002964e-13 1.756179598095969439e-12 7.848679795019673487e-13 1.161263906220297102e-12 1.228687415846655637e-12 -1.721019175424693833e-12 3.126001047934067154e-12 -1.225851507228938501e-12 -2.814097749133080193e-12 -2.713898845127025414e-12 3.654575644471793515e-12 5.020746853096091581e-13 7.507809486746752897e-12 1.529253573856737454e-12 -6.428909720988345039e-13
-9.711536153225383889e-07 -4.411841771552351942e-07 2.810279292283499984e-07 -1.617373111138380294e-07 -2.694902605606510051e-07 -1.909949937004560117e-08 1.905928954187403536e-07 4.748667180523051539e-07 3.251615247128395331e-07 -3.987159845378638600e-08 1.187006186559098518e-07 4.036828402810011199e-07 -9.992242700063121173e-08 5.257470180589830749e-08 -2.818380207859023730e-07
-6.651841037740477567e-07 -4.423615199306578662e-07 1.059224252315128520e-07 -4.582682745852350471e-07 -2.926524698398477119e-08 -2.090617579356061385e-07 -1.124746184072634833e-07 3.957732407419542784e-07 2.920036231815747283e-07 -1.635068533175566016e-07 1.193253817993974261e-07 2.436025406640478240e-07 -7.733223219521201900e-08 1.606056078849320926e-07 2.192392556042024653e-07
-4.378013516396239003e-07 -4.710418912558091830e-07 1.700290103124611070e-08 -4.840293384043930715e-07 2.503117172379487048e-08 5.679615873399592918e-08 -1.876968203333136574e-07 -6.202510181953791067e-08 3.180667834166830673e-08 -3.619922628468868082e-07 -1.489508786727397741e-07 1.615381870846349402e-07 -2.186314745919219690e-07 8.959844983885835821e-08 -3.200513520368767355e-07
-2.632444323377063219e-07 -4.264553036008850967e-07 -5.606922018060482955e-08 -4.012408504463434007e-07 3.043628883616414591e-08 2.738057248619239336e-07 -1.067795317615909736e-07 -1.200663038242715029e-07 -1.788820215602162590e-07 -1.689911475320731011e-07 -4.999739640062169068e-08 1.852968025154283542e-07 -2.055434413931271032e-08 -3.939180255787494014e-08 -3.998754090779024278e-08
-1.460150618490206263e-07 -3.484948937129362832e-07 -9.686328972803285309e-08 -2.551832028671497756e-07 -2.752614669372869699e-08 2.910900681746414944e-07 6.393686076696188423e-08 3.482357607616273284e-08 -7.846389019687773905e-08 -9.456769921691449381e-09 3.704514129082900775e-08 7.897147782678362812e-08 -4.056173258059384683e-08 6.050582116821959038e-08 8.911781378385641349e-08
-7.224647447889142073e-08 -2.650806941860436581e-07 -1.090321012097972784e-07 -1.260423248306529401e-07 -6.546049580403726450e-08 2.651073897729967895e-07 4.441762148086047451e-08 1.816288297048959017e-07 5.087940373197886187e-08 -4.914860132267630867e-08 -7.291692140380323267e-08 -2.025140268339623002e-08 -1.110693547523504535e-07 2.157071792239038965e-07 -5.831518310826727999e-10
-3.007224689217286682e-08 -1.828062621068690617e-07 -8.884705759898405670e-08 -5.661394869919947622e-08 -7.558363190548386716e-08 1.898943588718880914e-07 -9.034064044759147188e-08 1.261226906846486159e-07 1.245496570532159170e-07 -1.018910273392699953e-07 -6.238288630032471006e-08 5.912880042093880882e-08 -1.312208950739699683e-08 9.006580086021447040e-08 1.195509790635505919e-07
-8.744007063363713431e-09 -1.114395391858675557e-07 -6.208390280854115339e-08 -2.512738022271914687e-08 -5.704836509827375144e-08 1.043214904018062803e-07 -1.438645200420621778e-07 5.272464514635146432e-08 8.695592752189502376e-08 -9.499402630029829813e-08 -9.960991609114223036e-08 4.844940215910015893e-08 -4.751404728044926993e-08 6.042112431747006160e-08 6.607428995584106860e-08
1.508193137285308071e-10 -6.472027470801999223e-08 -4.485948272442953355e-08 -7.429101468240844557e-09 -3.944147299222886066e-08 4.248690312270779105e-08 -9.263476422455777770e-08 2.994416336933880604e-08 2.034900985469900769e-08 -6.632055802082456985e-08 -1.038951937091054144e-07 3.651072036756177351e-08 -6.119954219478372137e-08 4.011308150554626034e-08 2.326910915514835790e-10
2.723628542374559408e-09 -3.496573947280308719e-08 -2.948112220027714223e-08 6.599087520060160353e-10 -2.839166382009764910e-08 6.529765566322621139e-09 -5.347805009130048385e-08 1.998931558528152128e-08 -5.902724727324763317e-09 -1.034343621696222565e-08 -7.609133435641205870e-08 6.455915614750893424e-08 -8.392947585446270920e-08 2.746506665870957691e-08 -1.014645462974033228e-09
2.673440501442497086e-09 -1.524445834816530389e-08 -1.511228002343012231e-08 2.105434805630210751e-09 -2.247703953192400116e-08 -8.783479536384568871e-09 -3.375624333230364072e-08 1.477638842137575406e-08 3.938092421360218716e-09 2.916526065902690752e-08 -2.838238440694319433e-08 4.482735724266912891e-08 -5.463109088310290914e-08 2.207265280974175606e-09 1.571612910751792665e-08
2.016659857593906691e-09 -3.910280243794495120e-09 -5.161381371132111149e-09 -3.716882917897603707e-10 -1.345909502337398217e-08 -4.047966011127169078e-09 -1.549387430003310470e-08 5.135171315070923217e-09 1.680610035504474937e-08 3.324461157728800217e-08 -2.641715186048447506e-09 8.650800741959783952e-09 -3.831666048141892037e-08 -5.621644174809287021e-09 4.514775125427801365e-09
1.381945565410452564e-09 5.704190109104782335e-10 -6.585370712296259622e-10 -5.808401500925302621e-10 -4.844818699186686889e-09 -2.052740302600983181e-09 -5.552748418330746084e-09 -4.614672630089292989e-10 1.321065985327103766e-08 1.440320766156835332e-08 6.201126306893013636e-09 -6.513171894387546813e-09 -2.895254164840086952e-08 1.746000013441361494e-09 1.462424388696546901e-08
8.885612473430717455e-10 1.738587883521242062e-09 3.613525428287276780e-10 -5.019577918732799201e-11 1.094480641047083359e-10 -1.397323586401135012e-09 -5.030992279508967429e-10 -6.305171557427284221e-10 7.679217712923291247e-09 2.956822244553350700e-09 9.569750910515204983e-09 -5.781608097950886750e-09 -2.361197282948736214e-08 -5.464402136097729438e-09 8.879941770264027026e-09
5.485958803135678309e-10 1.513916867980165560e-09 5.788620743599266540e-10 3.550759691546968587e-10 1.667224057736933571e-09 -1.475627912043274042e-09 4.772567834591119416e-10 -7.449296386162816008e-10 4.751476898322707322e-09 -8.815054617614499187e-10 5.649685752582328055e-09 -1.392804684372521749e-09 -1.292219214583621669e-08 -4.590188528251037554e-09 6.513283545730824457e-09
3.365869499548828113e-10 1.148386476513856859e-09 5.827891898081609143e-10 3.841760886551268144e-10 1.542595756743966019e-09 -8.947098300768214758e-10 7.664696749689672243e-10 -4.475615993655514843e-10 7.722601446977024027e-10 -2.049362335117769637e-09 1.633710016907368169e-09 -4.792112525686515331e-10 -2.233294554296508090e-09 -3.398248449155141553e-09 -1.862497427946813288e-10
2.090448349183516275e-10 7.924187377414879872e-10 4.783319475986693935e-10 3.579974107336409567e-10 9.799985822844344266e-10 -5.668205730595591771e-10 5.242836933261925778e-10 -4.398329756584272758e-10 -4.285715075685061103e-10 -1.344266597870936265e-09 3.003278224428776000e-10 -2.219289366371190738e-10 1.567404835797017798e-09 -2.216995903660235779e-09 -3.641968244729646281e-10
1.276409365896564837e-10 5.523000514035768767e-10 3.288151182276355496e-10 2.262668796911413766e-10 4.196039158289762620e-10 -2.533556465736118322e-10 4.382743393473325509e-10 -2.239199829355860601e-10 -7.250652047436851637e-10 -4.690703896096067277e-10 -1.046706851201615938e-10 -3.432890107223968832e-10 1.810962795372623423e-09 -3.516809009213630320e-10 -3.417674401957798684e-10
7.168729528824379834e-11 3.257562891879591566e-10 1.850291502723506063e-10 1.154257586584898602e-10 1.516129718305387297e-10 -1.182706367189751790e-10 4.345635239624307378e-10 -1.348758143726580791e-10 -5.767379350543540579e-10 3.631961062914975281e-11 -4.849029710173731741e-11 -3.352488984734920664e-10 1.152326184207168015e-09 6.044466778077425711e-10 -7.476829176984843314e-10
3.535517157487300515e-11 1.593841762440533874e-10 1.049215434856468917e-10 4.934609214233470209e-11 9.450968410596839284e-11 -7.266518999678993992e-11 3.200175817360720090e-10 -9.461781476257212973e-11 -2.497504528710862410e-10 8.982619928425063773e-11 1.477610984965125157e-10 -5.218419643313551124e-11 9.831273943199119242e-10 1.621346977330985410e-10 -6.163758730755235908e-11
1.572079005449751724e-11 6.525373026029952370e-11 4.116820045124358696e-11 2.407366576124923499e-11 2.290331764625448787e-11 -3.069093835249057614e-11 7.662187545386953602e-11 -3.839117107274334880e-11 -8.770067399672297500e-11 9.804417323716604249e-12 -1.982574951987969601e-11 -8.868856110608288521e-11 2.325152668281578840e-10 4.617968637818912359e-11 -1.069529030087031599e-10
7.395512877160909489e-12 3.527934475557648790e-11 1.946320964102811758e-11 9.817310153723601575e-12 1.099068308575207481e-11 -7.874464676783868937e-12 5.348001557164141328e-11 -1.444881379634164296e-11 -6.150833266402248996e-11 1.733216047671927613e-11 2.087915017347059601e-11 -1.442691363946331283e-11 1.920870238302597920e-10 1.045101487625711289e-11 -6.502628222333344669e-11
3.224509239498674674e-12 1.433206072747749503e-11 7.538390243912190096e-12 5.622950472010449166e-12 1.231381427564002419e-11 4.867207138742952548e-12 2.256253058046805676e-12 -7.599488489494581963e-12 -2.579961215284605848e-11 -6.954088258341349585e-12 -1.064383330968247318e-11 3.032485019437233496e-12 7.012768637106106363e-11 1.197182761796005093e-11 -9.494949702027141109e-11
1.456014282724931109e-12 7.752552434271161380e-12 4.568398646293620800e-12 9.136576679395876003e-13 7.364809511867948103e-12 -1.972706376692264828e-12 1.801242791936897064e-11 -3.004963462110676348e-12 -1.951569504351868983e-11 2.155177654434840368e-12 2.110084048097248056e-12 -4.479885265336891742e-12 3.728261212839011656e-11 6.724479556446091470e-12 -2.410463802016939835e-11
6.390764574394444357e-13 3.630629702910394271e-12 2.819584895632212109e-12 8.196138243265525654e-13 1.982195298792470885e-12 -3.572487675146689787e-13 5.067395549961226567e-12 -2.472043232765111835e-12 5.653876106630751187e-13 4.945873627113281554e-12 -1.040180199350956883e-12 1.271253414409677722e-12 1.028243494784360060e-11 2.509696159999653036e-12 6.815366281458762073e-12
2.375117824163713976e-13 1.754492011724047716e-12 7.856625307162237977e-13 1.164497934162239953e-12 1.224669915633982788e-12 -1.724297561546912684e-12 3.107034820130782238e-12 -1.227628602458463065e-12 -2.805060470097393846e-12 -2.690200709586301927e-12 3.663609511907672541e-12 5.237917713756986014e-13 7.506762714142851949e-12 1.507618941516770460e-12 -5.822887090470313669e-13
-1.162278980894552192e-06 -7.388737959531289592e-07 2.025991754815909577e-07 -2.971967668135769019e-08 -3.606737835542447043e-07 -2.701829982442556856e-07 3.668504741728731296e-07 6.552535988151051221e-07 1.693105477481886469e-07 -8.346112506885799382e-08 8.365853578752412036e-08 1.449587780798184126e-07 -1.372527869623642481e-07 1.710074602928539041e-07 -7.038255344570618593e-07
-7.750309328148591071e-07 -7.009369808328392480e-07 1.800958114329778079e-08 -4.607372629519649264e-07 -1.285892918083803566e-07 -4.172771515595903347e-07 -2.358135811084324052e-07 5.314057424670520393e-07 1.709375056863791425e-07 -6.982081743218775990e-08 1.355758423278220050e-07 1.514176427719638695e-07 1.576346127192348566e-07 3.015009897496426681e-07 1.423688869028754266e-07
-4.968391671219301180e-07 -6.871512056989836442e-07 -5.589325740404073323e-08 -5.569308589506215168e-07 -6.303304990058804639e-08 7.621780072874330434e-09 -3.939537542041228331e-07 -9.774199233762329624e-08 -3.064803645171154927e-08 -2.649061708334440352e-07 -2.245936141483828962e-07 2.344323245295471333e-07 -1.046549275209596266e-07 8.800802798912463825e-08 -4.215651256037454774e-07
-2.885825099995980366e-07 -5.762032254833043309e-07 -1.190176708730053413e-07 -4.943821355156457851e-07 -2.983848366466814074e-08 3.385815702900046879e-07 -2.144928714653778434e-07 -1.661796905680539212e-07 -1.878361278188964180e-07 -6.283404408761283254e-08 -2.741629119056665922e-08 2.425002602069381407e-07 -3.242506083024514478e-08 -1.198299555616178674e-07 1.072405009590812448e-08
-1.535775528067830434e-07 -4.395202048161130747e-07 -1.454432433598653313e-07 -3.295453719001238868e-07 -7.232098254501746412e-08 3.741712901663684831e-07 6.380664098510986712e-08 5.645400898459370488e-08 -1.426226688072432232e-08 2.518969316566627789e-08 7.435803461730064560e-08 5.666428830756610323e-11 -7.915657974977975445e-08 1.790416207553456482e-08 1.157046069363081582e-07
-7.167821214878483427e-08 -3.142055567313183787e-07 -1.395660309952059528e-07 -1.660985771886187903e-07 -9.421004611623612375e-08 3.373519521066174401e-07 4.446788814889253896e-08 2.408014687132094877e-07 1.204779362388417262e-07 -5.106875171235735787e-08 -1.136347166785245041e-07 -7.834920881540673129e-08 -1.005130813786269939e-07 2.053252836374775667e-07 -7.625631799991538290e-08
-2.692201646343424752e-08 -2.038072257229283950e-07 -1.025908921205751803e-07 -7.667612239072130047e-08 -9.259080789894913160e-08 2.322181738194782648e-07 -1.054286167572287612e-07 1.518904344530038659e-07 1.895281165962392487e-07 -7.715033008453852559e-08 -1.014942706964364140e-07 6.698384821505593856e-08 7.365408077229239251e-09 6.945925425277158042e-08 1.221205227497721495e-07
-5.654261536651632964e-09 -1.179601499117393062e-07 -6.614014431323469127e-08 -3.572777909338696374e-08 -6.371982951946512921e-08 1.242073264166057301e-07 -1.608335902005182066e-07 5.537986675148399176e-08 1.176415030123155274e-07 -7.092622952415276862e-08 -1.406765837253481468e-07 6.041489154003418391e-08 -5.659285057133549644e-08 6.280690862418695484e-08 9.023669927924672109e-08
2.287122396060587278e-09 -6.671426249730289853e-08 -4.769667146649207116e-08 -9.824228026333879495e-09 -4.295825410857251923e-08 4.907188845630364496e-08 -1.026330228572559371e-07 3.306931291664355420e-08 2.180430465344117051e-08 -6.304342067039905480e-08 -1.342620345449897125e-07 5.033562311301848497e-08 -9.379505450844687688e-08 3.702839853591433799e-08 1.018222962688359674e-08
3.913708722418910004e-09 -3.495128986313345795e-08 -3.083848093140911727e-08 2.745450334257134537e-09 -3.266689864433060226e-08 5.457661341559914284e-09 -6.677518342269968520e-08 2.322890472639431771e-08 -1.058546376459439083e-08 -8.928876854509004235e-09 -9.172196659850004855e-08 7.898643812396021854e-08 -1.150994085099526934e-07 3.410792859167357728e-08 6.692096719809197917e-09
3.275330060400279687e-09 -1.340117719292823832e-08 -1.482675876727225022e-08 3.718101216773902417e-09 -2.545673666715372463e-08 -1.201974770185648785e-08 -3.874419546569585434e-08 1.746232775785636182e-08 4.772275522233262217e-09 3.394920307268661398e-08 -2.271239452102220980e-08 4.990471373154498819e-08 -5.788039833352978504e-08 -3.255858095442430638e-09 1.635915986373004668e-08
2.356524427420094116e-09 -2.036919526027055456e-09 -4.294428221962626580e-09 -3.034474451399671424e-12 -1.389513570920963365e-08 -4.986527476043906655e-09 -1.453191634482807605e-08 4.755117315942790836e-09 1.951392974301241346e-08 3.541513908985556895e-08 1.878136379702598267e-09 8.122532100002250675e-09 -4.191256046883728732e-08 -7.410798644949394488e-09 9.236628768998851602e-12
1.570521356717916209e-09 1.759766776374946459e-09 -6.533410993445227257e-12 -4.436063644150569766e-10 -3.999071310169099053e-09 -3.100383364947834679e-09 -3.880830856140304779e-09 -1.387938813410943714e-09 1.538628226710084850e-08 1.373703742851599402e-08 1.118751772305505307e-08 -7.900732007357701744e-09 -3.360957978299731203e-08 7.801804751331752874e-10 1.885571863914908183e-08
9.912403453772849024e-10 2.334361948312926256e-09 6.936768577379171397e-10 4.046075036702149993e-11 1.092571108415734747e-09 -2.172580241743648540e-09 3.682388469376131849e-10 -1.145755994185097877e-09 9.036521148666514222e-09 1.327180072781745600e-09 1.233498734498698047e-08 -6.215908266502832819e-09 -2.737620289853914933e-08 -7.126821359203601946e-09 1.229691245802753994e-08
6.092756583376900770e-10 1.867180228254589505e-09 8.118126859106972955e-10 5.456836558627061260e-10 2.321531690352255512e-09 -1.834011898827292752e-09 8.566498396034322897e-10 -9.082208028560838831e-10 4.685174101282385060e-09 -2.127443896244855462e-09 6.199303465976687216e-09 -9.194134635441741787e-10 -1.224758277841141575e-08 -5.749310402547157521e-09 6.905435564044847187e-09
3.752437966305161297e-10 1.370445570980635719e-09 7.398989373803162415e-10 5.364935591949411054e-10 1.841789960883000346e-09 -1.032544332030964655e-09 9.714327005966545338e-10 -5.686355330428582828e-10 1.405824300554138773e-10 -2.730571223834622447e-09 1.423835236689158116e-09 -2.977175995125089040e-10 -8.071601489413188087e-10 -3.800279953675012932e-09 -8.116486144910183128e-10
2.343201570945091381e-10 9.364365723788555817e-10 5.732143071096490607e-10 4.345410109577503300e-10 1.003541110259012804e-09 -5.894375848361227809e-10 5.764805277489791737e-10 -5.265053049456062026e-10 -8.442137071026627035e-10 -1.495078207732782581e-09 1.265524047838806641e-10 -4.538761251134914998e-10 2.067561363208787144e-09 -1.961692175222542135e-09 -8.359655810135540375e-10
1.409437233774464075e-10 6.346735331201232539e-10 3.783493647549805264e-10 2.508418345307356718e-10 3.913057979044810423e-10 -2.524577932975983739e-10 5.561383021762684343e-10 -2.727489397300229277e-10 -9.844583059603830861e-10 -4.020151407754607157e-10 -1.703952846242520045e-10 -5.191120940670147206e-10 2.191464127385043641e-09 2.270640483911187038e-10 -6.964248780855132038e-10
7.567568860534688561e-11 3.480513126816000146e-10 2.025354641699322866e-10 1.190877244500613494e-10 1.487961690820517652e-10 -1.251790836139477146e-10 5.193633809728223190e-10 -1.662549304270187922e-10 -6.678738351017986497e-10 1.296103819342151075e-10 -6.650926098148492378e-11 -3.543533663571846672e-10 1.407481165182850242e-09 8.651166162374753518e-10 -8.328778190966485955e-10
3.538964991797693683e-11 1.578294230444416701e-10 1.065116980089740440e-10 4.990434997016207090e-11 9.690336434512990434e-11 -7.783453983148027869e-11 3.201608230316304813e-10 -9.918935908330080391e-11 -2.398179093670734493e-10 1.000821897514713773e-10 1.675713816893353694e-10 -3.376730137724534350e-11 1.025989603563026481e-09 1.085811898052170895e-10 2.619994797077919187e-11
1.576045667765081515e-11 6.557891176813395898e-11 4.031316718774509342e-11 2.474342098898110179e-11 2.195067393491713587e-11 -2.984199515006883077e-11 7.370067220615322380e-11 -3.608127522894006965e-11 -8.630997503350469432e-11 3.600969770229737482e-12 -1.982336296596571042e-11 -9.440236195127655290e-11 2.134752946924499578e-10 3.455821658213987103e-11 -1.338486850275234191e-10
7.435729810944804074e-12 3.558282281695862027e-11 1.982629597246980894e-11 9.586931237164027884e-12 1.031324550322130841e-11 -7.786941376254004924e-12 5.496701371828338975e-11 -1.559300524655602958e-11 -6.245953595183225224e-11 2.084736435143121292e-11 2.278240353023592560e-11 -1.276035770687794485e-11 1.983916608350740106e-10 1.402537093381593403e-11 -6.267017299383591938e-11
3.227982134495716534e-12 1.429827308224446959e-11 7.443182050711636010e-12 5.716931628129287351e-12 1.266461389535042174e-11 5.506016982162551542e-12 1.501512368569179131e-12 -7.227630467475003311e-12 -2.616036101812019425e-11 -7.978847590391783330e-12 -1.243154049789003678e-11 2.996259027299078074e-12 7.012332578298042270e-11 1.200101297821682429e-11 -1.001247437108570370e-10
1.454811932192226413e-12 7.714703630963350525e-12 4.553066865619509643e-12 8.171087718693336682e-13 7.475501959544435735e-12 -1.990071829140030549e-12 1.823086467265121459e-11 -3.012944128206918895e-12 -1.971061405286685581e-11 2.185002112428986552e-12 1.923578523895769747e-12 -4.655533820804025613e-12 3.692475565237656481e-11 6.544453712853451055e-12 -2.329894518269649457e-11
6.406275033590274294e-13 3.624282395836218117e-12 2.829440278923337704e-12 8.055972554321372376e-13 1.966772579552652227e-12 -3.786309330237909853e-13 5.134735794301963512e-12 -2.471083572838159483e-12 7.691545622390144371e-13 5.170396404957842108e-12 -9.697309355270032744e-13 1.297325900898171876e-12 9.990733540948321905e-12 2.644035176681909159e-12 7.506076151498494286e-12
2.368566505695473220e-13 1.757757469726480177e-12 7.841258397024917031e-13 1.180800579201375444e-12 1.202645302898173934e-12 -1.768602577862514478e-12 3.100342687584609541e-12 -1.257292514313792840e-12 -2.759457674938802274e-12 -2.686099864866471196e-12 3.815208602194000707e-12 5.107837925649235592e-13 7.365837526328153008e-12 1.533886761789998517e-12 -3.389143685785685492e-13
-1.449147700196712653e-06 -1.538863456229632955e-06 -2.320601885818297324e-08 2.502199041518001055e-07 -5.510969146940567130e-07 -6.698104955906554328e-07 4.746520310908009666e-07 9.512022363359097143e-07 -4.281158404939207360e-07 -1.849174819005640384e-07 5.156100339871392476e-08 -7.729051174649943791e-07 -4.896589835797207000e-07 6.628123079876342704e-07 -1.156564565512439439e-06
-9.191381383599836878e-07 -1.249080972137366765e-06 -1.607237188128139675e-07 -4.767115712695739195e-07 -3.067452081501062538e-07 -7.842150591413564982e-07 -7.667554819352737531e-07 7.784937466048452779e-07 -2.033603230519763202e-07 2.874095402058415823e-07 -1.059593265977311934e-08 -3.649031715921383467e-07 6.869307499649600387e-07 9.568270591255164105e-07 1.041153452494687151e-06
-5.659714570519657587e-07 -1.064517835531566684e-06 -1.718637470745673726e-07 -7.147701493203782994e-07 -2.557170226738487628e-07 -1.081227810613825928e-07 -9.311848007722827122e-07 -2.267114888806082160e-07 -9.443501477012866478e-08 9.070074799082469933e-08 -5.564602199074149564e-07 2.228869848750203162e-07 2.079126634490276622e-07 2.866592452708844335e-07 1.164950762052699608e-07
-3.106094263975214385e-07 -7.873869018651950210e-07 -2.156523234282346173e-07 -6.761105990734885649e-07 -1.821127839057195369e-07 4.560021145939976294e-07 -4.283354081610396523e-07 -2.238127166575276383e-07 -5.584835530962066703e-08 2.071533980998588482e-07 -1.528119187699568657e-08 1.981283568077984672e-07 -1.722324952498420018e-07 -1.602891874555800094e-07 2.188100985042103611e-07
-1.549194581038259431e-07 -5.416852710910645915e-07 -2.053785406978927340e-07 -4.606342784060233605e-07 -1.670786175024576650e-07 5.165551001467726260e-07 5.368850403473206248e-08 8.267351837194062577e-08 1.783184989372692487e-07 5.417238831200489869e-08 1.880591267066513815e-07 -1.934100330982555804e-07 -1.312597914977637637e-07 -8.957641255207989522e-08 9.090859673069352837e-08
-6.566702110305529426e-08 -3.559515745858651080e-07 -1.697346144874660651e-07 -2.315747846288925468e-07 -1.475733505865070463e-07 4.522458382877436896e-07 4.142536118111533231e-08 3.279523967544963758e-07 2.496426815919134412e-07 -9.215730992741902608e-08 -1.555651065151008434e-07 -1.356113709840623124e-07 -2.752396082670699473e-08 1.096757879072569803e-07 -2.606887512053947522e-07
-2.023122245704829341e-08 -2.147110588154597624e-07 -1.117308744886591994e-07 -1.063509931415902640e-07 -1.204815517031434294e-07 2.903880808939510204e-07 -1.072493754939718074e-07 1.778083256096526925e-07 2.853673337132183982e-07 -4.237037137871200814e-08 -1.367277712441446954e-07 1.191149332798891996e-07 6.270424251076286028e-08 -1.815388037281292897e-08 7.217916080997493690e-08
-6.624011493392754880e-10 -1.186306560422570657e-07 -6.660281117289118393e-08 -4.981983888398294647e-08 -7.431331886970293762e-08 1.493859948058888147e-07 -1.696970395891071234e-07 4.940689944732823526e-08 1.564800094329813143e-07 -2.841390153105054592e-08 -2.021500667764706507e-07 1.085388675954719016e-07 -6.567125330505331509e-08 6.182899087133509750e-08 1.242648732205739412e-07
5.214387369284756251e-09 -6.702733364513226699e-08 -5.000839314544906629e-08 -9.721245104563683030e-09 -5.043830763640562515e-08 5.724149829691572262e-08 -1.227715749861973890e-07 3.537226396801459874e-08 2.675145671313702188e-08 -5.481248120291715758e-08 -1.837106232285270063e-07 8.601016213872098717e-08 -1.767948618426700274e-07 2.520246198689117714e-08 3.198879015565807542e-08
5.343034430394122601e-09 -3.362215102912861609e-08 -3.114945230045150176e-08 8.152435294857891874e-09 -4.170823636198859701e-08 1.520969998307361376e-09 -9.392410126218094045e-08 2.810971173700458711e-08 -1.524388123987463110e-08 -4.427377756973064088e-09 -1.150722139167721259e-07 9.270110104915481730e-08 -1.670070874936839211e-07 4.977157385337446138e-08 2.209804981176532378e-08
4.051608504423105723e-09 -9.247283050367253386e-09 -1.341749350672936620e-08 6.540776121120672476e-09 -2.783806063336895592e-08 -1.723443256250881588e-08 -3.752515790890930022e-08 2.097509336247108118e-08 1.092508602729551216e-09 3.554513472638603575e-08 -7.026392463352696580e-09 5.664032898541106710e-08 -4.974028289210403155e-08 -1.742209054109946747e-08 2.522515006454739870e-09
2.802640871630839207e-09 9.142531349849360362e-10 -2.867123762032851487e-09 4.388906496824827117e-10 -1.329873216383910751e-08 -7.340900285973370807e-09 -1.051637539979152755e-08 3.155480262324772775e-09 2.417798002403487099e-08 3.648581287995188309e-08 1.299251534285547012e-08 7.212752416474657106e-09 -4.864205154535848986e-08 -1.204817315325298986e-08 5.872233063007974552e-10
1.816227238277281967e-09 3.358954470435606261e-09 9.298440131744590870e-10 -3.160578980498770330e-10 -2.041931831784908817e-09 -5.544080919991378826e-09 -1.087469068184837720e-09 -3.540729508473849002e-09 2.006986555135555021e-08 1.174800239388050077e-08 2.071349612277882616e-08 -9.686515177099109644e-09 -4.350400275213351092e-08 -1.879634864963657935e-09 3.205867235912242575e-08
1.133023146175702340e-09 3.178586025691761485e-09 1.218308802722532776e-09 3.209177945952523728e-10 2.493838547242200203e-09 -3.271548501337263891e-09 1.086982224225375745e-09 -1.925951414960442309e-09 1.009859343744211807e-08 -1.567969871101566714e-09 1.555031503233319786e-08 -6.569003183776660654e-09 -3.097928664138257983e-08 -1.020413832155757514e-08 1.709825728504199995e-08
7.002400745885283892e-10 2.429386879263957508e-09 1.133673069274033519e-09 9.167728008627381007e-10 3.117290817024582563e-09 -2.184722497646025388e-09 1.350236816892191017e-09 -1.025749295693366118e-09 3.300829977261338560e-09 -4.445710372954525097e-09 6.589674829529784075e-09 -1.390357668953766561e-10 -9.279127280150772971e-09 -7.040906879525657823e-09 4.709452309892754647e-09
4.361670301805627833e-10 1.730023263871754135e-09 9.557881619047931930e-10 7.383877814108631444e-10 1.968836257291151291e-09 -1.127727139182956973e-09 1.072386674015628633e-09 -7.657319113362406211e-10 -9.862380304897469753e-10 -3.603228404685809923e-09 9.614942293159358815e-10 -5.898530397299026608e-10 3.656796530692298967e-10 -3.316544150410757507e-09 -2.724299638477699649e-09
2.704070619315085893e-10 1.152916494299014460e-09 6.982381672156552325e-10 5.017584594301848451e-10 9.395280725837270220e-10 -5.754917053538743704e-10 7.787214069623106704e-10 -6.121298811161546268e-10 -1.483821135832077253e-09 -1.601344482867052542e-09 -2.629078869079537728e-10 -1.137993038243157729e-09 2.740269384255974344e-09 -6.569883931769429486e-10 -2.347068256829531634e-09
1.540983365403944434e-10 7.111217652655447516e-10 4.415046861440783234e-10 2.727685031881496238e-10 3.861003292114392738e-10 -2.598910184402936867e-10 7.996270454806168830e-10 -3.861069787464304386e-10 -1.306384776173920935e-09 -1.226217956933671601e-10 -2.799537772616038329e-10 -5.863787234443725030e-10 2.922443647011399360e-09 1.122199960344736764e-09 -9.314351247696702538e-10
7.703511448425864336e-11 3.512243780064753608e-10 2.132694697634199810e-10 1.209568184829327795e-10 1.547587111472756076e-10 -1.390525763342839916e-10 5.499724703414159603e-10 -1.861085932338038147e-10 -6.611887771967538833e-10 2.370877508145500418e-10 -3.309443606513910383e-11 -3.061796312992895811e-10 1.595958635136453531e-09 8.390527279034308881e-10 -5.297995231187556689e-10
3.516164408973278902e-11 1.555949465952357321e-10 1.042518953512602087e-10 5.004330589686621454e-11 9.777232802577228714e-11 -8.011941775050649811e-11 3.076105189187741019e-10 -9.497537868580615181e-11 -2.284483127370025502e-10 7.825610814716773398e-11 1.938077649140864332e-10 -2.534612983927639366e-11 1.024650033585364013e-09 2.121533985551892508e-11 4.537247098476571672e-11
1.603366007046468079e-11 6.748506083660523302e-11 4.077912691863703550e-11 2.563959669272582664e-11 2.019305037072914138e-11 -2.899084793541356315e-11 7.918240141564000946e-11 -3.623067178120844101e-11 -9.308185928950356973e-11 3.915171401642385451e-12 -2.818506491969152508e-11 -1.057584397045627857e-10 2.074564941031311523e-10 5.968568881541042209e-11 -1.861052018755650235e-10
7.384596085074467762e-12 3.530202291532269843e-11 1.971960305809473722e-11 9.170104830435276811e-12 9.615758917192848043e-12 -7.598509142539301431e-12 5.354391462448874143e-11 -1.600352806361992849e-11 -6.018292437099647643e-11 2.283047153132343412e-11 2.769996002894008164e-11 -8.906156375952572809e-12 2.009582045347916212e-10 6.083558803734874849e-12 -5.147863897792744375e-11
3.239051676199409641e-12 1.429202907470058234e-11 7.424669976103383503e-12 5.867800640534238702e-12 1.320524613351418326e-11 6.095009743554844698e-12 1.023618284077081647e-12 -6.955867697897080106e-12 -2.670502924561938287e-11 -8.594192643021104305e-12 -1.458236442170123624e-11 3.025530928602558231e-12 7.037831434008635479e-11 1.277260918166916587e-11 -1.045264851257635774e-10
1.453892060186196453e-12 7.687225893879641582e-12 4.535612847589753544e-12 7.145990970620481225e-13 7.577747857068371494e-12 -1.958719859915648538e-12 1.857093229259250596e-11 -2.992373421589132113e-12 -2.011055284072668798e-11 2.161560762878421364e-12 1.635975751047704452e-12 -4.883564836448459782e-12 3.664491823172030642e-11 6.664964701299949263e-12 -2.329001201866973944e-11
6.432923132766312140e-13 3.617651085157911060e-12 2.833763723724626399e-12 7.821912676619897589e-13 1.955220584672135814e-12 -4.082468036063291228e-13 5.218038466280206281e-12 -2.464233996385859061e-12 1.008875422810670844e-12 5.397531546620436891e-12 -8.718399596175263119e-13 1.313107537938600037e-12 9.680855407918853833e-12 2.789783821952353240e-12 8.343834648982385951e-12
2.361035749352345626e-13 1.762777689729071376e-12 7.841324187799780218e-13 1.197060131156483784e-12 1.177054203897998688e-12 -1.816397607355636997e-12 3.095296883578264185e-12 -1.289749784354996819e-12 -2.720593719392224712e-12 -2.665293973698684265e-12 3.963804216638198147e-12 4.827287845585905851e-13 7.225933510642298652e-12 1.616960931134923284e-12 -1.125884389475958943e-13
2.484058402698526231e-08 9.231415505855832091e-08 -1.799776774795005256e-07 -2.526164340507862721e-07 7.543005864168246812e-08 -1.077484909254160498e-07 2.261309038986624846e-07 2.045357840979218096e-07 6.983308426135299626e-08 -1.679089003836435419e-07 -1.161048143343416456e-07 1.182201261355965708e-07 6.045559226328156535e-07 -3.376998203382600617e-07 -4.444296693186988664e-08
1.275316545750282337e-08 6.628078972856540912e-08 -1.251470945773827340e-07 -1.653463775020952650e-07 1.651255203454184460e-08 -6.846646173941799743e-08 1.522233399377457933e-07 1.510061110206415061e-07 3.492250418084985914e-09 -1.600437984016887080e-07 -8.025796573390363231e-08 1.050099933654428622e-07 3.799437725124799975e-07 -1.704339394171231944e-07 3.668352985516072291e-08
1.736590006683023053e-09 4.349134610730405274e-08 -7.461333658699564139e-08 -9.030119842063490658e-08 -2.807114725049738220e-08 -3.346583728330418597e-08 8.208680171604022034e-08 1.095492647148000814e-07 -5.029106306605270163e-08 -1.402309027620766762e-07 -3.827055540966972111e-08 9.549504197867932305e-08 1.934134991555205395e-07 -4.205793885066458636e-08 9.735645913841493683e-08
-6.213312113189155987e-09 2.851742320384879108e-08 -3.801417619409436590e-08 -4.342272883266275250e-08 -4.810219787224706946e-08 -9.502114008871394208e-09 2.975471667943991115e-08 8.832010429607359654e-08 -7.989304301512946090e-08 -1.105211667405863639e-07 5.198460863323913582e-09 9.277112222037648922e-08 8.804742760733329845e-08 6.489730906097869558e-09 1.183011037507875165e-07
-1.183311770974985904e-08 1.913646532280909298e-08 -1.226618203317161072e-08 -1.736354178435078707e-08 -5.088897314443666161e-08 7.592792210541502539e-09 -7.809782694338228629e-09 7.788976971811459932e-08 -9.133472352333800082e-08 -8.047557407606394443e-08 4.268384781776078673e-08 8.211528094612315054e-08 3.849795937275765553e-08 -5.271456914412879114e-09 1.086094268399838995e-07
-1.513155973207726315e-08 1.458997382111867067e-08 2.828868191201906639e-09 -8.541509378998225481e-09 -4.090976230843929602e-08 1.746214088317911156e-08 -2.899625168486973125e-08 7.240026150973589805e-08 -8.781654202374427016e-08 -5.750748343475624199e-08 6.097595975903004862e-08 5.407919385846824544e-08 3.301294005754934406e-08 -5.146920063924601125e-08 7.536438741204560936e-08
-1.642573851060553608e-08 1.298227172409490664e-08 1.031164387779891467e-08 -9.094616316972437396e-09 -2.487596182094293423e-08 2.127197042690094319e-08 -3.876595715787292632e-08 6.428530786347455640e-08 -7.463651828580555972e-08 -3.690373459947089778e-08 4.827038518178386013e-08 1.227469835119819728e-08 4.293790444780420330e-08 -7.495250320524825255e-08 3.074767026422621618e-08
-1.610693134526963236e-08 1.253776588510351544e-08 1.351423156702710558e-08 -1.286537587210765382e-08 -8.770313853880578949e-09 2.098539442449881893e-08 -4.009322348857246396e-08 5.043149554769863635e-08 -5.858708615698708937e-08 -1.281694900906966667e-08 1.689384623740663879e-08 -2.149846628924279051e-08 4.724953107341889247e-08 -5.235490144064687408e-08 2.913203430411987239e-09
-1.465246447298144424e-08 1.194300495468616071e-08 1.417801679300482807e-08 -1.565634132906706979e-08 3.076139215178000589e-09 1.847654196510239497e-08 -3.211231070680390603e-08 3.434719758739268211e-08 -4.209570671233400345e-08 2.242955537254601466e-09 -1.625663302144345969e-09 -3.056293873414121052e-08 4.422584743542091551e-08 -1.495390520792716198e-08 4.173670383922671265e-10
-1.251330559587081936e-08 1.019243388248329468e-08 1.284497511536109855e-08 -1.565985805946960453e-08 8.836737447656449924e-09 1.610851096892006671e-08 -2.021749174133265139e-08 2.225061808630389833e-08 -2.748724902427747952e-08 -3.156461985954904463e-09 2.299242309437861461e-09 -2.150109969725917553e-08 3.712495683503290818e-08 6.977997363195786159e-09 7.306071642498199648e-09
-1.010358973767645455e-08 7.245643533176839277e-09 1.005847471797310004e-08 -1.250729779242592376e-08 9.410019768904178988e-09 1.415119215143751219e-08 -1.115224321754145773e-08 1.498028539459667504e-08 -1.770505568394351270e-08 -1.685449702681377707e-08 9.268969065482080826e-09 -7.704248546362337286e-09 2.936031414202269622e-08 1.328310912783307145e-08 3.655141476943039307e-09
-7.739835994529532825e-09 3.882772659042234125e-09 6.579455689630962030e-09 -7.883791684595477751e-09 6.998776848275556237e-09 1.155458439047033980e-08 -6.176308959210212981e-09 9.520299431764057822e-09 -1.108005242220577516e-08 -2.537742502696954494e-08 9.574608978715320154e-09 4.795112644379058359e-10 2.314983857533759383e-08 1.529845550931282320e-08 -5.787633831146955920e-09
-5.624146552965671623e-09 9.965592927458765643e-10 3.447837284094587292e-09 -4.176334479396586521e-09 3.948498697673641549e-09 8.185106694593798420e-09 -4.246513967653083621e-09 4.928015836507720159e-09 -6.165739342802953831e-09 -2.538514489497836537e-08 7.054002295106413300e-09 5.136710996257934632e-09 1.727221948420711659e-08 1.328340528846355425e-08 -9.176068814104436294e-09
-3.877260767740100201e-09 -9.347351437590334565e-10 1.221244054561401112e-09 -2.103769129356407696e-09 1.603832506826126649e-09 5.072030462947315134e-09 -3.051998340546625615e-09 2.661987302937888897e-09 -3.644701371728747241e-09 -2.015316433664288647e-08 3.642496063094364809e-09 6.948050676680069604e-09 1.121773096356766558e-08 1.062834695832449243e-08 -7.810102021860637787e-09
-2.541045251879280902e-09 -1.904568437682096252e-09 -7.307944488505832061e-11 -1.131673115500693461e-09 2.106100552185044598e-10 2.895346682580088446e-09 -1.789291344891873459e-09 1.783350831446129078e-09 -2.710588935450310669e-09 -1.335761332839752771e-08 1.221156784031472831e-09 6.188815746344988340e-09 6.987674001262098692e-09 8.414331018720936649e-09 -6.111882329215484154e-09
-1.592031045610757836e-09 -2.118657056610624479e-09 -6.527374980521172410e-10 -7.255435543198570226e-10 -5.119035854909774011e-10 1.604590391311970923e-09 -1.283459847006665786e-09 1.272216042414616429e-09 -1.847140248767598464e-09 -7.565633138803749172e-09 -4.885259886910089020e-10 4.702790777608990404e-09 3.769630353087670474e-09 5.894966119253797523e-09 -3.665092069936820487e-09
-9.607770106589047618e-10 -1.857849643977273188e-09 -7.497444712224261168e-10 -5.261169642186170312e-10 -7.781108694480017624e-10 9.588982535900948921e-10 -1.191914507382218106e-09 8.948961279034289584e-10 -9.207606286080285789e-10 -3.723801403348983331e-09 -1.282376192780030434e-09 2.987057397655352232e-09 1.472703600447931745e-09 3.987589217572446710e-09 -9.679986016409901974e-10
-5.619952693295082247e-10 -1.392798901275643457e-09 -6.281384696351075457e-10 -3.755322729783685110e-10 -7.832531542052879344e-10 6.376662473626621839e-10 -1.105321017638037107e-09 6.227183091662165374e-10 -3.833568333416027248e-10 -1.587383930439723717e-09 -1.177132304918895022e-09 1.593977224363939525e-09 -2.337061612433514572e-11 2.423870801839917764e-09 3.000384160738268474e-11
-3.197326634622121731e-10 -9.362782097105609064e-10 -4.534833217501617919e-10 -2.539088540025066961e-10 -6.389227923433068489e-10 4.457588901585109530e-10 -8.701790665500324081e-10 4.105175619229335689e-10 -7.011924437035074747e-11 -4.897325951687040065e-10 -8.036776095353364226e-10 8.232189360727888257e-10 -6.486597690661731838e-10 1.423317123354242607e-09 1.831086304281901724e-10
-1.777699876322331635e-10 -5.868263013826838739e-10 -3.057513991631718616e-10 -1.617526778069179685e-10 -4.511030004742725328e-10 2.933896646992913756e-10 -6.052427306199152406e-10 2.498207085527367077e-10 1.144787460679601397e-10 -7.482299802523985756e-11 -3.863585729286640161e-10 4.295629465297563933e-10 -9.728041910641827916e-10 7.522570908987809616e-10 1.865711624382378009e-10
-9.706731113188142392e-11 -3.547975368786064616e-10 -1.946480259041618516e-10 -1.056608889790668791e-10 -2.992004811175210890e-10 1.638034795135760384e-10 -4.211866728832546303e-10 1.333286222871722280e-10 1.740593107853169955e-10 3.052410887567566059e-11 -1.958801699036196625e-10 1.709139872763560169e-10 -9.715585785688081600e-10 5.089804894316340115e-10 2.495388336487750640e-10
-5.212991139254714061e-11 -2.057098128852902326e-10 -1.190681609730991821e-10 -6.327321142480482411e-11 -1.722760168897868364e-10 9.159908345479930016e-11 -2.541047974165296184e-10 8.041108379884300261e-11 1.560814655033530041e-10 3.915025703868056964e-11 -7.556612952507710043e-11 9.763953341901036219e-11 -6.782368078912611060e-10 2.034679496212122214e-10 1.706384490880977802e-10
-2.745058449231223925e-11 -1.176764234632503375e-10 -6.946125720740654978e-11 -3.657208715376882298e-11 -8.730129929572389831e-11 4.684671852328344199e-11 -1.648745070009065309e-10 3.939449720523256745e-11 1.232473580670160028e-10 1.551078120279497075e-11 -2.960056176820671970e-11 6.808436378775584424e-11 -4.445268720325536599e-10 6.813595783018105098e-11 1.251511692220122763e-10
-1.392175612233618159e-11 -6.340838806932400769e-11 -3.799779297151440418e-11 -2.085967676395954078e-11 -4.110951822875544814e-11 2.280875280437060317e-11 -8.197734482119901350e-11 2.757258816665781598e-11 7.597636886758880166e-11 6.290746114686694567e-12 -1.467132651084429850e-11 3.292197829542647565e-11 -2.595739678297087713e-10 1.791545596422807216e-12 8.282283155828582224e-11
-6.678369512746251091e-12 -3.239292175199532672e-11 -1.933196121905636788e-11 -1.058222781229927802e-11 -2.050090607207776870e-11 1.148266162966075845e-11 -4.539555199629561775e-11 1.406040904045822901e-11 4.743328694647887670e-11 4.325918685752872831e-12 -7.771309252018523354e-12 1.791382910364158480e-11 -1.419383277860396217e-10 -1.204661826958326595e-11 5.750910792359269266e-11
-3.080461684469679713e-12 -1.551841487235525023e-11 -9.993103227501167731e-12 -5.202255225116434718e-12 -9.828209237212749160e-12 4.473130011246721561e-12 -2.284262537194845613e-11 7.026100645825482882e-12 2.318214121392347192e-11 -4.414339184671023206e-13 -1.245943400776982487e-12 4.883377167089502694e-12 -7.226922126192244580e-11 -7.309653104985522798e-12 2.486294684257123813e-11
3.080316338490243553e-08 1.294248347012323877e-07 -2.461158496502155377e-07 -3.337497156939300009e-07 7.524293179209143430e-08 -1.693521281665835422e-07 2.910788907129366534e-07 2.767291838356143787e-07 6.117156125900815242e-08 -1.810926187437144456e-07 -2.371333251037092294e-07 1.384085298801129629e-07 6.156210816147158510e-07 -4.223255981252121857e-07 2.259247834071782338e-08
1.257524251768247252e-08 9.079633842587130108e-08 -1.661600228915189066e-07 -2.078436762776461314e-07 -9.810005972463754722e-09 -1.038365744585283640e-07 2.039880597400827711e-07 1.927411481569656866e-07 -3.050475420484816372e-08 -1.808247536716593120e-07 -1.638647679905686561e-07 1.177608087761759113e-07 3.305556617848796812e-07 -2.002451344107540301e-07 9.826170152868402878e-08
-3.660562622389638463e-09 5.760006628308778870e-08 -9.322220280763885185e-08 -1.030426886353566193e-07 -6.869229270588037695e-08 -4.654794401025256918e-08 1.150384364370985353e-07 1.336308955368762994e-07 -1.007239912627881102e-07 -1.558567870932521457e-07 -8.518681297160515640e-08 1.103447020924825949e-07 1.072922293330384680e-07 -2.472714388144791534e-08 1.507617560153807140e-07
-1.488595670133849686e-08 3.689093048133495596e-08 -4.229983582574035075e-08 -4.424684634604696895e-08 -8.784816442200612741e-08 -6.392432338852154656e-09 4.038682505961246829e-08 1.119469324927233217e-07 -1.324919102132936269e-07 -1.115314858529526028e-07 -1.470576451904770353e-08 1.127894389227232347e-07 -1.226244906832080699e-09 4.418591552704555085e-08 1.392080703993534831e-07
-2.235138588799159573e-08 2.498496857861783940e-08 -8.503050876646095402e-09 -1.802820422985421880e-08 -8.135404133739221986e-08 2.115926260645503170e-08 -1.406663078397841078e-08 1.069768152557325838e-07 -1.371003593711120891e-07 -7.640460721462956473e-08 4.140967196719635905e-08 9.618956155525828601e-08 -2.951489573837321775e-08 8.862877346498108840e-09 1.060126013875403039e-07
-2.617499121932163709e-08 2.019307903561815193e-08 9.434794498456696493e-09 -1.487029202340579070e-08 -5.793299210542362391e-08 3.310827592714162364e-08 -4.052775263777812726e-08 1.006772248833881844e-07 -1.162603875841030259e-07 -5.900105700592477877e-08 6.505957504379593955e-08 4.719690263527114122e-08 -1.086711332196158771e-08 -6.943020309020459061e-08 5.249759122657161550e-08
-2.695451674024910839e-08 1.891531518688173491e-08 1.798248560772872344e-08 -2.121688276821556481e-08 -2.914942342909849122e-08 3.522294235751812660e-08 -5.162579838889640105e-08 8.332527855993788218e-08 -8.694404959287968566e-08 -3.837581396081475958e-08 3.730889258139831171e-08 -1.294865824838365775e-08 9.115317061914431821e-09 -8.559372635385546895e-08 2.529632434688730148e-09
-2.541001783342111722e-08 1.866279594830852159e-08 2.173736888867432064e-08 -2.699935111156535495e-08 -4.985228420910966722e-09 3.142851464412635064e-08 -4.977010963966208963e-08 5.822494766137767174e-08 -6.333965304722948044e-08 -3.225257452078123475e-09 -7.518814938487415148e-09 -4.326712413733335544e-08 2.471616399486721569e-08 -3.570554081154463036e-08 -1.354088266242034034e-08
-2.234697188495407187e-08 1.712482212415946483e-08 2.185990872839085451e-08 -2.815492803271649525e-08 9.366130032369623192e-09 2.669235221440287693e-08 -3.331200782595839003e-08 3.607607613378757948e-08 -4.433420742255400758e-08 1.396665346302735992e-08 -2.049638899872446296e-08 -4.008447260333182915e-08 2.853337121573861398e-08 1.081927233802256280e-08 1.954044762462343507e-09
-1.849268470009627321e-08 1.313265679401129408e-08 1.865316019973242009e-08 -2.454144985355580443e-08 1.408060040596992345e-08 2.290533923194322170e-08 -1.596570952137001314e-08 2.240764294478268307e-08 -2.858949589871915684e-08 1.632333367465303750e-10 -2.926071406320512331e-09 -1.976738939525568506e-08 2.523623583671270503e-08 2.353622214316620134e-08 1.620032932264183611e-08
-1.447840183604465795e-08 7.681646134770136939e-09 1.339588026430654565e-08 -1.730939006608485369e-08 1.215013704627508935e-08 1.973654015605044052e-08 -7.323851943199952391e-09 1.530053127802019347e-08 -1.938425807972478538e-08 -2.117942555303270858e-08 8.647469095281561860e-09 -1.968625142727235072e-09 2.087323709782814681e-08 2.313277282902410651e-08 8.776873698073444292e-09
-1.074186561803897250e-08 2.545452825966681112e-09 7.817044271338347958e-09 -9.941762436635860085e-09 7.446787144350036719e-09 1.558773824180074800e-08 -5.038441486657093943e-09 9.195646311444807927e-09 -1.185933787826957888e-08 -3.225629035939596131e-08 1.026163510019530296e-08 4.657933397816056768e-09 1.843761645013519479e-08 2.113683708720828574e-08 -4.458046169548960359e-09
-7.550135763603493927e-09 -1.105903460656078906e-09 3.423599651749391392e-09 -5.175309213207940403e-09 3.406270925805662284e-09 1.066589987286170514e-08 -4.705404191417559017e-09 4.514716381915134361e-09 -5.775402908498327702e-09 -3.078214498613796884e-08 7.250814629722695821e-09 7.963079460673524620e-09 1.440541172220929437e-08 1.717856512023428354e-08 -6.238180498724882696e-09
-5.032224883721598118e-09 -3.045069046768373904e-09 6.218173116992520481e-10 -2.696786856064481257e-09 9.331024890819891053e-10 6.586461885956413978e-09 -3.320319399214446613e-09 2.970277901640538992e-09 -4.272154000500093143e-09 -2.359431524896341509e-08 2.983700497403085181e-09 8.943274253567294129e-09 9.869347561188939297e-09 1.339073031144146362e-08 -7.685925441978611583e-09
-3.195110733591346788e-09 -3.699110220200107198e-09 -8.247535512233231620e-10 -1.565663369463383398e-09 -4.719471273351307890e-10 3.706312319302109568e-09 -2.192344973450973023e-09 2.153864822578314329e-09 -3.092720898294665346e-09 -1.457449943553137518e-08 4.655037636945181381e-11 7.854173215962634675e-09 5.699560050817103204e-09 9.853002956362725284e-09 -5.561655207574318048e-09
-1.949901117045284054e-09 -3.418148701243102150e-09 -1.279847931132728684e-09 -1.068631355801564481e-09 -1.148089365794115595e-09 2.092477040135247590e-09 -1.913688182945434232e-09 1.647517719561926896e-09 -1.888594939567529785e-09 -7.671588070613030853e-09 -1.775532556254426303e-09 5.687548853118704500e-09 2.537663638496649472e-09 6.814642355272857311e-09 -2.458199389231473960e-09
-1.151882607745889819e-09 -2.684894322090498854e-09 -1.166937821761967613e-09 -7.636369241090111027e-10 -1.307083913648453018e-09 1.300947645222422967e-09 -1.897110314753803064e-09 1.152500355396478349e-09 -7.386953186702639245e-10 -3.439827628042845269e-09 -2.166144299734881845e-09 3.403240851467553845e-09 4.905884340906762333e-10 4.504495914155370019e-09 2.232630289013796212e-11
-6.615411783607457361e-10 -1.861123344366140587e-09 -8.768749127019807624e-10 -5.129137754935677153e-10 -1.156663196918324361e-09 8.895902358422476437e-10 -1.624178551522374656e-09 8.048858371044597214e-10 -2.137171424795407228e-10 -1.232227658004982547e-09 -1.657487783949090181e-09 1.801056287192145956e-09 -7.278739656154113871e-10 2.594688908910413466e-09 4.975324749901277032e-10
-3.708387883366330739e-10 -1.186897048871230367e-09 -6.018570060995245814e-10 -3.319908864171814751e-10 -8.690996567748957517e-10 5.926676009783508078e-10 -1.173324868145223478e-09 5.228043195518909358e-10 1.061057706135620047e-10 -2.356867571571774976e-10 -9.575800683297742960e-10 8.999840438824112208e-10 -1.389596929519801195e-09 1.540285442489286954e-09 4.153133991057746764e-10
-2.039720766626779415e-10 -7.196272252833434501e-10 -3.906137764056934886e-10 -2.130934769790303462e-10 -5.803433253230659440e-10 3.645666489055588625e-10 -7.789225100553028643e-10 3.028168842350852781e-10 2.985746651339083734e-10 7.064555445620532211e-11 -3.661200609508398043e-10 4.503754603932766014e-10 -1.603179779802355214e-09 8.443569366421576880e-10 3.951065929405745539e-10
-1.105793933107687701e-10 -4.258124400554563732e-10 -2.408181150590808382e-10 -1.358414236417356311e-10 -3.586953325529237425e-10 1.915527715868272109e-10 -5.240030976857469685e-10 1.597817314305593613e-10 3.051873819939438578e-10 7.637072053718977158e-11 -1.766141925497586989e-10 1.798507142454687837e-10 -1.355870784582202317e-09 5.302516870566479672e-10 3.750575352393061692e-10
-5.898131118791320490e-11 -2.428493806533563335e-10 -1.425844229786677755e-10 -7.853784147894699220e-11 -1.890611493193028077e-10 1.026968003672311037e-10 -3.077842736102745469e-10 9.874630836696280358e-11 2.342574229623835410e-10 4.224858513181265249e-11 -7.642551878826887224e-11 1.180227238315771533e-10 -8.521578207909987915e-10 1.508777452225678950e-10 2.601679745265604031e-10
-3.061856033279466683e-11 -1.350593014471455345e-10 -8.105758274672455663e-11 -4.289584300400995151e-11 -9.028658818219042081e-11 5.287587566841076385e-11 -1.949256705524164039e-10 5.309259505647663491e-11 1.658368865563560367e-10 5.136240879203496031e-12 -3.232494323727607522e-11 8.309713580595997553e-11 -5.367403007260868807e-10 1.535047228620861983e-11 1.600894680629279360e-10
-1.509617066784649871e-11 -6.971640590807137220e-11 -4.242252738014418118e-11 -2.337125343062883296e-11 -4.173836145722684953e-11 2.474072378119124835e-11 -9.183321836784580073e-11 3.375245898778867914e-11 9.121669639150762302e-11 1.458276485362332364e-12 -1.452915543172625312e-11 3.868479319655420813e-11 -2.972981972863393836e-10 -1.828430065329645037e-11 9.664184693689140719e-11
-7.065177674872357572e-12 -3.447147295605523716e-11 -2.071526657800884291e-11 -1.145220515898537194e-11 -2.112739691478598800e-11 1.202330925026346991e-11 -4.894420023134114550e-11 1.554253117602719059e-11 5.304284637571207754e-11 3.591580348430974218e-12 -7.641883759838410972e-12 1.960408867851772567e-11 -1.542392059667061055e-10 -1.695037771336110775e-11 6.354354087799621354e-11
-3.221507300416057034e-12 -1.625506506821868863e-11 -1.053862303275090762e-11 -5.481050107528454707e-12 -1.008117942945425666e-11 4.540883239160864958e-12 -2.412187023042703124e-11 7.529168131417468378e-12 2.514410377672474390e-11 -1.027913943919396597e-12 -8.250338014312045585e-13 5.341008357062224051e-12 -7.684692953427515896e-11 -9.205424035324574843e-12 2.685850315107991510e-11
3.369415731402859541e-08 1.425891638915228395e-07 -2.691269332980738259e-07 -3.644314107653753392e-07 7.586902285288711259e-08 -1.914691516935939585e-07 3.220725939447426521e-07 3.103681965010728351e-07 5.481779497026505306e-08 -1.824863253683119464e-07 -2.922058032692859249e-07 1.514175503882142796e-07 6.234506506231650671e-07 -4.761180772943876411e-07 4.969479844869295743e-08
1.337912972503390677e-08 9.962784866087743437e-08 -1.804030666136915751e-07 -2.245603514439230820e-07 -1.974775169094660528e-08 -1.189530013321632259e-07 2.302458369128807822e-07 2.147325763688736553e-07 -4.592431777293652330e-08 -1.858404815099479005e-07 -2.024019732899870726e-07 1.245710780034332124e-07 3.031756113067129127e-07 -2.266597170255517003e-07 1.222895964498212229e-07
-4.682249406369098245e-09 6.256928197980946079e-08 -9.949297973925535622e-08 -1.086170313148406434e-07 -8.393548295361018457e-08 -5.434395270041680961e-08 1.325674162618638608e-07 1.472728446706093395e-07 -1.224536518398515608e-07 -1.600932355091012204e-07 -1.088097932052591348e-07 1.151435886087124219e-07 5.912527668224602620e-08 -2.232568545511241693e-08 1.724120539481876891e-07
-1.714812641092967940e-08 3.949242511679890869e-08 -4.356893849225883337e-08 -4.545776143874727321e-08 -1.027340763475817927e-07 -5.997584773624330560e-09 4.667667522796302329e-08 1.235006669564606255e-07 -1.559045460502143494e-07 -1.120818125134520533e-07 -2.921619981412931278e-08 1.165855230018373991e-07 -5.126467715228706997e-08 6.178918232185668777e-08 1.410634898511012177e-07
-2.541067074132063715e-08 2.662041364375414430e-08 -6.978452947525114628e-09 -1.916742887150563455e-08 -9.267076155793405410e-08 2.713319246954581612e-08 -1.577685015446522084e-08 1.197461143921464321e-07 -1.581440391183950880e-07 -7.601591300531784418e-08 3.580624099975887738e-08 9.831080097624311350e-08 -6.421301165277874642e-08 1.317695271738698835e-08 1.009606267933266841e-07
-2.959062438871200165e-08 2.200832888134214874e-08 1.183601576773730514e-08 -1.805318117041959889e-08 -6.398316243782307513e-08 3.983089251557969696e-08 -4.399781421604750734e-08 1.120330247418887647e-07 -1.281951997469969778e-07 -6.127334915036551799e-08 6.359462119900367721e-08 4.120581123597023139e-08 -3.405101563291835722e-08 -7.812031728711359573e-08 4.132200671180678384e-08
-3.035260247487133285e-08 2.117175560991786653e-08 2.084024159616884111e-08 -2.644403527903531062e-08 -3.024246107723391182e-08 4.109523197497834852e-08 -5.570133968813658331e-08 9.088972232046606077e-08 -9.091171288566133017e-08 -3.982542039215553120e-08 2.958890370830214565e-08 -2.522857156316839311e-08 -9.142231688106723844e-09 -8.651354926731329626e-08 -7.902278470070585121e-09
-2.851233443160159310e-08 2.128990184679875482e-08 2.502022859777241100e-08 -3.265564517426429103e-08 -3.166324908070251360e-09 3.577235364929758672e-08 -5.316956407844662528e-08 6.110645645190718282e-08 -6.394224672762754326e-08 3.893186759560996550e-10 -1.942782589673535908e-08 -5.172969378055364454e-08 1.505214302143283264e-08 -2.602290590978520810e-08 -1.743770383596545429e-08
-2.497863220529184504e-08 1.950367216388725177e-08 2.502972544465918178e-08 -3.295818815528918736e-08 1.200167055512107243e-08 2.992834501228937191e-08 -3.339557581215793754e-08 3.654839311569302111e-08 -4.432126647794548307e-08 1.832348959668796743e-08 -2.877074436063804932e-08 -4.329552307749236050e-08 2.204653984657462710e-08 2.220740702534739375e-08 4.658112125816749049e-09
-2.058028464065803581e-08 1.459544557510442362e-08 2.105064725044744375e-08 -2.781903812190819258e-08 1.624801048912449336e-08 2.542541479438637937e-08 -1.396233400534918857e-08 2.230449018498389900e-08 -2.868784242870605370e-08 1.313644656273085743e-09 -5.249866040733908065e-09 -1.858420329123133937e-08 2.074253596885218334e-08 2.987023551221999486e-08 2.042835817580202667e-08
-1.603060955248204165e-08 8.072088502267068304e-09 1.476563517096284949e-08 -1.899700107370349819e-08 1.323885663468855608e-08 2.172621742224968141e-08 -5.653595446027737039e-09 1.535165134074934602e-08 -2.020269373601689536e-08 -2.300661097131500480e-08 8.157674045670381645e-09 5.106697757424593123e-10 1.753618979411557273e-08 2.704544371900970811e-08 1.074168447360447625e-08
-1.181857027436875505e-08 2.190021810452640107e-09 8.353967170291913546e-09 -1.062648520755021129e-08 7.616575498883046427e-09 1.694593042290774730e-08 -4.637514097077358009e-09 8.945322138009336400e-09 -1.217810711404470060e-08 -3.483412092767273837e-08 1.063971215988133387e-08 6.374264363537306630e-09 1.657375502528291575e-08 2.335214549682587769e-08 -3.590985356177719813e-09
-8.245955788758912261e-09 -1.786035188998234693e-09 3.474249019615396842e-09 -5.515857593738546004e-09 3.221041119804140071e-09 1.152907580737568121e-08 -4.828740513177577526e-09 4.360297020397540406e-09 -5.627371495542241622e-09 -3.277620429116334772e-08 7.458795570166975344e-09 8.913900343614270007e-09 1.344397535859845551e-08 1.871780996166621859e-08 -5.136468796509116845e-09
-5.449862057623988740e-09 -3.771254239311520668e-09 4.335724902705716165e-10 -2.897301321774857453e-09 7.250295984488360748e-10 7.120773001892883857e-09 -3.334874307929308073e-09 3.051311795837566398e-09 -4.584989593510461398e-09 -2.492347616583881762e-08 2.820968765382598133e-09 9.684126744309218175e-09 9.475266123346028895e-09 1.443797860028645242e-08 -7.854165648060379997e-09
-3.432161819675549682e-09 -4.335104406313541027e-09 -1.086999457615870408e-09 -1.717504663130269804e-09 -7.006200686334019932e-10 3.984330012495545463e-09 -2.299507384172127334e-09 2.271797713213501437e-09 -3.234512860414216226e-09 -1.504430356649619054e-08 -3.409925950723217019e-10 8.460128668184298328e-09 5.210007865983275989e-09 1.037545624177948498e-08 -5.256497915259519347e-09
-2.080141097840510340e-09 -3.884401453207757606e-09 -1.503017091077255623e-09 -1.191668437725579597e-09 -1.366703976063070883e-09 2.259160397615399601e-09 -2.133326664656549281e-09 1.777155065349029202e-09 -1.911242789754315291e-09 -7.753185148726820442e-09 -2.232701375754977234e-09 6.048072080270852788e-09 2.074575034841576709e-09 7.182376145899149729e-09 -1.982266710034246980e-09
-1.221519638710486828e-09 -2.983281982785589226e-09 -1.314061094906971057e-09 -8.480148106010567029e-10 -1.498705192542673344e-09 1.424260788705929497e-09 -2.155138402423550657e-09 1.237815881723847107e-09 -6.791432940551509701e-10 -3.338026735487576167e-09 -2.492567343528551433e-09 3.559667116996442226e-09 1.782537367743450098e-10 4.687700730576856320e-09 3.811816738463887273e-10
-6.977914083455585397e-10 -2.029329422723346544e-09 -9.659099964306015339e-10 -5.600456362477314771e-10 -1.289963786172655870e-09 9.823944539651061150e-10 -1.805660330857775924e-09 8.736308508454119559e-10 -1.717070780239953212e-10 -1.108807975460283200e-09 -1.840207066508922868e-09 1.883893322249699758e-09 -9.408130487621077950e-10 2.655596252494681038e-09 6.465070900743628512e-10
-3.894794286200846127e-10 -1.278016568787900320e-09 -6.557934755283981551e-10 -3.600972056800856026e-10 -9.558015099115248169e-10 6.455106545398513150e-10 -1.285012857472244215e-09 5.601975285444111525e-10 1.690854373093114241e-10 -1.389269505627673819e-10 -1.010291240539230744e-09 9.231930118183658720e-10 -1.679040290753646607e-09 1.599892904376447844e-09 5.111695057492592385e-10
-2.135513956885434222e-10 -7.677397181137289414e-10 -4.216272959678025749e-10 -2.323177609169215194e-10 -6.296003741978271180e-10 3.911939594535454429e-10 -8.422362736741211201e-10 3.218207211093924414e-10 3.641090400145323857e-10 1.243873420531374106e-10 -3.563453075377706676e-10 4.542225626365184560e-10 -1.835401927983888297e-09 8.905800486905219655e-10 4.640933617595373154e-10
-1.155865515072657361e-10 -4.522556597431714312e-10 -2.576061540751326526e-10 -1.470298251723349681e-10 -3.800731950882904944e-10 2.014418694393585245e-10 -5.607018787340740400e-10 1.688509215739953343e-10 3.521622988452652854e-10 9.391705450477894525e-11 -1.729096915653672308e-10 1.841945317516933741e-10 -1.488839573766185121e-09 5.385175076573492213e-10 4.219832443195505317e-10
-6.154976056918245005e-11 -2.567908679408106870e-10 -1.514219470961809412e-10 -8.418433573963449382e-11 -1.950787852857638403e-10 1.068891810621272264e-10 -3.280218025970029392e-10 1.059681935948647475e-10 2.638379106900658995e-10 4.302264824386829031e-11 -7.698281616381062117e-11 1.261205474022288373e-10 -9.174880298031054910e-10 1.285133224501109465e-10 2.939475857111301698e-10
-3.179026658054143524e-11 -1.414469202836514952e-10 -8.540808386197708042e-11 -4.518536945859551348e-11 -9.151190319224802770e-11 5.523329806866477013e-11 -2.062977472710315174e-10 5.839076699566951713e-11 1.816973827805111124e-10 1.162556106049276446e-12 -3.267104977017275296e-11 8.858456220517213701e-11 -5.725050837989852898e-10 -4.417140251144990473e-12 1.723787431377808202e-10
-1.551781091757663947e-11 -7.198109957487526261e-11 -4.397587321282784134e-11 -2.429606938626714621e-11 -4.206699112404128849e-11 2.539725126326266716e-11 -9.523672795842359890e-11 3.576406297490953185e-11 9.644131067127258839e-11 3.004088017975232915e-14 -1.461236141021101611e-11 4.058418561295858850e-11 -3.102056598711363851e-10 -2.440091173848370624e-11 1.016873276893250453e-10
-7.215441230285676541e-12 -3.528075990573476801e-11 -2.125655237634840183e-11 -1.178535532290991523e-11 -2.134963827773144218e-11 1.224030707224587136e-11 -5.034302222093194489e-11 1.614302057947896808e-11 5.525374339213410604e-11 3.254790075554064144e-12 -7.582469712829233976e-12 2.028680979052342021e-11 -1.590650767563863605e-10 -1.907497657063844103e-11 6.587983663945628154e-11
-3.274946818775500302e-12 -1.653364324818585526e-11 -1.074566962352203542e-11 -5.587285852450509380e-12 -1.017458587770322524e-11 4.567013268737278880e-12 -2.460350177477064856e-11 7.722273800281011333e-12 2.588744151293047468e-11 -1.252995069438691871e-12 -6.679508247738819885e-13 5.515565572321789473e-12 -7.858781617866256236e-11 -9.914911697813321776e-12 2.760472715631532084e-11
3.560142897237391792e-08 1.512354389515470634e-07 -2.842239984605968072e-07 -3.845960860546228048e-07 7.615127076879443775e-08 -2.060342020288634901e-07 3.424473334355601831e-07 3.322721969909494784e-07 5.078276633403225069e-08 -1.834339771379743574e-07 -3.283954915595474813e-07 1.597369149722953314e-07 6.283421369348729568e-07 -5.111017366540937856e-07 6.734031564160537907e-08
1.391597265752260454e-08 1.054170198452857562e-07 -1.897398128491321430e-07 -2.355495284815591383e-07 -2.637083309758677974e-08 -1.289090263042388505e-07 2.474976259932687122e-07 2.290287902744508095e-07 -5.593935715589389946e-08 -1.890988207140296901e-07 -2.276881669851767818e-07 1.290635056981515026e-07 2.851359205249462279e-07 -2.434225764347304677e-07 1.379079676620234344e-07
-5.344326072432798523e-09 6.581657055716732902e-08 -1.036108109611023311e-07 -1.123092849815152578e-07 -9.403009069651885643e-08 -5.942201425655133635e-08 1.439829487364976321e-07 1.561135702838517449e-07 -1.366055030286717174e-07 -1.628476864018397914e-07 -1.242736954539336885e-07 1.183602392635603656e-07 2.782327288252140204e-08 -2.023862935693549940e-08 1.863607920152369285e-07
-1.862691157631686309e-08 4.118979194913179381e-08 -4.440220078748082059e-08 -4.629325461553560477e-08 -1.125637783349973782e-07 -5.677463313532375975e-09 5.069517470270605132e-08 1.310138772647576325e-07 -1.711344610820179955e-07 -1.123832645332761802e-07 -3.866688763998709069e-08 1.192805917210111139e-07 -8.356398081504417885e-08 7.331932755226344803e-08 1.422548207866676433e-07
-2.741507148006706377e-08 2.770023311067985767e-08 -5.977312097745864751e-09 -1.995237122143788588e-08 -1.001330331300507798e-07 3.107378780241653806e-08 -1.696719409245154313e-08 1.280217147924180905e-07 -1.717867958079892274e-07 -7.572765673087500238e-08 3.227667225778855466e-08 9.991820093202903016e-08 -8.655938398995287010e-08 1.594730224644769108e-08 9.768222772222370494e-08
-3.183102106813588518e-08 2.321689302536010789e-08 1.342002766826561380e-08 -2.017233681721836174e-08 -6.796825476858824509e-08 4.425228810555709761e-08 -4.629007781595867767e-08 1.194258252410175348e-07 -1.358831840761049895e-07 -6.268247593461354104e-08 6.266245703822795909e-08 3.740559871815417297e-08 -4.912538479122648078e-08 -8.363608519659639925e-08 3.417436974359280793e-08
-3.258304332407303725e-08 2.267197252734769182e-08 2.272867910673844142e-08 -2.988437215418484251e-08 -3.097660830777508012e-08 4.496222425638262029e-08 -5.838719205661311493e-08 9.582725060391258303e-08 -9.344959535734695425e-08 -4.073843309383314485e-08 2.458552531208188785e-08 -3.315745091766246685e-08 -2.088354096408174276e-08 -8.708559246821697517e-08 -1.465634738177082088e-08
-3.054936745661171084e-08 2.302765238154369588e-08 2.718338870563972977e-08 -3.637016982559644095e-08 -1.985161715012044667e-09 3.862756603511326857e-08 -5.538413976830494335e-08 6.299069791229852733e-08 -6.431876781652837610e-08 2.759067195674272225e-09 -2.715652996860586398e-08 -5.722176060431319194e-08 8.803831942063446028e-09 -1.975623640168464689e-08 -1.999807319516376114e-08
-2.670701533808786758e-08 2.107105600360968570e-08 2.711277112821671969e-08 -3.610746136626482027e-08 1.372516567453463309e-08 3.204946962152875398e-08 -3.344942015629381681e-08 3.685960232664733670e-08 -4.431969911628098325e-08 2.118032729584455083e-08 -3.415232266031787192e-08 -4.537868595931066611e-08 1.783643115217805522e-08 2.960640420221385992e-08 6.373090137728711102e-09
-2.195148523849242792e-08 1.555677526270291698e-08 2.262417174440210048e-08 -2.996992351098480315e-08 1.766563969753656031e-08 2.707990322743099709e-08 -1.265134433990070872e-08 2.223844005862478973e-08 -2.876632053612217554e-08 2.071365353175535432e-09 -6.769589833363183873e-09 -1.781557671659241714e-08 1.779820488984799159e-08 3.402314122674411075e-08 2.316777150857074028e-08
-1.705011686049342019e-08 8.329370199443992575e-09 1.566477750446732971e-08 -2.010515428742316373e-08 1.395232050984157925e-08 2.303013844306124875e-08 -4.563156990030241537e-09 1.538325166994907296e-08 -2.074307336279922229e-08 -2.420374831561873868e-08 7.846373709977917017e-09 2.136692342723919067e-09 1.534591557355719654e-08 2.961155284636622995e-08 1.202296718071348065e-08
-1.252581425547694182e-08 1.957622155855349310e-09 8.707109368230015902e-09 -1.107765383927340108e-08 7.728096831420706238e-09 1.783921243151349354e-08 -4.377535138699107551e-09 8.784531018079147295e-09 -1.238514311937179473e-08 -3.652330487312354048e-08 1.089220900831459086e-08 7.493979662872119918e-09 1.535030402619823881e-08 2.480548718686401376e-08 -3.020597270571077358e-09
-8.702966504637870489e-09 -2.232058844890558181e-09 3.507951885381047874e-09 -5.739509298956982683e-09 3.101182369843947257e-09 1.209639959718429663e-08 -4.906005573963689035e-09 4.258208882598193222e-09 -5.536468911604055734e-09 -3.409060701528972668e-08 7.594640921467642274e-09 9.542400900318806087e-09 1.281502825785213192e-08 1.973106628129085480e-08 -4.428130492346709331e-09
-5.724217792986352575e-09 -4.248154307800091267e-09 3.099571498357614842e-10 -3.028786627723064929e-09 5.879496309424912725e-10 7.471416497529850046e-09 -3.345615175243054600e-09 3.103817738515209563e-09 -4.787063392804005601e-09 -2.579600037975020995e-08 2.714065264793705102e-09 1.016941906515237256e-08 9.209932215020236046e-09 1.512462968981803948e-08 -7.954179089328053693e-09
-3.587907700561969924e-09 -4.752678405274080092e-09 -1.259087048069723099e-09 -1.817151923787969130e-09 -8.505044937901201156e-10 4.166770019493232100e-09 -2.369663791867397862e-09 2.349045248529207116e-09 -3.328122217760505939e-09 -1.535412847111769121e-08 -5.946957004969531529e-10 8.860935932397499950e-09 4.889590364527096852e-09 1.071913633174886315e-08 -5.055432701141871775e-09
-2.165705537460432626e-09 -4.190693242003223914e-09 -1.649491547124280892e-09 -1.272457776859970700e-09 -1.510726807205076310e-09 2.368646616620938993e-09 -2.277939921493267542e-09 1.862166104569429858e-09 -1.925905732560855456e-09 -7.806064726083308905e-09 -2.532746997165041773e-09 6.283329328238663815e-09 1.771702281518452365e-09 7.423819624558304575e-09 -1.670305723938415506e-09
-1.267260331839734311e-09 -3.179226173811274057e-09 -1.410757182724731125e-09 -9.033464529047810957e-10 -1.624299325714185112e-09 1.505451007477561069e-09 -2.324072008031863814e-09 1.294382062183067885e-09 -6.413826688726211865e-10 -3.271633785108448765e-09 -2.707430285874532933e-09 3.663124706674257641e-09 -2.563760921682531026e-11 4.808184639461612362e-09 6.140571615215857207e-10
-7.216015224110048574e-10 -2.139933272239636962e-09 -1.024441676681685841e-09 -5.910820167973386404e-10 -1.377693285769677166e-09 1.043152034828600452e-09 -1.925073479074955282e-09 9.182675053496169073e-10 -1.432364739733869709e-10 -1.027351340298373505e-09 -1.959907325471639446e-09 1.938004322297675241e-09 -1.083278576570733438e-09 2.696055319146288945e-09 7.466306525130473231e-10
-4.017223267371428254e-10 -1.337839647005174080e-09 -6.912220360693112515e-10 -3.785820006524039316e-10 -1.012780890528964554e-09 6.803363096658824692e-10 -1.358388673633372198e-09 5.850305345249143987e-10 2.101562470311214940e-10 -7.553829036993123536e-11 -1.044992640028624896e-09 9.382506722961262304e-10 -1.868459849847711015e-09 1.639196019880088940e-09 5.731030872324959605e-10
-2.198438034095501672e-10 -7.993809853046100132e-10 -4.419917713684734570e-10 -2.449339919936856958e-10 -6.618965545393237994e-10 4.086350552673460589e-10 -8.838085234174205950e-10 3.341751163853775291e-10 4.072198295863165155e-10 1.597904804327822834e-10 -3.502337994642207562e-10 4.569566075619557513e-10 -1.987699700860906812e-09 9.207759339959548193e-10 5.096767432825404227e-10
-1.188740788296957981e-10 -4.696248984008894646e-10 -2.686377778940329541e-10 -1.543627697538323488e-10 -3.941358729038115975e-10 2.079600280330070026e-10 -5.848070613924071908e-10 1.748573093588716577e-10 3.830345456124754424e-10 1.054866974388474410e-10 -1.703978220919346601e-10 1.870616503425250040e-10 -1.576302799395699366e-09 5.437087264429128543e-10 4.528529807268447223e-10
-6.323502407862516146e-11 -2.659473381677796266e-10 -1.572352816782909209e-10 -8.789118417269100519e-11 -1.990438951115583575e-10 1.096335917960160132e-10 -3.413270377930660954e-10 1.107087328255429400e-10 2.832626216625187249e-10 4.351999846193151757e-11 -7.730960392963264352e-11 1.314085490815273066e-10 -9.605917405890245456e-10 1.139264041406634263e-10 3.161607087565157540e-10
-3.255798026096671282e-11 -1.456410871181342528e-10 -8.825840210355079479e-11 -4.669451292087681725e-11 -9.233167806850378181e-11 5.677529228107191344e-11 -2.137525302977036581e-10 6.184216700696060238e-11 1.921139639628913175e-10 -1.382857229781107212e-12 -3.288648763379513337e-11 9.214421308096776014e-11 -5.959425950602182231e-10 -1.727909193648873974e-11 1.805006439658077725e-10
-1.579507546361596034e-11 -7.347456913667383793e-11 -4.500233193975739413e-11 -2.490397040743529104e-11 -4.227337454023406440e-11 2.583439697364266662e-11 -9.748029167629088986e-11 3.710657466316353269e-11 9.987769004040864483e-11 -9.326721226832398893e-13 -1.467507330104904018e-11 4.185864334302077845e-11 -3.186954132581739812e-10 -2.851776844368198628e-11 1.049791520650087809e-10
-7.313556867558685636e-12 -3.581138791355480851e-11 -2.161056007061485506e-11 -1.200486965459835410e-11 -2.149399873311301528e-11 1.238051593287214370e-11 -5.125828702389667191e-11 1.653057362991960579e-11 5.670799937922279251e-11 3.040085674957735586e-12 -7.556058750994006646e-12 2.072162422886547026e-11 -1.622274497679801354e-10 -2.045938959843950065e-11 6.743857654230176207e-11
-3.309861883279180944e-12 -1.671546539237879509e-11 -1.088210288869468943e-11 -5.656789615532577361e-12 -1.023581542769851729e-11 4.586065189870149644e-12 -2.492416834288393994e-11 7.853348241260532749e-12 2.637866375899793454e-11 -1.402324608122026917e-12 -5.576387542345149877e-13 5.632207684106991730e-12 -7.974140158988701463e-11 -1.038748806425205527e-11 2.807997440552573095e-11
3.740987368144004228e-08 1.594752426561799548e-07 -2.986165291696228659e-07 -4.037939631400539008e-07 7.640900787452647709e-08 -2.199014540938729928e-07 3.617863184362504989e-07 3.531041193486178680e-07 4.692741168247882684e-08 -1.843340903100521987e-07 -3.627719844294136848e-07 1.676441885214807136e-07 6.329456722078056469e-07 -5.442930183220210696e-07 8.414972178028730971e-08
1.441669262793997794e-08 1.109330693802646721e-07 -1.986401903900135793e-07 -2.460024259123528075e-07 -3.268788849087821002e-08 -1.383633912640512404e-07 2.638773886791657399e-07 2.426032576282601373e-07 -6.548560880070329138e-08 -1.922038968166279171e-07 -2.517039784673964213e-07 1.333182346712072823e-07 2.679872775761161577e-07 -2.593583123555314708e-07 1.527705785157134852e-07
-5.986984899608405511e-09 6.891179151740422416e-08 -1.075345474687669466e-07 -1.158098428372404774e-07 -1.036515178781530855e-07 -6.423021992749165442e-08 1.548367723433507266e-07 1.645004510890976144e-07 -1.500846784294924038e-07 -1.654584586181656694e-07 -1.389505612572406837e-07 1.214174522813513966e-07 -1.933629332530136822e-09 -1.830718675386178423e-08 1.996242094268561444e-07
-2.004710588900649813e-08 4.281060943024812547e-08 -4.519526625547436240e-08 -4.707530991583640015e-08 -1.219296970722113520e-07 -5.363081645001278242e-09 5.452528738134817817e-08 1.381509962397386363e-07 -1.856277949276757713e-07 -1.126413758551723976e-07 -4.762257384119631640e-08 1.218499704255059352e-07 -1.142847324456532971e-07 8.425739551499252621e-08 1.433777118038231090e-07
-2.933453576396505309e-08 2.873213689771285331e-08 -5.023003881092017003e-09 -2.069280475466365277e-08 -1.072405227540905502e-07 3.482782328284061217e-08 -1.809398722841055938e-08 1.359012626079441514e-07 -1.847632084228323208e-07 -7.542006601310572809e-08 2.892325780717785954e-08 1.014372123649983406e-07 -1.078387033431003551e-07 1.858258569264609005e-08 9.452570026896983896e-08
-3.397330271217350929e-08 2.436899416349258170e-08 1.492830470400409274e-08 -2.218930538891030959e-08 -7.176303512923169767e-08 4.846178700265077211e-08 -4.847339500562894110e-08 1.264663525267640678e-07 -1.431951677835073057e-07 -6.400808162590423889e-08 6.176686968347066121e-08 3.377325215237970685e-08 -6.346737342798962642e-08 -8.890695464282346330e-08 2.730647775886510875e-08
-3.471370764283132787e-08 2.409916854703677391e-08 2.452568979521227640e-08 -3.316394875222220856e-08 -3.167368573532830527e-08 4.864091565823046927e-08 -6.094468983678885560e-08 1.005201155479761561e-07 -9.585687208441490141e-08 -4.160419975626511542e-08 1.980447776586381780e-08 -4.072970526638420886e-08 -3.208151672702780769e-08 -8.764582655214906115e-08 -2.112625417806541514e-08
-3.249386854004290597e-08 2.467927121249849649e-08 2.924166271626947276e-08 -3.991110445712416603e-08 -8.580439466089144360e-10 4.134143910829276234e-08 -5.748885164252781548e-08 6.477088423174230584e-08 -6.467008979769607194e-08 5.016465066878815842e-09 -3.454100349898849462e-08 -6.246287742170273658e-08 2.818084586582173489e-09 -1.376940455530202242e-08 -2.245212620214766726e-08
-2.835593837283564625e-08 2.255937655323397887e-08 2.909459873740755866e-08 -3.910922534987502413e-08 1.536599813745336284e-08 3.406822104613377392e-08 -3.349073958332263096e-08 3.714312794646570281e-08 -4.431016083138488948e-08 2.389730867011425859e-08 -3.928343544369738247e-08 -4.735904257972181728e-08 1.380610505468820419e-08 3.666157669489054181e-08 8.027643675037437506e-09
-2.325902680345157187e-08 1.646792290679067227e-08 2.412079686147329982e-08 -3.201848751203394014e-08 1.901343829182136618e-08 2.865391970109984141e-08 -1.139380887490205936e-08 2.217108837736526682e-08 -2.883567377145527043e-08 2.783645602011196852e-09 -8.209019835880086298e-09 -1.706930711038679029e-08 1.499863263038606904e-08 3.797777231292664546e-08 2.578607328849324133e-08
-1.802190043687586278e-08 8.570015613909022135e-09 1.651903944338029927e-08 -2.115927990029812181e-08 1.462913861880478922e-08 2.427188982661615931e-08 -3.521859254006721279e-09 1.541298206846755711e-08 -2.125061996507154836e-08 -2.534732733989331823e-08 7.555137977325341399e-09 3.691308922803688870e-09 1.326791117811645208e-08 3.204694400960340582e-08 1.325224961701841919e-08
-1.319970258806802909e-08 1.732909523682372235e-09 9.041405988971940468e-09 -1.150662074591090621e-08 7.832203636705498423e-09 1.869020123600450049e-08 -4.129722916776679258e-09 8.630650506852710705e-09 -1.258036579347985962e-08 -3.813101402405610325e-08 1.112937864894861939e-08 8.560413824198536632e-09 1.418553330216290581e-08 2.618528107263211516e-08 -2.486141038496286500e-09
-9.138286385799185732e-09 -2.659079722081492351e-09 3.538652475977922636e-09 -5.953016890743341086e-09 2.985580993175024429e-09 1.263689242168161291e-08 -4.980499936474142285e-09 4.161095976631078151e-09 -5.446900236161056134e-09 -3.533892254348544706e-08 7.720758703244357171e-09 1.013672334380450030e-08 1.221554573246459981e-08 2.069799982317903118e-08 -3.743706010835673999e-09
-5.985488107066677169e-09 -4.703219730865912575e-09 1.914493417205087929e-10 -3.154746208241602574e-09 4.568063094497655567e-10 7.805672106626405168e-09 -3.356793680126329712e-09 3.154282405740240054e-09 -4.980124901276623278e-09 -2.662518454375910123e-08 2.611965368950727059e-09 1.063067762908777398e-08 8.955267485970228365e-09 1.577450765583929296e-08 -8.051111595165653357e-09
-3.736203409218486037e-09 -5.150770681541852376e-09 -1.423293476452215887e-09 -1.912132088802920862e-09 -9.934344160472076283e-10 4.340799805412394619e-09 -2.436483198908628688e-09 2.423014648622918944e-09 -3.417813449105608969e-09 -1.564890813338644768e-08 -8.374168984350386290e-10 9.242463631099155312e-09 4.585992817323484610e-09 1.104787745445106603e-08 -4.864396078408850041e-09
-2.247184037607588832e-09 -4.482501570342875405e-09 -1.789141628274745580e-09 -1.349314831116615633e-09 -1.648044603978924083e-09 2.473014762119987014e-09 -2.416216652674561046e-09 1.943378187427139041e-09 -1.939368392248155886e-09 -7.855976265085460791e-09 -2.818685063253908738e-09 6.507880471275734907e-09 1.483562316124795510e-09 7.651408924437772180e-09 -1.373962071220932850e-09
-1.310823483811529377e-09 -3.365879690765445256e-09 -1.502875929752597878e-09 -9.561639217940238713e-10 -1.744058185513332524e-09 1.582765822294777790e-09 -2.485402887267027072e-09 1.348178023105996468e-09 -6.041674629748468676e-10 -3.208245579503782744e-09 -2.911336678149247998e-09 3.761924335199298569e-09 -2.198688260867129494e-10 4.923356482186667128e-09 8.390525432458813900e-10
-7.442849181854354332e-10 -2.245148335655943859e-09 -1.080142031970538090e-09 -6.207111010523825600e-10 -1.461239860751834601e-09 1.101253007555392258e-09 -2.038911752891334230e-09 9.613506353138007159e-10 -1.166386972219883814e-10 -9.500592749060228748e-10 -2.073634557733923047e-09 1.988514624413062848e-09 -1.218274598905141250e-09 2.734435723256949092e-09 8.395731653418393807e-10
-4.133866267384174742e-10 -1.394775393828177766e-09 -7.249680442953301167e-10 -3.962252160786793155e-10 -1.066895517123421730e-09 7.134605900833099887e-10 -1.428066200284025533e-09 6.084369638310415356e-10 2.493752386850928778e-10 -1.528589941454825650e-11 -1.078291826740900001e-09 9.529288878537297201e-10 -2.048990613444068226e-09 1.676750528777380431e-09 6.312969000849657445e-10
-2.258422588895127206e-10 -8.294762723250551309e-10 -4.613779035156349758e-10 -2.569243857987216909e-10 -6.926356772036853200e-10 4.252627322624704447e-10 -9.234137162734829387e-10 3.460433735002383835e-10 4.483135146195874112e-10 1.934352984745707262e-10 -3.441046713626756282e-10 4.596555492331767104e-10 -2.132679516590808661e-09 9.492417838714805013e-10 5.534302232009164854e-10
-1.220101985812965728e-10 -4.861634682842683367e-10 -2.791498352213544127e-10 -1.613580672009424379e-10 -4.075138353023931862e-10 2.141286148790159400e-10 -6.078632489149708639e-10 1.805352349718662949e-10 4.125144842585575141e-10 1.162903118977461741e-10 -1.680308468763444776e-10 1.897920317349330308e-10 -1.659890513718403233e-09 5.489518276312455167e-10 4.822302994611261496e-10
-6.484298885070946640e-11 -2.746606200555526557e-10 -1.627463744931191929e-10 -9.140888036724284397e-11 -2.028167487400871929e-10 1.122613599098879184e-10 -3.539594206155729609e-10 1.152219057188658722e-10 3.017525878526308329e-10 4.403001516321788681e-11 -7.762082630266622409e-11 1.365169551571693222e-10 -1.001261454211074508e-09 9.986008198955122280e-11 3.372528797237919408e-10
-3.329030368718127226e-11 -1.496391385380524440e-10 -9.097754189768309132e-11 -4.812523771929632081e-11 -9.310057244988990056e-11 5.823464974081564515e-11 -2.208269384219369252e-10 6.513617601371971796e-11 2.019690224087791322e-10 -3.858988587468314995e-12 -3.319488567655164953e-11 9.557823567709399278e-11 -6.182041012855066655e-10 -2.955992727916056670e-11 1.881548000369804239e-10
-1.605962465634657116e-11 -7.490056208580395791e-11 -4.598173623996561878e-11 -2.548584535833169093e-11 -4.248114937795495434e-11 2.624714477357795082e-11 -9.961632426135909964e-11 3.837514728987236345e-11 1.031720675720899266e-10 -1.825123812850752834e-12 -1.470806442314954200e-11 4.301562422995176855e-11 -3.269011540601664915e-10 -3.236432269443017562e-11 1.081785565892320943e-10
-7.407121490278110015e-12 -3.631831968974999761e-11 -2.194919577347023063e-11 -1.221421177185108954e-11 -2.163855335405906174e-11 1.251630129617820892e-11 -5.213921127626332922e-11 1.690276403568993583e-11 5.808131608061193507e-11 2.842572560423960777e-12 -7.512474642439792612e-12 2.114953282950129421e-11 -1.652282885539449957e-10 -2.175140943284500777e-11 6.889636930945717896e-11
-3.343330549177026343e-12 -1.689178841847664059e-11 -1.101189178619503339e-11 -5.723877412652614179e-12 -1.029423618991795292e-11 4.603817786319263897e-12 -2.522713695685436726e-11 7.972652642977301906e-12 2.684494158454751716e-11 -1.540441046061086332e-12 -4.687627387299499978e-13 5.742526049297674697e-12 -8.083087202209931229e-11 -1.084484229471474581e-11 2.856178727699587176e-11
2.739458610574836615e-08 2.174623469691571548e-07 -4.109833551517567379e-07 -4.875456652650865240e-07 -1.643683379831231680e-08 -3.043501921937944718e-07 3.799341884683266735e-07 3.060329309183672917e-07 4.781110316904816897e-08 -1.254026767453078544e-07 -3.650088345569927358e-07 1.020875208262160139e-08 3.383693669380650156e-07 -5.386250587170539077e-07 1.005077035246103559e-07
-1.002229159432738957e-08 1.429240253638579856e-07 -2.606699302609219631e-07 -2.611744367893732969e-07 -1.427291851437681361e-07 -1.452711864714256802e-07 2.905056903345658459e-07 1.381317330499674463e-07 -9.697182536687002381e-08 -1.247321488944868190e-07 -2.878723827594372546e-07 4.025867513237924794e-08 6.587130570972598422e-08 -2.012642166734418405e-07 9.527337479913050999e-08
-4.087242150284791403e-08 8.438455471556920630e-08 -1.308595599895813762e-07 -9.563317631299738480e-08 -2.117176461740411864e-07 -1.587215815548928774e-08 1.682700706393850435e-07 6.304577768641078357e-08 -1.765137744702600023e-07 -6.802920020719907283e-08 -1.918236095576508067e-07 8.736361898901305123e-08 -9.841737704513866849e-08 6.513785902397750632e-08 4.588844331697834303e-08
-5.905598893899549204e-08 5.515144136268199853e-08 -4.791189450960170768e-08 -3.233935962681551272e-08 -2.030367862523475641e-07 5.074233757027722388e-08 4.556970510091224858e-08 9.590488225310916068e-08 -1.737817941148123591e-07 3.842424501929420534e-09 -9.831960166022217809e-08 1.289553897087112102e-07 -1.370985584453213652e-07 1.249372879748265132e-07 4.146920182384585063e-09
-6.820117029403880321e-08 4.222859210215660328e-08 9.670452963944214906e-10 -2.543305351671523801e-08 -1.536525024100478817e-07 6.602070178521823641e-08 -2.006682425056354295e-08 1.186568962568778505e-07 -1.170114885239545416e-07 -1.274688724552000094e-08 -9.458234788647104705e-09 9.298888387407843016e-08 -1.330482768265978373e-07 1.582628043330421279e-08 1.763102202369286273e-08
-6.928320137711472528e-08 3.708750491481856710e-08 2.469979734434478146e-08 -4.592737500743341094e-08 -8.603760665332036955e-08 6.134463118135464684e-08 -4.320983554937985689e-08 1.004943509025321859e-07 -4.553376666272417710e-08 -6.561002260540323687e-08 4.446877150001514334e-09 -3.007790090096859334e-09 -1.268295207217294946e-07 -5.871437824701141746e-08 -1.203402116339129779e-08
-6.445574909536476045e-08 3.345188804225605646e-08 3.736800722479801100e-08 -6.318723826809319215e-08 -2.866783415260985236e-08 5.063887811435324150e-08 -5.403181718726152940e-08 5.818238963018490871e-08 -1.943940588789681065e-08 -5.615564247855939605e-08 -3.665854897013898113e-08 -4.332874625184821572e-08 -6.327001238442464641e-08 -3.343828985825373914e-08 -2.249635136073511069e-08
-5.586872316625575584e-08 2.858238675036328198e-08 4.056661431078549190e-08 -6.414250623610760383e-08 5.862290507640213798e-09 4.001736504396679442e-08 -3.135650526237125973e-08 2.627060460809428041e-08 -2.191354425401096705e-08 4.483002484997657149e-09 -6.975957751198809697e-08 -3.617601661491852112e-08 -1.544722064656448166e-08 3.620732594986534334e-08 -1.134150512520991668e-08
-4.555583543182712889e-08 1.881213491551287072e-08 3.523514499034841766e-08 -5.454486281677466596e-08 1.828046893454562779e-08 3.546520150248761994e-08 4.151459633095663740e-09 1.500015828716153931e-08 -2.260511220658749000e-08 2.313462097310693883e-08 -4.324285820486995303e-08 -1.573817038047415325e-08 -4.192826517210084085e-09 5.660854562774001299e-08 2.472606248735377586e-08
-3.509996477573808325e-08 7.192773178487585728e-09 2.501841418646882976e-08 -4.002488814364136269e-08 1.705732938419718846e-08 3.328774007049942888e-08 1.369704408906664363e-08 1.196337545296289881e-08 -1.815504653579386142e-08 6.283787898548141298e-11 -5.053736969133172114e-09 1.051493272527025877e-08 -1.279566485108128547e-09 4.013423006588449353e-08 3.780628596465121708e-08
-2.561917433950738711e-08 -2.468736058928815709e-09 1.428530045339919535e-08 -2.498184587185271513e-08 9.556159654215029614e-09 2.995049979452897186e-08 4.667409638149907746e-09 1.135440693518706480e-08 -1.407549557937527494e-08 -3.002125427814720637e-08 8.851431398261921003e-09 1.326944094765304410e-08 3.435167150613255328e-09 3.414444138275458419e-08 1.961133937035948660e-08
-1.772971676410033792e-08 -8.116355244920033654e-09 5.762748354500530967e-09 -1.448260065133093920e-08 3.269789710615895820e-09 2.410146832557125030e-08 -4.252314770084592992e-09 6.778684175708432727e-09 -5.317737272559009288e-09 -4.036090167844858007e-08 1.111131681016003060e-08 8.411064132073746862e-09 8.349886828074583417e-09 2.661839587957962647e-08 6.750609672439088133e-09
-1.165488723035671247e-08 -1.027309589942068856e-08 2.613398090665178699e-10 -8.249933219711017152e-09 2.496989540309641926e-10 1.679038556542597853e-08 -5.396313263667464474e-09 5.073086261147920093e-09 -3.644072936654523100e-09 -3.777432000529023102e-08 4.099480063076873497e-09 9.921816444945836786e-09 8.999916591902979857e-09 2.304015496075549411e-08 -1.012957671031579368e-09
-7.313424841148757636e-09 -1.011338739145028968e-08 -2.602173893644748526e-09 -4.737521861937972927e-09 -1.556353388256750269e-09 1.035351760668548847e-08 -4.793439075127222092e-09 4.561844872480287437e-09 -4.461896653891557048e-09 -2.629813183876879126e-08 -1.548766369700457613e-09 1.250023655935889803e-08 4.906946159056207345e-09 1.513755368057527595e-08 -6.451095213878740622e-09
-4.426926913851319247e-09 -8.581908361613266816e-09 -3.331043710987369402e-09 -2.999800362038883032e-09 -2.721541247420977076e-09 5.828533800830903654e-09 -4.621662115263459046e-09 3.621124558729705814e-09 -2.178343294281100269e-09 -1.389996042220351718e-08 -4.587047589775935396e-09 1.099816932213627101e-08 9.452151744254307116e-10 1.094513034443442189e-08 -1.047520806833938502e-09
-2.603241722902250041e-09 -6.424060791860027118e-09 -2.890979101502277453e-09 -2.033375983456275490e-09 -3.040536340184264158e-09 3.509780955434301737e-09 -4.506519755718621542e-09 2.722086967887558975e-09 -9.312754064719358645e-10 -6.253921427932915571e-09 -5.257192107271356369e-09 7.077708217540864713e-09 -8.019457359041265370e-10 7.790229391208887514e-09 1.688518976117274054e-10
-1.490795662709273928e-09 -4.363609252601752437e-09 -2.097160909355063349e-09 -1.319385035610888640e-09 -2.648939486649738771e-09 2.261197044415611763e-09 -3.765890841271145538e-09 1.827297930943513401e-09 1.528487640829711314e-10 -1.954196250785887113e-09 -3.920676731622312796e-09 4.106270906307574776e-09 -1.816002487431598473e-09 4.747905928987931142e-09 1.361888483515379247e-09
-8.354239566348643043e-10 -2.741073105061528179e-09 -1.416764021239809214e-09 -8.222640864879315669e-10 -1.961799015975332222e-09 1.437254080255710223e-09 -2.679358235404627221e-09 1.243565395371539482e-09 5.351219047563312198e-10 -2.600367783782436402e-10 -2.224818922859251864e-09 2.125269787783754980e-09 -3.059077420927624567e-09 2.741081200696484193e-09 1.292429279604873761e-09
-4.602269748727989978e-10 -1.653870750339340123e-09 -9.140870855028615358e-10 -5.240545609989762140e-10 -1.319505089311180206e-09 8.470443169212960209e-10 -1.788572567172039502e-09 7.333936248568464742e-10 8.176951309562735185e-10 2.748903646208531237e-10 -9.460562862672955333e-10 9.643527859504710380e-10 -3.715201994950983394e-09 1.775981529373499912e-09 1.016760875180724263e-09
-2.498992424211376570e-10 -9.650540313243459954e-10 -5.534658835198887383e-10 -3.285152223373152725e-10 -7.597824861605326857e-10 4.686643883797835769e-10 -1.090185867831744282e-09 4.168622926241551287e-10 7.973958769492279371e-10 2.280153311457502879e-10 -2.761603595194156190e-10 5.266801237625103242e-10 -2.838971419408318005e-09 7.738354230473351918e-10 8.331038249499325431e-10
-1.336925041760024279e-10 -5.549148212934464686e-10 -3.222006770078452194e-10 -1.895625287048967203e-10 -4.070889300300728517e-10 2.274283413580240371e-10 -7.061438387660983483e-10 2.279581174222549189e-10 5.976298481728730947e-10 7.452156804306992968e-11 -1.908449515079584362e-10 2.600245839980795522e-10 -1.973092624236627135e-09 2.582069168745034953e-10 6.447222406452873940e-10
-6.931809619311912946e-11 -2.995146527964132728e-10 -1.808340814635005049e-10 -1.006140512283711202e-10 -1.965810014162683139e-10 1.206173483669464834e-10 -3.997774748187543988e-10 1.479255417096097142e-10 3.805006081515981339e-10 7.463720648763875509e-12 -7.862226010424415217e-11 1.708231112059784194e-10 -1.156021209380041074e-09 -6.129706632582541937e-11 4.038417600087843023e-10
-3.430863411684617187e-11 -1.549523057970250176e-10 -9.547768628986339430e-11 -4.949824418638150330e-11 -9.154067440848842694e-11 6.143896785588331590e-11 -2.334204544396141553e-10 7.529523397059307283e-11 2.200233362575689402e-10 -1.543785814587333805e-11 -3.381072904856926503e-11 1.035456512871000803e-10 -6.616366415270664279e-10 -6.055142468679393104e-11 1.916508226468588335e-10
-1.621846128201452499e-11 -7.572685034754304657e-11 -4.651798734345937411e-11 -2.601483218267116736e-11 -4.259770399281484386e-11 2.611075614226814198e-11 -1.001674581014488241e-10 3.876576205152376380e-11 1.040822766337310747e-10 -1.902091247868460515e-12 -1.505877657503039871e-11 4.347573174627325526e-11 -3.310333337606786238e-10 -3.078005257540346842e-11 1.118988108901983536e-10
-7.478230751375834975e-12 -3.671074367097054357e-11 -2.220704569907650527e-11 -1.236558059583425850e-11 -2.178059964865894970e-11 1.259713671028548553e-11 -5.274633301344731527e-11 1.720178105977484342e-11 5.924131240334804130e-11 2.857127202044990366e-12 -7.262897313814865930e-12 2.156596927326141501e-11 -1.678253223258650925e-10 -2.276583827955365358e-11 7.031027465561498208e-11
-3.368916739633059978e-12 -1.702243323528106786e-11 -1.111287158231803637e-11 -5.763045212210806095e-12 -1.035943557727186933e-11 4.572098639837747613e-12 -2.545545233290069231e-11 8.034686051826258998e-12 2.729295620380158385e-11 -1.667118243976581920e-12 -2.643908525768903907e-13 5.780939026243448800e-12 -8.182267976351234985e-11 -1.130824172300780787e-11 2.917134886600346597e-11
2.082635696036171216e-08 2.566569808196289169e-07 -4.873385449532561007e-07 -5.447208725265482478e-07 -7.653518599613057135e-08 -3.621287139838597552e-07 3.814961800521232128e-07 2.560317036213030944e-07 6.601516804978503627e-08 -1.067610681088812752e-07 -3.451105854934151172e-07 -1.034112376272047345e-07 1.655087378795972369e-07 -4.692538069379479966e-07 9.652081856730542120e-08
-2.606861733520338293e-08 1.643441900200543058e-07 -3.037927787620573989e-07 -2.735689782957568322e-07 -2.116636213117140640e-07 -1.475495321713207159e-07 2.926622883509681707e-07 5.618450363948726361e-08 -1.016711671884427099e-07 -9.491674852285582395e-08 -2.910458427905751907e-07 -1.562217828319725667e-08 -1.382353672410994064e-08 -1.059679932472514989e-07 5.297322058294644227e-08
-6.380477007962684832e-08 9.511676162753039134e-08 -1.488631226483966472e-07 -8.552147052955377500e-08 -2.802207841089309672e-07 2.077380014881204912e-08 1.602233592778763814e-07 -1.153673156472435651e-08 -1.791837319789021883e-07 -1.525974381918228868e-08 -2.062772202211184989e-07 7.808210549091728840e-08 -8.681736110713673904e-08 1.435293114778121897e-07 -5.590338233311828230e-08
-8.472679526970721414e-08 6.446335509738854312e-08 -5.162520618988869997e-08 -2.419418903519627250e-08 -2.550457291278893383e-07 8.759138284510146329e-08 2.921942644606676900e-08 6.250099248166068870e-08 -1.515109550920516577e-07 7.361676637426367981e-08 -1.067503815196754708e-07 1.563882047000037864e-07 -7.874546196212923938e-08 1.416694114254669306e-07 -5.862280873483907903e-08
-9.377220942733471747e-08 5.268256982906456032e-08 3.920708648063126592e-09 -2.779642656459633879e-08 -1.842569791864836836e-07 8.267977336738317037e-08 -2.611529079341684601e-08 1.009008607252427580e-07 -6.117235649392913910e-08 2.653542906085730901e-08 -1.230623659665020022e-08 1.077845460950296483e-07 -1.055320578848751930e-07 1.701560824445213602e-08 -6.798807975023458627e-09
-9.250492520501089088e-08 4.656333741216498442e-08 3.118496405097167611e-08 -5.905899889411584835e-08 -9.730495278876754403e-08 6.721566890035022810e-08 -4.375547982367561756e-08 8.174960918332266438e-08 1.966753217786771492e-08 -6.215540743832191843e-08 -1.665267053949381724e-08 -7.522359789977707648e-09 -1.382065935606789745e-07 -3.037685670929783462e-08 -1.512437116685181180e-08
-8.401427871545457431e-08 4.004911321796441060e-08 4.592449427679054143e-08 -7.942215290259563867e-08 -2.980277116202527507e-08 5.081319943236037146e-08 -5.322704937225455235e-08 3.260207756736615117e-08 2.417930011814970818e-08 -6.286090782584816654e-08 -5.462102907914345899e-08 -3.008403464654621510e-08 -5.544174972474526257e-08 -1.093450426592495388e-08 -1.736255045372666819e-08
-7.124193787276261201e-08 3.086307717647297956e-08 4.749435013555238394e-08 -7.750693195786217415e-08 7.779742696283168030e-09 3.871503092489065658e-08 -1.709830032825054072e-08 5.240285873158583288e-09 -1.515597013456321805e-09 3.650135536254487264e-09 -7.798929264794018054e-08 -1.686078589096610657e-08 -1.597213226312971444e-08 5.060535332753636346e-08 -1.089058502876048569e-08
-5.688848995930307480e-08 1.593740253159380281e-08 3.859612428218803058e-08 -6.352077906091230565e-08 1.896469148809204754e-08 3.636063813194325614e-08 2.452363132933941641e-08 3.844099489282992395e-09 -1.391971596993597211e-08 2.312599196497050465e-08 -3.980127697735062268e-08 1.712124680469276354e-09 -9.321218032638074920e-09 5.947551126130510709e-08 2.600986574349540440e-08
-4.293029390475613697e-08 1.075594677059049668e-09 2.531034220952476924e-08 -4.532865244876879890e-08 1.547069035591354374e-08 3.657361611313185504e-08 2.630947915215955078e-08 7.320026949362158405e-09 -1.432814364126773348e-08 -8.260621869632764289e-10 -1.801194050210420800e-09 2.413016842543485333e-08 -9.300230255537767742e-09 4.080994253240042241e-08 4.074810615104412883e-08
-3.067954940644699877e-08 -9.321433413643801973e-09 1.296675603134687410e-08 -2.803889355184486303e-08 6.699720997612875875e-09 3.402456805432624135e-08 7.954682141898324599e-09 9.668253023647956040e-09 -1.009735191964357486e-08 -3.238994028966210187e-08 1.096605695774295764e-08 1.724340975880832378e-08 -1.189268030312142479e-09 3.545776329348753880e-08 2.263534461292387438e-08
-2.079390103598128693e-08 -1.411709275025303677e-08 3.895119593224898160e-09 -1.686869056550314494e-08 9.104584952876129668e-10 2.816094494213547577e-08 -4.544245088830181888e-09 6.502699028802412783e-09 -1.253791186691272376e-09 -4.221889461167257579e-08 1.127635926677758928e-08 7.584690385969741629e-09 5.708589027777535320e-09 2.758711947691756885e-08 1.094750509398967843e-08
-1.339666184764604054e-08 -1.497631731498911965e-08 -1.689708458475350326e-09 -9.850792304016398591e-09 -1.167312113821970923e-09 1.976295458477505106e-08 -5.697347277397835231e-09 5.774514862210600778e-09 -3.061073566010837990e-09 -4.026166160943387392e-08 1.751475869719287823e-09 1.041513924664427533e-08 7.243267651775166844e-09 2.482205439393719921e-08 -5.906188828342207848e-10
-8.266907811497971882e-09 -1.351042930205455889e-08 -4.305095034655965100e-09 -5.785244697881135936e-09 -2.815143768487445555e-09 1.210076822387947594e-08 -5.994359291133675338e-09 5.469574301562908436e-09 -3.926392651375997724e-09 -2.661343969409595968e-08 -4.167703251141821292e-09 1.403367874878677863e-08 2.104394271423926703e-09 1.500020599877254484e-08 -4.780603422436595892e-09
-4.940000492496454470e-09 -1.077645408019091279e-08 -4.508970114419630424e-09 -3.694023817259338135e-09 -3.827793738852871082e-09 6.858139086127303261e-09 -6.079069492850356217e-09 4.409986426434266338e-09 -1.510878089586036665e-09 -1.327425319082273378e-08 -6.914420295391086821e-09 1.234192109202172911e-08 -1.180578042686030425e-09 1.130137716179659646e-08 9.172589839417722517e-10
-2.873755879218075328e-09 -7.711818899205885117e-09 -3.596001169022970688e-09 -2.463730857849759544e-09 -3.959186219305688136e-09 4.210366802272479820e-09 -5.811357847488830845e-09 3.226291952075587063e-09 -3.951767491853988113e-10 -5.375033412725273799e-09 -6.803512546397689847e-09 7.592778406267103536e-09 -2.056693235865067858e-09 7.976345404090385638e-09 8.484658310468296372e-10
-1.630386445287548015e-09 -5.059415322703951396e-09 -2.506546151069480639e-09 -1.557869910905458710e-09 -3.233007885203891101e-09 2.702161457589314447e-09 -4.543034257635990322e-09 2.170241611509488482e-09 5.644632067870686448e-10 -1.267616000951349293e-09 -4.607300792339835465e-09 4.422513732070795516e-09 -2.899801768310100284e-09 4.794493342135619087e-09 1.693723245695098997e-09
-9.074638618246881743e-10 -3.111730826285675888e-09 -1.655029836652957097e-09 -9.677505382922591757e-10 -2.311053374821566841e-09 1.652397411080684011e-09 -3.129541314541492231e-09 1.419903499555347725e-09 9.814807723407765046e-10 1.661977484068330913e-10 -2.353453460934768771e-09 2.212001868518699092e-09 -4.416297864444469680e-09 2.848477528408839540e-09 1.732782499183180918e-09
-4.974251793876564336e-10 -1.849882099591886739e-09 -1.047567261714161345e-09 -6.132849455959329462e-10 -1.494244317446416742e-09 9.473734297368758990e-10 -2.042692098998502605e-09 8.319896071263224997e-10 1.168199685494703122e-09 4.535134709579920074e-10 -9.193027900947333145e-10 9.958560292545568345e-10 -4.713427594111910425e-09 1.826711057571622465e-09 1.247667349204070351e-09
-2.690194957798068331e-10 -1.069997627051174958e-09 -6.199621129795656620e-10 -3.753792362345353258e-10 -8.105985000723763497e-10 5.045712528570959301e-10 -1.213469556481579461e-09 4.692566704301432700e-10 1.015871780617009319e-09 2.647682746639026359e-10 -2.690038043550204909e-10 5.913595581010857399e-10 -3.281496395802645670e-09 6.346958267049079608e-10 1.038701459546048689e-09
-1.429036734509681550e-10 -6.066541861524955472e-10 -3.554453438552807177e-10 -2.092869358195216471e-10 -4.191757830258065834e-10 2.424885177150158499e-10 -7.843714018321306964e-10 2.634340654692860855e-10 7.226204261322965871e-10 5.896502483817989265e-11 -1.989027052236734475e-10 3.014417543869961001e-10 -2.232560883785333355e-09 8.878576825210694155e-11 7.581131723442223476e-10
-7.300452084539513450e-11 -3.192237268560594033e-10 -1.950676262322090022e-10 -1.080739067675940246e-10 -2.001621478282128455e-10 1.284310392503062248e-10 -4.353160417083533626e-10 1.683545395991797364e-10 4.340012995298911839e-10 -7.338565572783944942e-12 -7.369254219247206855e-11 1.888943128773311395e-10 -1.281930026667531952e-09 -1.407037880427244266e-10 4.489229578526292959e-10
-3.547408404237643706e-11 -1.611987981572466861e-10 -9.977091412971351927e-11 -5.175952271864693535e-11 -9.283360590066115797e-11 6.394583940833558157e-11 -2.444353186130993260e-10 8.076518985020555096e-11 2.348790870018182630e-10 -1.952118680227739071e-11 -3.561029528842942299e-11 1.087388612418093587e-10 -6.958566854714921550e-10 -7.349049358960657604e-11 2.007016143587661229e-10
-1.667249033554206911e-11 -7.819520670109843213e-11 -4.818530763490917645e-11 -2.705145569600961274e-11 -4.285202147038667543e-11 2.666324556825546835e-11 -1.037938997612046413e-10 4.079638101868773756e-11 1.096644424029952644e-10 -3.428073851249792513e-12 -1.513392687509520628e-11 4.552113956772614629e-11 -3.449603960825197571e-10 -3.761416421982874041e-11 1.188452837535633018e-10
-7.633984889187079031e-12 -3.755407565674877373e-11 -2.277271358999653838e-11 -1.271494621913587460e-11 -2.202014554205088185e-11 1.282850130211491509e-11 -5.413477652219664138e-11 1.785892120054210167e-11 6.155073842933017966e-11 2.578356490869956356e-12 -7.165076560332515815e-12 2.232233077656816552e-11 -1.729152930295627882e-10 -2.482544801950249128e-11 7.272027849532907703e-11
-3.425329852160953835e-12 -1.731420437503449680e-11 -1.133397975946247405e-11 -5.870059048792046490e-12 -1.045980863207645628e-11 4.587161961074776626e-12 -2.597072222614923286e-11 8.241230939307908797e-12 2.811840179461756206e-11 -1.925926730151881371e-12 -4.429419595185922222e-14 5.959194952446064560e-12 -8.374560421072484630e-11 -1.214930100678622540e-11 3.003420449919992810e-11
1.753267763738315594e-08 2.815436241460045868e-07 -5.350042697139255186e-07 -5.833630644723478713e-07 -1.203843581394792242e-07 -3.998064867399806249e-07 3.868070394955129108e-07 2.194974632765768065e-07 8.017642085263518772e-08 -9.571713772125620773e-08 -3.395729638481206079e-07 -1.773036513541365230e-07 5.732260170569084076e-08 -4.166420548865760354e-07 9.117058966795404319e-08
-3.535089560270862923e-08 1.775167797814586274e-07 -3.306448095262366115e-07 -2.834133339138649999e-07 -2.616521959574055079e-07 -1.501770279750345023e-07 2.972811339397625207e-07 1.986687132609671005e-09 -1.017771607841580060e-07 -7.368742676475407272e-08 -2.930275282333594334e-07 -4.757213213083397939e-08 -5.605897666760246224e-08 -3.457579351133465416e-08 2.085877018183159119e-08
-7.750670937134416449e-08 1.014990907605405436e-07 -1.599158892279268601e-07 -8.104498463110985305e-08 -3.291072555485847086e-07 4.373434470776301272e-08 1.543824897688407544e-07 -6.028303113036480721e-08 -1.777241114752716321e-07 2.320827636311225168e-08 -2.136784410829126151e-07 7.959229121070161522e-08 -6.432183404717693454e-08 1.981965395005628881e-07 -1.265214016606843197e-07
-1.003242810817258209e-07 7.021412144133048786e-08 -5.358223052231576988e-08 -2.105491035571556258e-08 -2.919387217461866057e-07 1.118959282593531125e-07 1.571117086996006660e-08 3.949017834443256958e-08 -1.342123385382184390e-07 1.231869763676822807e-07 -1.105104931610841366e-07 1.827685493301189338e-07 -3.000902335211762298e-08 1.535299052359023801e-07 -1.021077485713035820e-07
-1.094979100045469489e-07 5.972237222150938250e-08 6.294550143758128173e-09 -3.130783016241726754e-08 -2.058677660021439453e-07 9.483784206667179088e-08 -3.198292471351859628e-08 8.775775496978921540e-08 -2.292923889834295020e-08 5.551291848633267111e-08 -1.305500173682510875e-08 1.224932897075148152e-07 -8.278940516579222156e-08 1.884051314029380570e-08 -2.239890688939844236e-08
-1.069282828223873394e-07 5.335981476682675853e-08 3.579968979581873436e-08 -6.917919369667628653e-08 -1.055651247648921447e-07 7.247758022248896041e-08 -4.428768734086491313e-08 6.900432167821865894e-08 6.417365004938011869e-08 -5.855687411381931019e-08 -2.907030298584248176e-08 -8.818151578303292713e-09 -1.433145235409886938e-07 -1.170365523454624145e-08 -1.595884724093217079e-08
-9.626627247537805493e-08 4.512013836564329891e-08 5.188043675020203202e-08 -9.087394561828056532e-08 -3.093816376781682246e-08 5.198976770585242003e-08 -5.239254698444731296e-08 1.613964060693350616e-08 5.396589800874944226e-08 -6.749728744115129691e-08 -6.592792340264215901e-08 -2.125311638923410785e-08 -4.896935491048851344e-08 3.069477268754591566e-09 -1.535814930817262772e-08
-8.094355724397142370e-08 3.310715153846458694e-08 5.239065992837536372e-08 -8.661940099288514993e-08 8.960930760468346422e-09 3.832254233911442951e-08 -7.526227079161528985e-09 -8.478788033013072334e-09 1.271244375607365962e-08 3.156378292955109609e-09 -8.339911782410837653e-08 -3.931161591759212312e-09 -1.597466878913144174e-08 5.975829632888838785e-08 -1.144161309569879803e-08
-6.408764326164174074e-08 1.468642490162041513e-08 4.114705933817549551e-08 -6.955607961025149070e-08 1.948324643868775237e-08 3.711501346992746616e-08 3.808075699015007285e-08 -3.628438640311793815e-09 -7.831974489620657182e-09 2.330829392899098513e-08 -3.772588403981679460e-08 1.345830566428115363e-08 -1.229776510617586767e-08 6.165782952901365665e-08 2.687375189909867584e-08
-4.793288024425264208e-08 -2.479987399815021563e-09 2.574807573198952868e-08 -4.880985826512718817e-08 1.454092043689758277e-08 3.870154333862026183e-08 3.478907373940255661e-08 4.129766155171359804e-09 -1.186557086205654937e-08 -1.513167986012335145e-09 2.439771959945376908e-10 3.340504095883334199e-08 -1.490617222663245284e-08 4.142503125142293220e-08 4.278136046735833650e-08
-3.392884347030256200e-08 -1.352297033752387739e-08 1.226665996912378700e-08 -2.996781160359413970e-08 4.897077271339816954e-09 3.660084962124078351e-08 1.012542074341678776e-08 8.451575731338907721e-09 -7.660816098518708966e-09 -3.408049695310580201e-08 1.224208242448828945e-08 2.010106583309179742e-08 -4.609281132506077564e-09 3.659606872631661156e-08 2.479279490480235076e-08
-2.276957102164522582e-08 -1.785939641606578833e-08 2.781373897522519913e-09 -1.835900195875766450e-08 -6.018622769290647315e-10 3.071588188009307366e-08 -4.642917312634025698e-09 6.282317390677994484e-09 1.296796782036528839e-09 -4.353590440769043994e-08 1.159883905708935738e-08 7.180865578417823100e-09 4.020500221031968271e-09 2.824387173091069571e-08 1.362906906420290502e-08
-1.452217770838354797e-08 -1.795146154734220628e-08 -2.902558597170870585e-09 -1.085960895269989722e-08 -2.070285169297155473e-09 2.164524042905674408e-08 -5.838058151604077981e-09 6.162067110876314055e-09 -2.708172102372801516e-09 -4.195815666172014546e-08 3.496933883528452388e-10 1.075416737408829795e-08 6.084795409990284291e-09 2.602375661504494342e-08 -2.879868721744649631e-10
-8.884048439514539510e-09 -1.567400954865179569e-08 -5.380740379129860392e-09 -6.448275039925090750e-09 -3.603432929929950890e-09 1.320683247033599128e-08 -6.689328139716752766e-09 6.037132864109237798e-09 -3.638030107638191287e-09 -2.688593216913143428e-08 -5.768663421294169715e-09 1.503476564640942820e-08 3.479246571701908784e-10 1.495656638072366783e-08 -3.691991177504546298e-09
-5.272347571513111478e-09 -1.218842322772104803e-08 -5.263481965841942551e-09 -4.139193603789887170e-09 -4.532665160403290016e-09 7.507711464787737732e-09 -7.004862566840080948e-09 4.896657197048077627e-09 -1.075613344558365874e-09 -1.291021810454310539e-08 -8.385407791647205882e-09 1.319967191770803643e-08 -2.610610277257169126e-09 1.154759340522397115e-08 2.226622558986183183e-09
-3.048997513175048811e-09 -8.542144417661556144e-09 -4.048047548441109004e-09 -2.739100408651909581e-09 -4.546265625592313130e-09 4.659439874591395682e-09 -6.642082796989919472e-09 3.546696184482741245e-09 -6.783285063023187219e-11 -4.823423351762573520e-09 -7.805926515464644757e-09 7.944321065348699034e-09 -2.838523825899449124e-09 8.103607558479048725e-09 1.316088463586992953e-09
-1.720865709534857928e-09 -5.508785247378951768e-09 -2.770117779460865576e-09 -1.710269971238823942e-09 -3.609930260962593887e-09 2.984890571858119254e-09 -5.042955886963291984e-09 2.388557597644626295e-09 8.164291237176426509e-10 -8.325935019444338156e-10 -5.054208833415342746e-09 4.623262433602067048e-09 -3.576806770707682029e-09 4.834273025676632323e-09 1.898485162580764711e-09
-9.541117896192901627e-10 -3.351461686235843698e-09 -1.808638534872591500e-09 -1.061275468339084364e-09 -2.540056011807278201e-09 1.793736067924222843e-09 -3.423910075710993212e-09 1.532388763688587545e-09 1.262203025666747462e-09 4.459201346750725246e-10 -2.442254209314316341e-09 2.268922593125446334e-09 -5.287791564252291840e-09 2.930066000932457504e-09 2.013845424801190261e-09
-5.215332673080991484e-10 -1.976566037871374842e-09 -1.133982668805785649e-09 -6.709038604220613175e-10 -1.609278329598495893e-09 1.012777453735901995e-09 -2.206100378011071203e-09 8.956273471513495344e-10 1.391360461471778293e-09 5.702037332499691820e-10 -9.031689814063126104e-10 1.011922948027911946e-09 -5.358838666195016068e-09 1.870021313724654054e-09 1.391895156541167501e-09
-2.814704376453028523e-10 -1.138335444700134926e-09 -6.631594756354603622e-10 -4.060344888261815837e-10 -8.445298733256485491e-10 5.280418465730538349e-10 -1.293191318802178827e-09 5.023714647743564043e-10 1.157018840667619751e-09 2.915965565555330088e-10 -2.644338992512765775e-10 6.329120392934823205e-10 -3.568469776783010675e-09 5.517642637059717193e-10 1.171453529305987950e-09
-1.489412809736211984e-10 -6.405524910933409191e-10 -3.772586807022969793e-10 -2.222286448679462804e-10 -4.274083042028776554e-10 2.524422184545220306e-10 -8.358249679562247109e-10 2.866660345490360929e-10 8.046196343681850616e-10 4.910744189517539042e-11 -2.034505624881454978e-10 3.282688241230008142e-10 -2.403516194873056413e-09 -2.175339423502157714e-11 8.329688389868086686e-10
-7.542321345754611190e-11 -3.321882328524605761e-10 -2.043767331945847174e-10 -1.129840216779653161e-10 -2.024528359494193192e-10 1.334471880180211061e-10 -4.584842629955030213e-10 1.815655799838151587e-10 4.689905220449294313e-10 -1.699798017019700560e-11 -7.081751037299789560e-11 2.008130397428690450e-10 -1.363658354588642085e-09 -1.925455695337576689e-10 4.789731532729422591e-10
-3.624982531773029024e-11 -1.653665317040554900e-10 -1.026463534841884369e-10 -5.327293790954183229e-11 -9.368799083321805332e-11 6.563411559004461770e-11 -2.517966052471700688e-10 8.447515665145779857e-11 2.448954231231839984e-10 -2.223691343765628339e-11 -3.671317766683802952e-11 1.121954790670003811e-10 -7.189077596475254178e-10 -8.239202737495179488e-11 2.066669980497369819e-10
-1.696702334916078937e-11 -7.979742650765988229e-11 -4.927075659612588549e-11 -2.772308220319549999e-11 -4.301706570349929684e-11 2.702660559103097227e-11 -1.061480651687868026e-10 4.212715021769340340e-11 1.132553793498678079e-10 -4.446664203469589650e-12 -1.518895699976826687e-11 4.685545805120631412e-11 -3.540157993751131155e-10 -4.203641661744878410e-11 1.232973010792422898e-10
-7.737278033639212042e-12 -3.811662606264637893e-11 -2.314949259929102224e-11 -1.294661033337302598e-11 -2.217027244529537796e-11 1.298063400734548105e-11 -5.506958862929509759e-11 1.829687667643056523e-11 6.310910323598671387e-11 2.383730311850683576e-12 -7.105966526939643899e-12 2.282289138722996662e-11 -1.763198781717650742e-10 -2.628471595075252634e-11 7.438000551046712981e-11
-3.461873231097641770e-12 -1.750287104656761316e-11 -1.147797209470488673e-11 -5.940186565603130092e-12 -1.052712215435077707e-11 4.598109776159565809e-12 -2.630654478084378610e-11 8.376920182396751944e-12 2.865415585262119559e-11 -2.090375577499844516e-12 1.037382476732771710e-13 6.074117837568164787e-12 -8.499630242688572402e-11 -1.267672385817134965e-11 3.057659486033997399e-11
1.440411359769154831e-08 3.052425373297381642e-07 -5.803638477133165366e-07 -6.201790857766831038e-07 -1.622929783386543163e-07 -4.357325682740868877e-07 3.919164992182527930e-07 1.847130047107183029e-07 9.342599436231851227e-08 -8.537171634898388123e-08 -3.344043507230977668e-07 -2.482151177333555179e-07 -4.582059414524380345e-08 -3.667580207705968536e-07 8.644538842144502355e-08
-4.418587517506914956e-08 1.900708447826961875e-07 -3.561876463655223504e-07 -2.928034532820329145e-07 -3.094272206329121363e-07 -1.527107286757937915e-07 3.016937004951963441e-07 -4.959127516825759800e-08 -1.021706599016692484e-07 -5.361011087505743295e-08 -2.949829658037517016e-07 -7.864074588871555506e-08 -9.652118973631829499e-08 3.286652092987624195e-08 -9.847187650326334193e-09
-9.055413771406476105e-08 1.076006683226748969e-07 -1.704023672600201896e-07 -7.679117827961615027e-08 -3.757788523137075577e-07 6.556749904476836901e-08 1.488518804809474812e-07 -1.066712835850488168e-07 -1.766142510229903334e-07 5.973862478510451794e-08 -2.208086932777732850e-07 8.044025208527169213e-08 -4.347900492325053659e-08 2.499171817316893427e-07 -1.938967289537874462e-07
-1.151803317709801611e-07 7.572574446258819473e-08 -5.540631010546146450e-08 -1.807122520491598647e-08 -3.271412307514831490e-07 1.350147769934686944e-07 2.909658708477734041e-09 1.758630435721360689e-08 -1.180146297397052098e-07 1.703079887105942052e-07 -1.142116367160461778e-07 2.073321237164420292e-07 1.576732711264524391e-08 1.648987518247024289e-07 -1.435326924060366650e-07
-1.244785382060971491e-07 6.645530390216480885e-08 8.582878063019122879e-09 -3.466583281246548659e-08 -2.264978177595820287e-07 1.064159293861192000e-07 -3.748994722961029644e-08 7.529021964286230737e-08 1.338372054091196549e-08 8.309026235697692269e-08 -1.385056873952788526e-08 1.361908720963116337e-07 -6.160247601250432803e-08 2.054230639619831560e-08 -3.734351907661655433e-08
-1.206701004740635618e-07 5.985301618620897537e-08 4.021077943478821327e-08 -7.882464778407715336e-08 -1.134538151344452072e-07 7.749660136151047649e-08 -4.474806998465005625e-08 5.691854397390824382e-08 1.064837265396637898e-07 -5.520058313549710956e-08 -4.095904238599855529e-08 -1.029173419609502765e-08 -1.484741332604247159e-07 5.944628771640568067e-09 -1.704285558877995287e-08
-1.079402922126538413e-07 4.996221353093263858e-08 5.756122141405529034e-08 -1.017940954320236808e-07 -3.201952085879994620e-08 5.310694318601703000e-08 -5.157350726534082716e-08 4.593135168898005910e-10 8.232161320634531242e-08 -7.194841875284319886e-08 -7.678701484293745937e-08 -1.297729763130829309e-08 -4.304025437377955444e-08 1.642139560792872037e-08 -1.358252864994828407e-08
-9.018819005095125624e-08 3.525284125213938480e-08 5.706335237840701194e-08 -9.531326045606841770e-08 1.009492328033461054e-08 3.794885492002518197e-08 1.603164800291770542e-09 -2.156943231833176161e-08 2.628645320143526438e-08 2.685545815756208274e-09 -8.864883195099359986e-08 8.325449211261711023e-09 -1.611599778686030824e-08 6.856671876745245874e-08 -1.197533415817555821e-08
-7.094792162378374143e-08 1.350015969480917835e-08 4.358355666456386480e-08 -7.531261638260794954e-08 1.998300345400488057e-08 3.783088281294972965e-08 5.101582349935333005e-08 -1.077339256469694657e-08 -2.022199679990490864e-09 2.347014670959719084e-08 -3.579601637867568448e-08 2.465745667340490455e-08 -1.521287187790810274e-08 6.381027105248285359e-08 2.777613120704746517e-08
-5.270009068418020672e-08 -5.865208720034541346e-09 2.616918150053474007e-08 -5.212615700198083960e-08 1.365757348292147021e-08 4.072734316906731122e-08 4.288814557689801022e-08 1.079672125604464415e-09 -9.505109724491175132e-09 -2.185181620164166271e-09 2.195669711340688007e-09 4.227362383978656135e-08 -2.025063797060805358e-08 4.202194048282761128e-08 4.474620159525640427e-08
-3.702531204865802855e-08 -1.752746493649098307e-08 1.160063129305545054e-08 -3.180267806339813330e-08 3.176760620451281173e-09 3.905304524101429505e-08 1.220475271880885432e-08 7.292003319709456894e-09 -5.333163182452997403e-09 -3.569977268258637313e-08 1.345961671004349597e-08 2.283834928542386291e-08 -7.867986655801131380e-09 3.767557396960250467e-08 2.687803767273095016e-08
-2.465214944425920457e-08 -2.142750709248405340e-08 1.718909990500434519e-09 -1.977617923572551252e-08 -2.045341476351126269e-09 3.314909367102255255e-08 -4.733787658592995935e-09 6.066060411506048987e-09 3.725899329543608308e-09 -4.479428946846272859e-08 1.190266061294165935e-08 6.801413422518103140e-09 2.407263681258050384e-09 2.886467166742959493e-08 1.616962179304192915e-08
-1.559457057977037543e-08 -2.078794140389067555e-08 -4.059117081957827073e-09 -1.182100473966537529e-08 -2.932835320932919332e-09 2.343745453218813971e-08 -5.972495151221346555e-09 6.530683634739686462e-09 -2.365431011517351082e-09 -4.357006225253634077e-08 -9.872382296087784868e-10 1.106952948032161949e-08 4.977767402225413907e-09 2.717479119866332552e-08 1.928639609579098441e-11
-9.471951693213623183e-09 -1.773620886426047998e-08 -6.406266142041595298e-09 -7.080691412337211801e-09 -4.355008616853661265e-09 1.426054491975124989e-08 -7.351305563045258386e-09 6.577512436280662279e-09 -3.365466337658983526e-09 -2.714450499616462182e-08 -7.291716829991442264e-09 1.598698680925457800e-08 -1.329651758975709317e-09 1.491156422324689021e-08 -2.658804279245827175e-09
-5.588901108402598625e-09 -1.353406870094200753e-08 -5.982604262144002468e-09 -4.563303473551806533e-09 -5.204157513493574383e-09 8.126647850382200447e-09 -7.885823914160141331e-09 5.360723830041936375e-09 -6.621607549943633528e-10 -1.256220056848949723e-08 -9.787930293021956281e-09 1.401715735197801921e-08 -3.968689194611422916e-09 1.178259657312966561e-08 3.475656712746882762e-09
-3.215917120599826907e-09 -9.333326314149562679e-09 -4.479025484326632835e-09 -3.001380709422308526e-09 -5.105555703285914776e-09 5.087408592488170902e-09 -7.434028080204034799e-09 3.852587923024508640e-09 2.440401908385885556e-10 -4.298082119882690117e-09 -8.761223129429966007e-09 8.279382122749214109e-09 -3.582794551824630144e-09 8.222865984826604705e-09 1.758443444778533890e-09
-1.807052695576649309e-09 -5.937025621895177542e-09 -3.021224646757382381e-09 -1.855614433506821093e-09 -3.969471548895828469e-09 3.254248386528231638e-09 -5.520408976379452763e-09 2.596154959110865776e-09 1.058419366398064188e-09 -4.175651418210032716e-10 -5.479367058643614052e-09 4.814838743588341409e-09 -4.223142039225306424e-09 4.872371695041378057e-09 2.099211887557454532e-09
-9.985521465889332770e-10 -3.579632610674347226e-09 -1.954897819715418590e-09 -1.150410696054313299e-09 -2.758241873634092741e-09 1.928677226393401817e-09 -3.704324425532944247e-09 1.640295106272582861e-09 1.528799949634046114e-09 7.118228630873999897e-10 -2.526709771781623235e-09 2.321815005524238671e-09 -6.116397104915739992e-09 3.007321004031276937e-09 2.277795756623764997e-09
-5.445027607957924402e-10 -2.097197488237951380e-09 -1.216300084151138667e-09 -7.258357794154050605e-10 -1.718695551089030734e-09 1.075030462124325483e-09 -2.361448254070098166e-09 9.558825037179423294e-10 1.603986563918921738e-09 6.815603119143646753e-10 -8.880179696725849092e-10 1.027728455511275343e-09 -5.973809475867041940e-09 1.911937044458616375e-09 1.528393754842180774e-09
-2.933369127137466657e-10 -1.203389098538536508e-09 -7.043240467913562217e-10 -4.352250354379875484e-10 -8.768861257430556864e-10 5.504365042419900461e-10 -1.369212358160757950e-09 5.340710691609189542e-10 1.291636467870093768e-09 3.170632478676855359e-10 -2.595898439437486350e-10 6.724473057639680681e-10 -3.842300863949463545e-09 4.725441977339220635e-10 1.298412123155912413e-09
-1.546988604004107413e-10 -6.728517268252489224e-10 -3.980445541407011295e-10 -2.345737853772836478e-10 -4.352162179046683117e-10 2.618668411038577749e-10 -8.849319331315206953e-10 3.087300210885440064e-10 8.828077228341888386e-10 3.945830973922805377e-11 -2.078438662262749192e-10 3.538656311854388554e-10 -2.566569761840902370e-09 -1.267586425849972397e-10 9.042978700251899173e-10
-7.773118388545505101e-11 -3.445379175455577056e-10 -2.132160566526482816e-10 -1.176515874674206556e-10 -2.046250023789161282e-10 1.382383000047089388e-10 -4.805163871822214011e-10 1.941455492440363033e-10 5.023311064431515352e-10 -2.616222280370258358e-11 -6.812136576089060313e-11 2.122526165763567051e-10 -1.441044580544861131e-09 -2.421711247403811954e-10 5.075446515809357321e-10
-3.699023825482221085e-11 -1.693405499537580199e-10 -1.053937857091692278e-10 -5.470540049209817808e-11 -9.448193373971835140e-11 6.723610946497625367e-11 -2.587993199273731245e-10 8.803603023913504222e-11 2.543822597943993382e-10 -2.490795571482884782e-11 -3.786450843258325549e-11 1.155478989094933481e-10 -7.408532480278693631e-10 -9.100346852235516807e-11 2.122590581408668531e-10
-1.724753833452796236e-11 -8.132426366702431480e-11 -5.030456008948236209e-11 -2.836553589549583311e-11 -4.318738327742923314e-11 2.736857162630980506e-11 -1.083794591708019488e-10 4.337976608965164784e-11 1.166886289539273226e-10 -5.382071747382649189e-12 -1.521317477093597100e-11 4.805896614878254457e-11 -3.627517499797581697e-10 -4.613127718641987913e-11 1.275879570665099990e-10
-7.835572285503845980e-12 -3.865280495723949348e-11 -2.350883734177520494e-11 -1.316747483082545520e-11 -2.232264906438244080e-11 1.312739514586061495e-11 -5.596568324590128386e-11 1.871377950587633951e-11 6.457379024772362984e-11 2.211172437111120050e-12 -7.028696344484475233e-12 2.331186348538883796e-11 -1.795393473382323679e-10 -2.762510475775678503e-11 7.592861353674321491e-11
-3.496969113022748748e-12 -1.768621631589253955e-11 -1.161530018687552963e-11 -6.007849775363208993e-12 -1.059089722121484015e-11 4.608208205016605231e-12 -2.662509088071445134e-11 8.501100615048457585e-12 2.916508102327789493e-11 -2.244243619612696879e-12 2.283531552992368023e-13 6.183595471649177206e-12 -8.618297327197484998e-11 -1.319309998891183574e-11 3.112748484160319967e-11
-1.170810824099541139e-08 3.206296846750330588e-07 -6.297071159349483585e-07 -5.878508227218997413e-07 -1.412930940896435782e-07 -4.353199760264459853e-07 2.015963795919181370e-07 5.944068094552053845e-08 1.256150696796131685e-07 -1.349246222441874267e-07 -1.329239745819891429e-08 -3.606146188173353575e-07 -1.236686363669034618e-07 1.036785119091611375e-08 5.242045736036276809e-08
-7.635665055860626539e-08 2.007639973583924242e-07 -3.881613109996249172e-07 -2.507725953843720155e-07 -2.694337365167002599e-07 -8.355394180493098204e-08 1.196085634484535460e-07 -1.927139831167520624e-07 -7.197821688334744711e-08 -1.093108335274411908e-07 -1.090395314017526056e-07 -1.815170314516625083e-07 7.087035257267264112e-08 1.777702021434469631e-07 -2.174591566667702198e-08
-1.258444339937523490e-07 1.193204361296900408e-07 -1.875364169495066155e-07 -3.336284652983278304e-08 -3.364170927637877969e-07 1.394395717075870402e-07 5.193735224040917605e-08 -2.124435514286948944e-07 -1.371203982899220012e-07 2.566764208260213055e-08 -1.049622564126566900e-07 2.564232335920815333e-08 1.835268861620171365e-07 1.890668709216558482e-07 -2.104996068998849832e-07
-1.485558712975716266e-07 9.163418500993926451e-08 -6.522406738142072991e-08 2.408455664409792279e-08 -2.969498659097859742e-07 1.450078455015063613e-07 -1.144856212529926595e-08 -3.775661005617922858e-08 -5.695686808423376983e-08 1.629792664313694271e-07 2.054034376084563586e-09 1.818777657576234882e-07 2.278448265060806567e-07 8.264712750492278156e-08 -3.509119916085022684e-08
-1.532145127127436183e-07 7.701558954217002438e-08 2.348065451069716520e-09 2.056089192218117063e-09 -2.085385520926295394e-07 7.458708907873839279e-08 -2.123697008609495386e-08 5.135710041856957623e-08 8.530429436554364793e-08 8.949227528160603930e-08 3.934571987151371499e-08 1.131006376704808225e-07 3.372290066894396388e-08 4.845238469621782375e-08 3.142809218127716539e-08
-1.433039139299122353e-07 5.932198238692494905e-08 3.664134553974944267e-08 -4.788262020585351454e-08 -1.087435046389167254e-07 4.328252177482235687e-08 -5.089273416702635317e-08 3.804533196416401544e-08 1.242975181588790726e-07 -5.294009771177494509e-08 -7.529381297968722254e-09 1.624562245505764525e-08 -4.519854848279276054e-08 1.793735982630472990e-08 -1.792169885647011814e-10
-1.243222041386268335e-07 3.998025738895663324e-08 5.222628476029239781e-08 -8.036210811455904542e-08 -3.532783112952512788e-08 2.314748337854124149e-08 -5.812440590238788536e-08 -2.327998878646194561e-08 6.745968487378093921e-08 -7.082059671261699730e-08 -1.992749642873718070e-08 3.083727511313490034e-08 2.139039659548405277e-08 -3.789724219319326929e-08 -7.450749984648508600e-09
-1.011058348688254363e-07 1.883395650241815280e-08 4.755510385732907716e-08 -8.272680327483222457e-08 3.586307367850801822e-09 1.937805818134807831e-08 1.858871100106879750e-09 -3.043725662610785392e-08 1.515446615941275796e-09 -6.906036796523565937e-09 -4.007002619825620323e-08 1.921966431453201479e-08 -3.509627127220845860e-10 1.675729058310446120e-08 -3.909981907362745015e-08
-7.762713152398390808e-08 -4.029433999290982391e-09 3.266348054589623080e-08 -6.930139186316303061e-08 1.208592512019013949e-08 3.067699441285407127e-08 4.964762541985316715e-08 -9.405804095777901813e-09 -1.739819777486018938e-08 1.576541609370406152e-08 -8.809170396856152238e-09 2.228555760763602495e-08 -3.435909804888603006e-09 3.120957547919289528e-08 -9.742072988121612547e-10
-5.639935503809717787e-08 -1.967306733130293651e-08 1.763624183255500414e-08 -5.061614640636390586e-08 6.990892604135555689e-09 3.942614651612822251e-08 3.575769489354064453e-08 4.394492452315942084e-09 -1.090646332611602486e-08 -2.010002541636171141e-09 1.283505533170784281e-08 3.409915256829879154e-08 -1.219059011694479135e-08 2.992365945326815945e-08 2.834551018707887359e-08
-3.887013444064992490e-08 -2.651197337260315696e-08 6.248879190954927020e-09 -3.351731148251642602e-08 -3.010993254796687158e-10 4.111850286816180614e-08 7.042587856246259919e-09 9.775711630267360870e-09 1.733237775039366577e-09 -2.933005765758950911e-08 1.705010054279947410e-08 1.177150681975920350e-08 1.269333490271740655e-09 2.869250001104390376e-08 2.420727456786005727e-08
-2.547092439531466964e-08 -2.689888275680262718e-08 -1.635409187973721157e-09 -2.182985969690715601e-08 -2.995808122354949825e-09 3.627214787640883008e-08 -5.176681713208131417e-09 8.484546025293074230e-09 5.642518372730123311e-09 -4.247702512867472235e-08 7.480291131817834751e-09 1.904370933691686309e-09 6.297957624877206384e-09 2.630298865820198335e-08 8.856044458605171624e-09
-1.594672001414413388e-08 -2.412162453951727357e-08 -6.264291728703588507e-09 -1.303670587803827542e-08 -3.811649357060078722e-09 2.508066698638938271e-08 -8.143572330251648682e-09 7.837571860127829461e-09 -9.096065609738410841e-10 -4.133712453768310929e-08 -5.055175787032432863e-09 1.067641056202541786e-08 3.068802443740308177e-09 2.429108622140633570e-08 1.462206434475237861e-09
-9.639974212722187386e-09 -1.942425345518051437e-08 -7.567279853562921571e-09 -7.751298265130300724e-09 -5.263097391982699307e-09 1.522890957541082996e-08 -9.459029840267407090e-09 7.839676143870644160e-09 -2.095725488717461971e-09 -2.510317067645287417e-08 -1.017373113757030284e-08 1.647060525970855908e-08 -2.197214228324332390e-09 1.361185077161438091e-08 -1.198402120488102168e-09
-5.668375135054001414e-09 -1.430938725291828276e-08 -6.509540291723762600e-09 -4.877999503708672294e-09 -6.002467916245057960e-09 8.814121987845875824e-09 -9.520222846926566707e-09 5.967544704103407790e-09 1.413273196028282164e-10 -1.116441203334885401e-08 -1.148464961431756243e-08 1.388573307549806357e-08 -4.158491558016717125e-09 1.125879386402323402e-08 2.139266360059645630e-09
-3.251374187337161641e-09 -9.627711139008298282e-09 -4.719251121455601552e-09 -3.143293865474249488e-09 -5.490543683110772132e-09 5.507018564326765962e-09 -7.927921803582944211e-09 4.230400339888657412e-09 5.599277131195560493e-10 -3.427935220047719905e-09 -9.223156185330579928e-09 8.413121743521402884e-09 -3.747063494488076159e-09 7.761801780803222449e-09 7.616583734346758066e-10
-1.825472469510604325e-09 -6.075866816356052193e-09 -3.162084258569861235e-09 -1.955572203654249418e-09 -4.144568413203930701e-09 3.336806700647596767e-09 -5.711120907545196923e-09 2.742462354987623212e-09 1.576062496158702281e-09 -1.062276770285988660e-10 -5.301002032659601503e-09 4.632585080269423922e-09 -5.628925034187516556e-09 4.820529473144512226e-09 2.202283225735901814e-09
-1.008499101524403814e-09 -3.653125260128067574e-09 -2.019990114562361037e-09 -1.220963960874695057e-09 -2.798493140873287090e-09 1.951150675343282887e-09 -3.805270985356333460e-09 1.714332431844012939e-09 1.943339736255131384e-09 7.895666418584530674e-10 -2.375434849607368208e-09 2.319846184510314321e-09 -6.857353116914604264e-09 2.888575676533066183e-09 2.442978610140104943e-09
-5.497491778034728130e-10 -2.135985522745015078e-09 -1.239773278444897431e-09 -7.465865393533508291e-10 -1.656108633975890639e-09 1.063071873899534121e-09 -2.364231370998923900e-09 1.005239676906326886e-09 1.768866617803312232e-09 6.046564635044931544e-10 -9.007852138490663069e-10 1.141015785206240938e-09 -5.976110846303638191e-09 1.519288002519084894e-09 1.630030061947840629e-09
-2.948435011106121018e-10 -1.217431917691796212e-09 -7.112495555428465646e-10 -4.334669073325325079e-10 -8.371726243294876274e-10 5.426750610166166036e-10 -1.401489797627473148e-09 5.591520735531266063e-10 1.363886209554595917e-09 2.510903036147216853e-10 -2.767384515848595350e-10 7.419315547376365496e-10 -3.886357247035324053e-09 1.587909527649481788e-10 1.412443991752232744e-09
-1.537009536743450848e-10 -6.662793470160492327e-10 -3.978337840054317052e-10 -2.300208660480267462e-10 -4.288073439859778494e-10 2.650929394787264717e-10 -8.950154122269388523e-10 3.226125536407442919e-10 8.892948387532723356e-10 9.826149856061426456e-12 -1.892386376700717873e-10 3.536910946719982923e-10 -2.620877630924597818e-09 -1.973159091426711626e-10 8.834992835032928017e-10
-7.641533935413787311e-11 -3.369950734583286463e-10 -2.079514564316969573e-10 -1.154510882330811506e-10 -2.050960796306719282e-10 1.360143128254354281e-10 -4.654993530472833787e-10 1.863509129242563753e-10 4.791891547918867719e-10 -1.845674202361363472e-11 -7.099152124104891978e-11 2.034317911464615771e-10 -1.395268790761600150e-09 -1.909210356502772929e-10 4.804701115138404757e-10
-3.668136034674847067e-11 -1.677788050244222648e-10 -1.040523913875612548e-10 -5.426070114042778949e-11 -9.411574389867238403e-11 6.624272593212659201e-11 -2.551205859213466615e-10 8.561860550035907097e-11 2.496055002473543953e-10 -2.232639998067502673e-11 -3.875439753060572539e-11 1.141245644460526221e-10 -7.262805943742595406e-10 -8.416819311499812788e-11 2.126369248411484976e-10
-1.715355251639169453e-11 -8.080691839086341032e-11 -5.002753623760224138e-11 -2.810218822302061901e-11 -4.300196102197968939e-11 2.731476397169133419e-11 -1.079608444781676025e-10 4.326705842843529433e-11 1.159687303733800922e-10 -5.725466921058995391e-12 -1.488700627042550811e-11 4.778288840889740232e-11 -3.616432547571868467e-10 -4.644547041866485335e-11 1.260864163355946708e-10
-7.793270050284101402e-12 -3.842351805762866181e-11 -2.335202437768614806e-11 -1.307369036438723883e-11 -2.225647123314113126e-11 1.305134481781812344e-11 -5.551998442086015410e-11 1.853909501421587671e-11 6.393369537921607885e-11 2.331647456030520076e-12 -7.031050978804815714e-12 2.312500089442707240e-11 -1.780482541389091982e-10 -2.698965639278462698e-11 7.536796858990129198e-11
-3.482167394556748489e-12 -1.760556529971679423e-11 -1.155486980752195226e-11 -5.978409587685021817e-12 -1.057073042450901780e-11 4.599214412997746918e-12 -2.649338300338876031e-11 8.445501777178436008e-12 2.894760433920054889e-11 -2.162515369994673279e-12 1.836773968278396915e-13 6.141125984446317580e-12 -8.565432032830993240e-11 -1.294849911145424691e-11 3.092451784749786625e-11
-3.780115886363284042e-08 3.646261898493100856e-07 -7.307172614715820844e-07 -6.074166827500398960e-07 -1.552397939006624637e-07 -4.817830070875282216e-07 5.589670689878640202e-08 -4.604501675172420265e-08 1.422385792897001858e-07 -1.655241655082853440e-07 2.451040502411148817e-07 -5.382503245079983781e-07 -3.088447617268171249e-07 2.923997765215969919e-07 5.553564618124879970e-08
-1.147348269096846976e-07 2.289055721563682454e-07 -4.487751544933315459e-07 -2.275904203998400796e-07 -2.782841569168436714e-07 -3.426418082506097822e-08 -1.861987615020490921e-08 -3.447148198180032540e-07 -7.813343821734227793e-08 -1.456469223595293437e-07 1.632720185416604242e-08 -3.339386831860700816e-07 1.025877412242900813e-07 2.873493008163539870e-07 -4.192742027958044651e-08
-1.721126665823967531e-07 1.401193231542899292e-07 -2.151024112060787466e-07 1.126625443560400238e-08 -3.478122294515479981e-07 2.180178131287309792e-07 -1.743118173486503323e-08 -3.351154284481818456e-07 -1.373623429209372131e-07 1.808778365754939051e-08 -4.246994815318878620e-08 -6.530676399314425557e-08 2.837671028889473422e-07 1.634325274930922461e-07 -2.678342974490777112e-07
-1.953575576003933403e-07 1.133722374899693620e-07 -7.550598456331240207e-08 6.818660367766996964e-08 -3.066939309717995413e-07 1.736351600564508854e-07 -1.918745809488009658e-08 -9.394650946343256353e-08 -2.182409635437327166e-08 1.891021195682180002e-07 7.016529318360071501e-08 1.359898825668424265e-07 3.504370131234614817e-07 3.708003698184373666e-08 1.454541068134249372e-08
-1.961641070781521829e-07 9.300471731923722555e-08 -1.842342987364373802e-10 3.418362910709968736e-08 -2.156009648164238776e-07 5.907658655983742734e-08 -4.178424190095239076e-09 3.366394510020599139e-08 1.584878501099642206e-07 1.104938257324597078e-07 6.647362747536547832e-08 7.676910639659037300e-08 7.395136121323605538e-08 7.143138017857106396e-08 6.254112123647864805e-08
-1.795008400557986816e-07 6.452426782327685444e-08 3.842441676739803374e-08 -2.912835390680725289e-08 -1.128485844688428676e-07 1.914136449738962431e-08 -5.496138669010842282e-08 1.868495279446176084e-08 1.664650646183281182e-07 -5.835325112576938802e-08 -1.984078515728066735e-09 1.643062269864992265e-08 2.376016103238284121e-10 3.392155727404344009e-08 -8.607823240561180128e-09
-1.526479330544446308e-07 3.539568842652962252e-08 5.383503815333790214e-08 -7.427105472808162345e-08 -3.761588790846572354e-08 -1.159762141324024739e-09 -6.361475730594199694e-08 -5.629932961318227376e-08 7.830256440400036114e-08 -7.697332705257782861e-08 4.559503981688204668e-09 6.178826168310691668e-08 5.281587037917873866e-08 -6.375544241085541498e-08 -4.981706614962192130e-09
-1.218243691426613468e-07 6.552265183439688501e-09 4.507682892681491306e-08 -8.313482307874177373e-08 1.171903949562314206e-09 4.283796066716975261e-09 9.792179552374719166e-09 -5.083248869787877483e-08 -6.534996935411320078e-09 -1.413684451890033703e-08 -1.614563543185833921e-08 3.431151623407557076e-08 1.900414822272197337e-09 -5.068005445000006238e-09 -5.880800823486119493e-08
-9.183395263923317158e-08 -2.028248742329551280e-08 2.679207714277119574e-08 -7.210654866668573608e-08 7.472709852645508360e-09 2.639237139459675859e-08 6.216830595948200972e-08 -1.569697887987411974e-08 -2.407019115505031519e-08 1.058995125019426440e-08 9.724557980587426724e-09 2.993726196883844151e-08 -3.711022507457400328e-09 1.511161442227085804e-08 -1.846643042759638928e-08
-6.552329738954059496e-08 -3.504380027446365752e-08 1.153994529894341594e-08 -5.408446440371000984e-08 1.461565998677348868e-09 4.152051334228770670e-08 3.936878030981273885e-08 3.902596046933153152e-09 -8.610769881873835316e-09 -2.010198655409139921e-09 2.229730479789362324e-08 3.722264416274957309e-08 -1.268281637686416476e-08 2.302009418723376153e-08 2.015037859624081156e-08
-4.437143811107746026e-08 -3.868082565184213346e-08 1.309406091612832296e-09 -3.759507613750360756e-08 -4.733491032762205663e-09 4.635622380603837564e-08 6.206445559693269722e-09 1.084621005905222284e-08 1.019775842072665350e-08 -2.632539088730812418e-08 2.085168205275892438e-08 6.220347199119704742e-09 4.543231435277204062e-09 2.352491352028344248e-08 2.496363093429294037e-08
-2.858862474020051115e-08 -3.581423036164006118e-08 -5.613587937080679620e-09 -2.533690846613682329e-08 -5.389725280191361021e-09 4.203290632578891549e-08 -5.625220390830423181e-09 9.888688646392327120e-09 9.906573153093135418e-09 -4.271526751171179212e-08 3.581315068197776472e-09 -1.810822362289400112e-09 6.495371099066105248e-09 2.566207428714648079e-08 6.477152371291598814e-09
-1.765077728839648624e-08 -3.039311377945517562e-08 -9.451639777125933352e-09 -1.525301414670862324e-08 -5.669723707659695038e-09 2.874757027330171745e-08 -1.029329282492584926e-08 9.451993124717640981e-09 1.002184950129006130e-09 -4.154364875610254251e-08 -9.986137401044970660e-09 1.077294181430178692e-08 -1.286406729497105743e-10 2.361119361048561041e-08 3.857632837455243656e-09
-1.055778499941923841e-08 -2.343059771249903553e-08 -9.785544361788945253e-09 -9.093685199285376311e-09 -6.967754597730793226e-09 1.741676208393831143e-08 -1.203977394562430772e-08 9.522386691304409412e-09 -8.302358623200247758e-10 -2.399765971190131908e-08 -1.449424425662398779e-08 1.813981184113066777e-08 -4.926453258717868527e-09 1.278138758756154938e-08 6.358931040002159936e-10
-6.154265294507079264e-09 -1.667348136281934757e-08 -7.850440795642691169e-09 -5.660435254609200592e-09 -7.507520253534648864e-09 1.018410482877683834e-08 -1.187551991371886565e-08 7.073399526477554109e-09 1.199692035712945406e-09 -9.579010408293960622e-09 -1.465777157717588787e-08 1.487531535084692174e-08 -5.826894756577290442e-09 1.111543412115693254e-08 2.590344182385103724e-09
-3.503453613798353906e-09 -1.090914178812998714e-08 -5.486610412849773184e-09 -3.603956623008717969e-09 -6.502550394913860151e-09 6.381345862094654841e-09 -9.313672786184415987e-09 4.946414577668530455e-09 1.212712436384511163e-09 -2.146407848282653491e-09 -1.080899081406837163e-08 8.942287051577183239e-09 -5.044402298092676585e-09 7.667133707122727881e-09 5.728587664772544155e-10
-1.956019621572517490e-09 -6.764674341214676128e-09 -3.603119109182958790e-09 -2.234408637333340188e-09 -4.762696582062470394e-09 3.749257515129826959e-09 -6.517269290256843422e-09 3.109619432602009118e-09 2.358853236179952479e-09 7.103144154262734892e-10 -5.729835974330389948e-09 4.737572173477339659e-09 -7.685749487983972104e-09 4.826830398853653084e-09 2.723029248761011266e-09
-1.076120232843372757e-09 -4.014231859552904449e-09 -2.263637770222476476e-09 -1.390395350933626394e-09 -3.101363547615627922e-09 2.148746463705510234e-09 -4.236420791978945389e-09 1.934510915421956219e-09 2.588382433787161213e-09 1.169548135037497363e-09 -2.404158621193072121e-09 2.412055555202112269e-09 -8.365360328180541146e-09 2.828999139562910678e-09 2.852933298062754801e-09
-5.847279131712738822e-10 -2.329821155508736757e-09 -1.366778649237858214e-09 -8.326021395569019062e-10 -1.749846934539968678e-09 1.135926731316274659e-09 -2.578938489730953181e-09 1.117740159869417338e-09 2.173751088724291827e-09 7.085198319477659286e-10 -8.993397133531878222e-10 1.269087821844990805e-09 -6.794212539446603344e-09 1.246516188157659642e-09 1.944087175900209476e-09
-3.116817314628937871e-10 -1.312699682004959915e-09 -7.721560697862986307e-10 -4.704968583235465908e-10 -8.570589055930574986e-10 5.698764650795930462e-10 -1.534396075591274270e-09 6.232725798330020311e-10 1.598119632269113445e-09 2.319502175110209899e-10 -2.674063652142234411e-10 8.346313248843220484e-10 -4.325146443868601677e-09 -1.746051689857981634e-10 1.658790220843732253e-09
-1.605189989268594260e-10 -7.037767643215296969e-10 -4.244290151008801639e-10 -2.432639123912700572e-10 -4.364553395907551151e-10 2.794646239210664619e-10 -9.639963098703093326e-10 3.583976420327467301e-10 9.917954741041293091e-10 -1.912592849795958596e-11 -1.838992655340365811e-10 3.846919284788623722e-10 -2.864232663836026106e-09 -3.649547609436845802e-10 9.582140014144120278e-10
-7.861783060474818837e-11 -3.485612260610712677e-10 -2.160382138563600100e-10 -1.205095456304471761e-10 -2.085499952862590827e-10 1.405771649137350198e-10 -4.831448880759211465e-10 1.968066839304010381e-10 5.067606147654065792e-10 -2.353295048425965332e-11 -7.171811131555625989e-11 2.122213806331572963e-10 -1.461309030739000898e-09 -2.153871426719787403e-10 4.991230589551950054e-10
-3.754798916735665299e-11 -1.725139507156205466e-10 -1.072849598494486151e-10 -5.589707481661353505e-11 -9.461817686660614640e-11 6.801041578164877245e-11 -2.638296223544619465e-10 8.992973399957628464e-11 2.615998243744232092e-10 -2.572391537983203236e-11 -3.952701397473404597e-11 1.187107345748644890e-10 -7.522468650653762778e-10 -9.879057533346259144e-11 2.230528740766858850e-10
-1.744649614929038589e-11 -8.239911723476153054e-11 -5.111360290128269933e-11 -2.879426880276300010e-11 -4.319970618931166502e-11 2.767056992225346154e-11 -1.102070447196461244e-10 4.457324972098002700e-11 1.194288202371352967e-10 -6.751455836820463061e-12 -1.507315117104994128e-11 4.898188397520975609e-11 -3.708328633882275065e-10 -5.007152180327252776e-11 1.301877474498650874e-10
-7.899836439899934851e-12 -3.900588757754129728e-11 -2.374705679297492567e-11 -1.330894518564579327e-11 -2.239706900292047044e-11 1.320580201639934242e-11 -5.647439475718395251e-11 1.902395682216345696e-11 6.557101125093884356e-11 2.098098437730780587e-12 -6.922188602579525190e-12 2.366519914686477231e-11 -1.816233600097386458e-10 -2.864134362054119932e-11 7.711171881810197148e-11
-3.519565779301649480e-12 -1.779742242675662799e-11 -1.170147173785652536e-11 -6.049167129319186696e-12 -1.064369554663175026e-11 4.609421889341809159e-12 -2.685090678225673646e-11 8.585485028820163981e-12 2.950528031004735197e-11 -2.320585582167817862e-12 3.462220816975492439e-13 6.264401604783752655e-12 -8.694722642836767688e-11 -1.350330900298776907e-11 3.151593919577842543e-11
-6.153039086878904903e-08 4.055867873393051585e-07 -8.228622950962238012e-07 -6.264387924720885740e-07 -1.790435572281193725e-07 -5.289723739674538048e-07 -7.887976210186693425e-08 -1.553720199129836333e-07 1.529523340110220156e-07 -2.068462112066187015e-07 4.849336541361819425e-07 -7.368798759637619634e-07 -4.946178256823369888e-07 5.588111561664368625e-07 6.565975739143416003e-08
-1.500092657903261679e-07 2.551862889083996690e-07 -5.035454482420923237e-07 -2.068383997794590481e-07 -2.964461855501413504e-07 9.876691496439593583e-09 -1.474977176468109228e-07 -4.930314416202151010e-07 -9.050267124328398008e-08 -1.865728343323332371e-07 1.368164258864432782e-07 -5.005507670409105748e-07 1.238966825151457703e-07 3.929034306650912554e-07 -7.194660528099927476e-08
-2.148638481647395855e-07 1.602139970172896864e-07 -2.392408512106903733e-07 5.177428129742794104e-08 -3.659680402163298569e-07 2.905997207056439428e-07 -8.495396332838872360e-08 -4.532373528481204618e-07 -1.433607567995508717e-07 8.365261724863604795e-09 1.880044217440350965e-08 -1.674859189860304339e-07 3.782436104645155121e-07 1.449639605171061903e-07 -3.254392476013268502e-07
-2.387969937073005079e-07 1.348360406293856246e-07 -8.372663961237879443e-08 1.078870591717130808e-07 -3.207605963067417186e-07 1.999435651324294097e-07 -2.864358339699676972e-08 -1.497386948195662530e-07 1.038285296467906742e-08 2.149737357290026595e-07 1.350531922856465024e-07 8.734198746291369126e-08 4.672100275230912364e-07 -5.831662006280789338e-09 6.166620088276289006e-08
-2.361819320051748238e-07 1.094255501545133667e-07 -1.537183933473175253e-09 6.277744619165317873e-08 -2.254105745777890153e-07 4.483054462432741819e-08 1.131751861487838806e-08 1.517631044213527947e-08 2.294981336304804385e-07 1.318849252333925025e-07 9.416667895047808540e-08 4.137828768029470731e-08 1.106820100355725726e-07 9.281113726282323639e-08 9.167188634222502626e-08
-2.133437154209670695e-07 7.077101544386291347e-08 4.093668934652624903e-08 -1.264816601840551158e-08 -1.183413826947170177e-07 -3.111897978948086899e-09 -5.831730716304594834e-08 -8.895162037135095630e-10 2.085559616904443443e-07 -6.360943217359299959e-08 4.722307210246070703e-09 1.511072406672150670e-08 4.156722263621544860e-08 4.915014929563070925e-08 -1.813668539593445148e-08
-1.792137649889267387e-07 3.221988498952318155e-08 5.604247307934165729e-08 -6.919332374163304765e-08 -4.050087569301357456e-08 -2.368393664048966893e-08 -6.828831237239099691e-08 -8.817129951870253087e-08 9.003045222768264613e-08 -8.371307574715496199e-08 2.836615434101088875e-08 9.129894883805685883e-08 8.285663612393402454e-08 -8.860582416676028938e-08 -3.976010260520500220e-09
-1.413101643305706471e-07 -4.194386334281938095e-09 4.326642821017721927e-08 -8.381334921646385513e-08 -1.399136515767180110e-09 -9.895317022661974816e-09 1.802287885609515371e-08 -7.070866752853021334e-08 -1.333017230848349943e-08 -2.149208166103564671e-08 7.078568378480560319e-09 4.953426508065210867e-08 4.186906477551737297e-09 -2.622069227035906125e-08 -7.841998713628207160e-08
-1.052283373550914838e-07 -3.511533420933825148e-08 2.159218718287853509e-08 -7.484070608706877372e-08 3.019190147595278260e-09 2.228485482409733369e-08 7.468786203357157103e-08 -2.211049094146108166e-08 -3.015921090498022451e-08 5.505837883523820584e-09 2.761206073130770805e-08 3.802301779033648379e-08 -3.997974640244527813e-09 -3.334643815174296169e-10 -3.526163939146277732e-08
-7.414381960037921347e-08 -4.931174343186078635e-08 5.958521438988862298e-09 -5.733393761609652018e-08 -3.806327711482879613e-09 4.343184388112558099e-08 4.316824359592584900e-08 3.167694063423230447e-09 -6.502112702859127071e-09 -2.231874363760156323e-09 3.137027991602013651e-08 4.077881771080582482e-08 -1.360984306769195521e-08 1.645983088239847058e-08 1.241600185030893035e-08
-4.957892126024627533e-08 -5.006725988934272680e-08 -3.271149351379827858e-09 -4.137240308514953641e-08 -8.996149070495878227e-09 5.120932620018841876e-08 5.429329145901596389e-09 1.175203999467625346e-08 1.814667517800901894e-08 -2.364218404863160254e-08 2.460124244177403797e-08 1.182334814262852243e-09 7.285964544089635847e-09 1.870322425008033079e-08 2.574982839056045359e-08
-3.154273532024598990e-08 -4.418696619212525681e-08 -9.328472174845661763e-09 -2.861509894499804156e-08 -7.678517423413847341e-09 4.742717867525539573e-08 -5.986927346415187933e-09 1.116074091553781020e-08 1.388350365059519472e-08 -4.304263307700264275e-08 6.732874440363039297e-11 -5.313165271679229157e-09 6.689095935970354592e-09 2.504904437629095134e-08 4.180450695318618254e-09
-1.926575848141882291e-08 -3.629954425959644185e-08 -1.244548241664251478e-08 -1.733468800382169935e-08 -7.417915812541206489e-09 3.218841447384093414e-08 -1.223511274726207063e-08 1.094968321653644759e-08 2.745769598998730126e-09 -4.182542196682892039e-08 -1.454067440214094500e-08 1.085630001147070984e-08 -3.101353676715395347e-09 2.299910124052769973e-08 6.072703466940944108e-09
-1.142759155500735057e-08 -2.721626705320366083e-08 -1.188007074230346794e-08 -1.036243958051132856e-08 -8.571781160242402946e-09 1.946711841173197168e-08 -1.444499140480675172e-08 1.108807499660561358e-08 3.668034131587943163e-10 -2.299590074087611202e-08 -1.850853143176086688e-08 1.970499415432906699e-08 -7.577049151732809946e-09 1.199004524949156569e-08 2.418518423129813656e-09
-6.614741634402805164e-09 -1.891037432937780629e-08 -9.117886067694973442e-09 -6.399225337432635651e-09 -8.927146575413763471e-09 1.147241543065794244e-08 -1.409353474470977642e-08 8.109000844721344729e-09 2.190351736810374897e-09 -8.103031719855140509e-09 -1.764821348644724835e-08 1.582542256018493190e-08 -7.422718573143124019e-09 1.098730669333936920e-08 3.070210839521865936e-09
-3.742382318419604904e-09 -1.212206219299279017e-08 -6.212277661809040996e-09 -4.038292392424635344e-09 -7.461809984886304994e-09 7.207006790794398084e-09 -1.062556920530678580e-08 5.620992659478267724e-09 1.815586968027427852e-09 -9.440786850343471711e-10 -1.231173722936112353e-08 9.440117690646976127e-09 -6.241540123298626766e-09 7.581547513170974562e-09 3.745865257532389114e-10
-2.079695360711454502e-09 -7.416466560211793507e-09 -4.020525477369147613e-09 -2.497541777105702595e-09 -5.351116612396186745e-09 4.142980832754315681e-09 -7.283609188059750005e-09 3.457277638067854268e-09 3.087034036326529823e-09 1.482668823186839171e-09 -6.141611632677940441e-09 4.839778701899092959e-09 -9.617324372918350136e-09 4.844179192947354978e-09 3.197058234599631986e-09
-1.140192533810234889e-09 -4.356016608258518058e-09 -2.494524075580309635e-09 -1.551038500104200551e-09 -3.391699864111632321e-09 2.336570453564676188e-09 -4.645659410986725059e-09 2.142498815824151673e-09 3.196337957389499214e-09 1.530131420266854966e-09 -2.432583846894071089e-09 2.490518709086415451e-09 -9.802811954898463276e-09 2.787058536850543939e-09 3.233712122043679495e-09
-6.179295503606509710e-10 -2.513513572885860606e-09 -1.487322363000188793e-09 -9.145343382142877076e-10 -1.840098769280970135e-09 1.205529964095359943e-09 -2.781450643446188394e-09 1.223637717174096155e-09 2.556268685780801566e-09 8.094344982401841584e-10 -8.980471531303961004e-10 1.388929637220708844e-09 -7.570520624241639393e-09 1.000210954845016563e-09 2.233483337991151779e-09
-3.277309106091018732e-10 -1.403486637815604603e-09 -8.300980960205046645e-10 -5.058481684621342202e-10 -8.760817727812376079e-10 5.957025884102655472e-10 -1.660785621397451479e-09 6.840475362015271033e-10 1.821331973436280984e-09 2.148480209635934562e-10 -2.584820191238391008e-10 9.232345221772868163e-10 -4.741435796246661376e-09 -4.910362769533525269e-10 1.896149570016284973e-09
-1.670366042029601403e-10 -7.396113887418005732e-10 -4.498200729865142555e-10 -2.559262688364405435e-10 -4.435805573797832922e-10 2.930498022075732853e-10 -1.029887733303159937e-09 3.925013376812346534e-10 1.089845991820167551e-09 -4.717613104200320542e-11 -1.788815342485311719e-10 4.145680238862555760e-10 -3.096259796520189877e-09 -5.255354667264600334e-10 1.030067298839447308e-09
-8.073004430956337600e-11 -3.596314977230481971e-10 -2.237747779384771223e-10 -1.253238438223896747e-10 -2.118033143034992052e-10 1.449990198606508209e-10 -5.000987987937839204e-10 2.069335407682319784e-10 5.332788499998801502e-10 -2.851043248721344325e-11 -7.237665911970912924e-11 2.207316781985119693e-10 -1.524532613280565173e-09 -2.396423717870412769e-10 5.167073943386845522e-10
-3.836751093775939917e-11 -1.769846753447808313e-10 -1.103366299446598433e-10 -5.744042236792999671e-11 -9.511249246359052997e-11 6.966806764935501024e-11 -2.720063557154803872e-10 9.397755587592522748e-11 2.727812546834847875e-10 -2.895753283989297588e-11 -4.043133008486699404e-11 1.230410589010550525e-10 -7.765739577881625706e-10 -1.122849842820547145e-10 2.326839686865833096e-10
-1.772885328709460295e-11 -8.393639950701168915e-11 -5.216468358636400503e-11 -2.945600502578964504e-11 -4.338404964370202747e-11 2.801333275682933735e-11 -1.124071495567010227e-10 4.584361520334842041e-11 1.228411820816551436e-10 -7.744716742394879924e-12 -1.516800954209859050e-11 5.011397996940686609e-11 -3.799196178368787852e-10 -5.375045233784974390e-11 1.343265948969884279e-10
-8.000698874990253349e-12 -3.955779922716573543e-11 -2.412041460619316591e-11 -1.353372166262105429e-11 -2.254452040889735417e-11 1.335311973892684072e-11 -5.737449758527186478e-11 1.947556480929832980e-11 6.708968570215551050e-11 1.903922352980041318e-12 -6.809181795681491668e-12 2.418171910241386284e-11 -1.849555350561462941e-10 -3.008985317608341241e-11 7.870949505069497043e-11
-3.555358280583150988e-12 -1.798310022997303338e-11 -1.184072685307155019e-11 -6.117466469448739381e-12 -1.071315782791417095e-11 4.618553189732773496e-12 -2.718614270127953679e-11 8.712409516850143803e-12 3.003274222012651113e-11 -2.466695342464415439e-12 4.817288978213884031e-13 6.379639314518246048e-12 -8.816499874660713225e-11 -1.403126906230692049e-11 3.210425169436640204e-11
-1.040197642531854456e-07 4.403949857266197153e-07 -9.380788770387372478e-07 -5.863843757762379091e-07 7.621439292121552628e-08 -5.107577450660477925e-07 -2.734314743049106660e-07 4.285874418063715904e-08 1.263896981741249585e-07 -8.048667991252301838e-08 8.050749372363819717e-07 -4.301607211770784349e-07 -5.299492585622612768e-07 3.750223323466903418e-07 8.777664807560048251e-08
-2.006923090117998479e-07 2.888141393373679116e-07 -5.790677802937243481e-07 -1.414056495258858975e-07 -3.831249982249662901e-08 7.561563472677420320e-08 -2.903125255819839083e-07 -4.434144165663034144e-07 -1.166487281372652431e-07 -2.037201622655954185e-07 1.625923538329262631e-07 -4.012776850402654818e-07 -5.395469160057494680e-08 1.194628078190420061e-07 2.105649378972700640e-07
-2.687187174842967966e-07 1.807898810976855418e-07 -2.849881048360412826e-07 1.403574535569829187e-07 -1.625949437735226762e-07 3.387110857133314024e-07 -5.725841440973691042e-08 -4.403184147595000121e-07 -1.840925900417106563e-07 -1.016448989779652705e-07 -2.424114630922285584e-08 -2.088616055378152626e-07 1.822766390333143011e-09 -4.603118014116778305e-08 -7.677580729771479628e-08
-2.876008667838746495e-07 1.401497079579683397e-07 -1.156394861716705730e-07 2.042528351008522224e-07 -1.850787053142723591e-07 1.910594916103372645e-07 8.191567218369634474e-08 -9.220771354454813006e-08 -4.344677593075000077e-08 9.466462964573740550e-08 1.201121217578410655e-07 -6.061829994085343324e-08 1.740069203015280379e-07 -6.969178176585935724e-08 1.809933578789788837e-07
-2.764780816509044521e-07 9.233603286465109761e-08 -2.579729590142501648e-08 1.508568696489271214e-07 -1.480162874191104487e-07 -2.626480886019303572e-09 7.039303074459301097e-08 8.727653717194789599e-08 1.495381008331586179e-07 2.893261305407941156e-08 5.171712373332942352e-08 -8.503314915436790561e-08 -1.829714697034419418e-08 9.062650865792796818e-08 8.559037307194325017e-08
-2.437295938184865393e-07 3.878243200832385384e-08 2.106973173821059088e-08 5.357633923290944523e-08 -7.922063189034486855e-08 -5.418423501427206457e-08 -6.767337137917821209e-08 3.208804649964625039e-08 1.132195090906849848e-07 -9.352496949433023333e-08 -3.495979028157522786e-08 -4.510466067057684342e-09 1.498361693172853966e-08 2.954939779658138480e-08 -4.743273052332200706e-08
-2.003888259658246419e-07 -4.216797779641995603e-09 3.726326815337387732e-08 -3.456746906202036290e-08 -2.315378405024924099e-08 -6.061894792875102129e-08 -8.985635270647193291e-08 -8.414073216320983482e-08 2.356622963950041316e-08 -7.006876505721936340e-08 2.166570806841727295e-08 7.633546653540526228e-08 3.693995789866471548e-08 -9.685066352116692497e-08 3.324535056835159347e-08
-1.549955674213782031e-07 -3.779530337616808884e-08 2.535051035992713854e-08 -6.975405530475746962e-08 3.730425491714649746e-09 -2.607802181337664274e-08 -2.993673198567395402e-09 -6.311386029447975264e-08 -5.783783431842422056e-08 -1.919029869277907659e-08 3.226951735143324223e-09 2.218196541266551683e-08 -1.598198429209883736e-08 -1.720245170100423449e-08 -6.086276889952758845e-08
-1.134519178079227816e-07 -6.100408083954171562e-08 6.758290598567768224e-09 -7.078739306976878704e-08 2.083736468403256738e-09 1.939979094585101131e-08 5.738711407871318317e-08 -9.929162596637353303e-09 -4.731039073078902750e-08 4.244849818648395877e-09 2.640941427609300443e-08 1.235497135793196270e-08 -1.553844450378953705e-08 -2.665376347643651356e-09 -4.010099993877720259e-08
-7.875440730990369197e-08 -6.619699153196868048e-08 -3.358145632893308006e-09 -5.898703844346437376e-08 -6.111224585380265649e-09 4.568723988299391384e-08 3.160551363254037446e-08 1.099691932945200879e-08 -3.732346904854437311e-09 4.067911756991637842e-09 3.234669101324583092e-08 2.093160774588104914e-08 -8.782206839475352423e-10 1.536851462941298844e-08 1.084829253733923182e-08
-5.198528406320741485e-08 -6.019534984737001287e-08 -9.007785226383724377e-09 -4.529768523308982378e-08 -9.555052725795277128e-09 5.633575362666307174e-08 4.948100215596485038e-09 1.654260734482425584e-08 2.457299417177839005e-08 -1.748330603476985881e-08 2.470728859125234681e-08 -8.541287951574465658e-09 2.152034692032837702e-08 1.021012056376264558e-08 1.859087060222105203e-08
-3.275678473361631830e-08 -5.075101013941494496e-08 -1.305535037162018191e-08 -3.143747555789241552e-08 -8.297536493260250233e-09 5.184744151768702180e-08 -8.636622536393670833e-09 1.319002746690668065e-08 1.711505316890766562e-08 -4.015972447450206181e-08 -8.667410273093661818e-09 -8.498997487444675204e-09 5.707929318448478032e-09 2.479122937449589796e-08 4.469543495558079540e-09
-1.990493622923040365e-08 -4.015547105024102390e-08 -1.475618249963366340e-08 -1.882361320048841322e-08 -8.574534529877007216e-09 3.454569911771971632e-08 -1.574323716950172203e-08 1.310454225878883310e-08 5.258494362473044303e-09 -3.888272940547389212e-08 -2.007408629381099926e-08 1.080274843351169063e-08 -4.991223830829719599e-09 2.144110218527538377e-08 9.554053609063187619e-09
-1.175966324725703942e-08 -2.932769734356121117e-08 -1.316329151177164081e-08 -1.112160522115849108e-08 -9.799570506422948741e-09 2.107814545181119079e-08 -1.740743661459700002e-08 1.252925672247542534e-08 1.651480518540411694e-09 -2.095161736853522582e-08 -2.281847111768397588e-08 2.013772068085136774e-08 -8.130607048889225270e-09 1.137461745700693010e-08 8.592775485386723298e-10
-6.783116079429090233e-09 -1.992295450421976877e-08 -9.771689656314361875e-09 -6.759026385664192842e-09 -9.755806272043187161e-09 1.245054187489645609e-08 -1.540140709090873496e-08 9.038757579504917405e-09 2.566609217369723572e-09 -6.537495487847725869e-09 -1.970417012202185267e-08 1.630094572389349820e-08 -6.946159873288253834e-09 1.050041978729658983e-08 1.191184102185631704e-09
-3.830269332726384365e-09 -1.265373028790130604e-08 -6.581515299770814708e-09 -4.285764771413234194e-09 -7.918669906575206043e-09 7.560262001103753750e-09 -1.123951816165875785e-08 6.026292827641935417e-09 2.600380852865924739e-09 -5.442250582272231226e-11 -1.278476437453195532e-08 9.341395584709163814e-09 -7.922311772168891079e-09 7.471863276771808975e-09 5.045461004095547791e-10
-2.125678438567018905e-09 -7.695211707322712395e-09 -4.212777778922658505e-09 -2.659914807081211620e-09 -5.545979572294917752e-09 4.299770598866654320e-09 -7.607985026225304269e-09 3.682425197323659393e-09 3.839280691321998374e-09 1.925221198854174595e-09 -6.143718077380232234e-09 4.819628521888673220e-09 -1.099098385335269828e-08 4.559625500434272007e-09 3.635624258540873931e-09
-1.164588613653328395e-09 -4.502231286673844543e-09 -2.586994545680610265e-09 -1.620082439366810783e-09 -3.376699913543235541e-09 2.366718162097418956e-09 -4.731491649450699003e-09 2.264733824565750728e-09 3.592508729976697871e-09 1.600435679661223109e-09 -2.402684184710217693e-09 2.698523311587582070e-09 -1.016175775478499332e-08 2.258448772440895726e-09 3.634398569409598826e-09
-6.292009144022334850e-10 -2.584448463061534691e-09 -1.529357880950459730e-09 -9.349933393560776168e-10 -1.809617112080744656e-09 1.212968588818327957e-09 -2.883259315048794741e-09 1.280636258960715102e-09 2.772301796996012734e-09 7.774926832476890493e-10 -8.828735850914792664e-10 1.538226666618730734e-09 -7.842200228188853783e-09 4.797442366406330104e-10 2.573293119045911843e-09
-3.309045538764764417e-10 -1.420849919142152664e-09 -8.456706012381587048e-10 -5.086906388697881656e-10 -8.757637166053067145e-10 6.040847978104476725e-10 -1.723448131940588488e-09 7.150004325924255690e-10 1.896232030674691440e-09 1.582319833073479976e-10 -2.309103053966682029e-10 9.426285966044180529e-10 -4.948800865920035916e-09 -6.993105691821217502e-10 1.963970160337046405e-09
-1.670281556175161688e-10 -7.386087277971716288e-10 -4.499638023589396985e-10 -2.565528640404536371e-10 -4.458541410259505135e-10 2.944011431032227118e-10 -1.024217178315511467e-09 3.924939959910613437e-10 1.081803344422459227e-09 -4.925892367063556850e-11 -1.856581500522852465e-10 4.071817624728623522e-10 -3.096470076712415844e-09 -4.868660765082318961e-10 9.836787218878862484e-10
-8.092809912936164497e-11 -3.609308484783713044e-10 -2.242419471881560456e-10 -1.260792764874312862e-10 -2.120914564343830694e-10 1.450580176426052369e-10 -5.006883291105568410e-10 2.068892459800028700e-10 5.357958204409504857e-10 -2.509178089215867480e-11 -7.314525946442020343e-11 2.228972150313228503e-10 -1.523550122251567733e-09 -2.389694545770451870e-10 5.270632200352280821e-10
-3.843916629327186675e-11 -1.773297621258947193e-10 -1.107139351027973680e-10 -5.749974322952096670e-11 -9.498345379308319459e-11 6.994485698668328272e-11 -2.732787497541778203e-10 9.481437385773803857e-11 2.741656357694384837e-10 -3.053209985433407001e-11 -4.013090318036589801e-11 1.231460701063093320e-10 -7.815193483327013656e-10 -1.155348472268534951e-10 2.318510214932678785e-10
-1.775104942756440939e-11 -8.407558069613376458e-11 -5.223904437885000273e-11 -2.951106791185467047e-11 -4.335577822159277303e-11 2.802489576148665109e-11 -1.126168706599540032e-10 4.593739899689050161e-11 1.231489065448686624e-10 -7.739892378542950888e-12 -1.516438665604801491e-11 5.040846080949971083e-11 -3.803680882346583011e-10 -5.449368134189495929e-11 1.354940940648837501e-10
-8.005352811004021669e-12 -3.958354321365395110e-11 -2.414035370466795866e-11 -1.354855468670897698e-11 -2.254250254548558020e-11 1.335210103300872857e-11 -5.735753853859340427e-11 1.950370330952280621e-11 6.717888940451995355e-11 1.881026741692609614e-12 -6.830137951394258405e-12 2.418798262650705562e-11 -1.850889318468671113e-10 -3.009240487319474544e-11 7.875217495489169057e-11
-3.557491419840235187e-12 -1.799105299710998713e-11 -1.184834495200599943e-11 -6.120637087255861756e-12 -1.072276629072916997e-11 4.617521890443353964e-12 -2.722161797252246010e-11 8.720824759107511695e-12 3.007197755417969059e-11 -2.459264249079357464e-12 5.143488646182987540e-13 6.392140127110786739e-12 -8.826269991482724991e-11 -1.403988731867782903e-11 3.214554357086832050e-11
-1.732079084264438017e-07 5.187858507399129613e-07 -1.165960822244382462e-06 -5.660484836806724662e-07 3.843891917657931105e-07 -5.207310137916179345e-07 -5.879206882220479871e-07 2.189938013321180732e-07 1.640392984663112248e-07 1.361358040210454858e-07 1.359537552949786855e-06 -5.053659350064880635e-09 -6.793912890594047117e-07 3.787218869319646280e-07 7.870255742729279246e-08
-2.892436548767986194e-07 3.486311230239925421e-07 -7.250013648925494455e-07 -5.085932032779410258e-08 2.708831798607237974e-07 1.876476031200020194e-07 -5.363231904300154451e-07 -4.922122130229220539e-07 -8.564759971906658606e-08 -1.774476070519958510e-07 2.676004099271824228e-07 -2.080695237771690079e-07 -1.960595621663788398e-07 -5.292977792156709185e-08 5.806435919025154515e-07
-3.672689693113374928e-07 2.139059643708253713e-07 -3.687374068033249540e-07 2.767972373901595483e-07 7.141707730013884394e-08 4.610028893083964473e-07 -6.385561652420450714e-08 -5.211595466603592573e-07 -1.689628320697798464e-07 -1.756298250580560010e-07 -4.077407050372647778e-08 -1.597936399101019572e-07 -3.029891568652700936e-07 -2.522346790703938464e-07 1.507286058221864227e-07
-3.807123333773357261e-07 1.539463484334964137e-07 -1.673867568431675689e-07 3.484157069069453149e-07 -3.302757869832415132e-08 2.187370783455187949e-07 1.958996751300371196e-07 -6.410588290408383287e-08 -4.668386182807944193e-08 8.383820686728590094e-09 1.472053508946842144e-07 -1.646496469984839685e-07 -9.258679947233224891e-09 -1.660594892843955657e-07 3.109340789768274737e-07
-3.567457980382837903e-07 7.771195902654438284e-08 -5.957130359341209077e-08 2.735610555888515192e-07 -5.919992223144636855e-08 -5.831886718331290002e-08 1.392113435720826000e-07 1.518334267562189887e-07 1.265832656766014986e-07 -5.996455152933583031e-08 1.415118564575698457e-08 -2.080571224038971134e-07 -8.207151536008075633e-08 1.021010367508644069e-07 8.858363254473951064e-08
-3.073091252435503141e-07 2.259606379158498224e-09 -2.621118954165395173e-09 1.373165744175441514e-07 -3.259557041527391472e-08 -1.242010385054135685e-07 -8.512746507259277287e-08 5.226437442520067700e-08 5.536541206324125209e-08 -1.196709772787463761e-07 -9.016890810101770722e-08 -4.413830587058141860e-09 3.415237765977816072e-08 3.616734121409833246e-08 -6.250083399142740948e-08
-2.472565353581792463e-07 -5.078260457630126407e-08 1.660007188984112806e-08 4.174291062903311960e-09 -1.755877813699168144e-09 -1.166548209676542541e-07 -1.196187397449372472e-07 -1.063840073903507998e-07 -2.970342017751995697e-08 -5.364394590399754032e-08 2.025360389769123473e-08 8.830559034897716903e-08 2.032027019710565475e-08 -1.089219378223128439e-07 9.030367692239958487e-08
-1.873091778427054362e-07 -8.548279635449296284e-08 3.521646218204388843e-09 -5.755145037369551254e-08 9.909727729569349386e-09 -5.359669221575115793e-08 -1.934932665157241656e-08 -7.175198542618774231e-08 -1.059642193300473495e-07 -1.840058168817598366e-08 9.594955613697634453e-09 6.632547096898833006e-09 -3.245962457099807853e-08 -1.483180560341358014e-08 -4.656507399109528573e-08
-1.343855528185287923e-07 -1.026182687830988132e-07 -1.389064322012841503e-08 -7.022355218941611179e-08 -1.266414173328273835e-09 1.422486756731021838e-08 4.955665612727014919e-08 -1.955550420509399063e-09 -6.691469530143638702e-08 6.976779759971548440e-10 3.723222988014913864e-08 -8.210603701942704082e-09 -2.671426070302162683e-08 -1.601273070928624822e-08 -5.556935344058949092e-08
-9.151321454361289679e-08 -9.717502289376597381e-08 -1.824438736380859714e-08 -6.445992278652880591e-08 -1.261337687749129178e-08 5.051154379584373450e-08 2.341570801793053169e-08 1.893363319502373260e-08 2.384820007608390773e-09 1.164116126408003257e-08 3.984875567650458145e-08 2.501576828557270559e-09 1.321474430587046352e-08 9.764385064308219615e-09 4.489140766327915705e-09
-5.929474680744880237e-08 -8.131293338568978554e-08 -1.926204651319988745e-08 -5.313949738672142180e-08 -1.347639134778706278e-08 6.659891682949469269e-08 4.817610305833692475e-09 2.211462578643943893e-08 3.814957911268597008e-08 -8.920897469911501783e-09 2.701493505372788532e-08 -2.186281177467807728e-08 3.982792947239835282e-08 -2.655530117012410102e-09 1.118284661559544723e-08
-3.676694367539539806e-08 -6.537592636051102515e-08 -2.036884642726647956e-08 -3.748330965457121428e-08 -1.114140801191139552e-08 6.150734980651795009e-08 -1.240470927415167876e-08 1.661586663855837097e-08 2.513867294326342632e-08 -3.665391026029564299e-08 -2.104858756834916435e-08 -1.490305991437960726e-08 4.272980652794338598e-09 2.399837024454239860e-08 5.263311412859946744e-09
-2.207359325039264266e-08 -4.965221874365945506e-08 -1.990943921152861225e-08 -2.230817131748012330e-08 -1.139307629601814213e-08 4.027574272791668244e-08 -2.134021940640164834e-08 1.672754835762557964e-08 9.523557561136195467e-09 -3.601597365558708763e-08 -3.046418358960939355e-08 1.095310488058202369e-08 -9.565142314925429244e-09 1.972233219091868468e-08 1.478270452177787967e-08
-1.291485371363510611e-08 -3.502532349774533711e-08 -1.642074284310442408e-08 -1.306343491220212560e-08 -1.257101152160631583e-08 2.473332394732891507e-08 -2.271531548724393683e-08 1.553852106809555667e-08 3.998002259083407971e-09 -1.772395123568858651e-08 -3.126800700575735380e-08 2.203007156572993607e-08 -1.082834035486146740e-08 1.001021533423623870e-08 7.408884239626097641e-10
-7.387693623926491692e-09 -2.306079362282457750e-08 -1.163988210511600205e-08 -7.838948235343091564e-09 -1.188775608093700933e-08 1.466576175553728905e-08 -1.873795737417300103e-08 1.099010111682899314e-08 3.923156289810482315e-09 -3.586706021033349970e-09 -2.457759227009086051e-08 1.771239854341535169e-08 -8.094755611772378764e-09 9.979319659325673641e-09 -3.082173675060068874e-10
-4.144941578425032362e-09 -1.434884700202336568e-08 -7.633395851400523532e-09 -4.958191240891878916e-09 -9.285834616832754676e-09 8.674878910233510642e-09 -1.313059877558267528e-08 7.038195605975094691e-09 4.112124556641778760e-09 2.069162056504141163e-09 -1.468308083514617545e-08 9.702296655777232113e-09 -1.097659799293764991e-08 7.232558242436086723e-09 9.034138157764794268e-10
-2.289132587644078042e-09 -8.590254513117795326e-09 -4.798332984661240458e-09 -3.069022945097473727e-09 -6.258933406893050173e-09 4.826769240516464481e-09 -8.620044925462592756e-09 4.263962156925824130e-09 5.286149726209063748e-09 3.064126273208139744e-09 -6.547612332973562239e-09 4.935069645571572673e-09 -1.398801019480891973e-08 4.184450973543135447e-09 4.490949484039248917e-09
-1.249855276938063503e-09 -4.976246518430573538e-09 -2.895561159564486176e-09 -1.836320146887239707e-09 -3.622236960335227555e-09 2.570545302435034157e-09 -5.210163699742079365e-09 2.566592888522425238e-09 4.564756652930096272e-09 2.040715851596467145e-09 -2.390792316206847669e-09 3.043517044918640811e-09 -1.186409332567327368e-08 1.618545837917135681e-09 4.537646965598762508e-09
-6.714333833855751688e-10 -2.825004966004786791e-09 -1.685371059801388051e-09 -1.031517727586126284e-09 -1.871857995043025022e-09 1.287670356024811628e-09 -3.191156574362109863e-09 1.442993726918775449e-09 3.355827336280982029e-09 8.234464376409761711e-10 -8.470707111850697250e-10 1.781176195568506090e-09 -8.897907178828017614e-09 -2.964618664601171035e-10 3.200751882318455565e-09
-3.488836339712007300e-10 -1.521744671383157943e-09 -9.142394594707967400e-10 -5.448076350832495396e-10 -8.951802627377583694e-10 6.361954388673823149e-10 -1.896597502434126475e-09 7.985613919811850099e-10 2.168007003958089545e-09 9.102159677625146729e-11 -2.017645905535044526e-10 1.039773786900119920e-09 -5.524468082401199624e-09 -1.163950234316664659e-09 2.226090325382847118e-09
-1.732135547256244033e-10 -7.717025947258271734e-10 -4.740734242996656253e-10 -2.696054608368309699e-10 -4.548235084347639798e-10 3.085379621832048422e-10 -1.078566353171687371e-09 4.243090516135575046e-10 1.165290802353543767e-09 -7.600026532752212516e-11 -1.907893686528650080e-10 4.272500272238777712e-10 -3.309823859283961320e-09 -5.910551216481523035e-10 9.990436169208376351e-10
-8.323035662769114938e-11 -3.733124543404802671e-10 -2.324969530557170416e-10 -1.312710563259755345e-10 -2.149805696597689009e-10 1.494387015832796069e-10 -5.203379887261023841e-10 2.175931944958111968e-10 5.671970307114000078e-10 -2.835157169633551264e-11 -7.190455431539946704e-11 2.354076352166146428e-10 -1.590112415021000365e-09 -2.751373266709466807e-10 5.637419247064599181e-10
-3.925177047342075907e-11 -1.816961052804869910e-10 -1.137933734238316722e-10 -5.903819154969706628e-11 -9.548651623573145916e-11 7.170581939735817976e-11 -2.812031379933737769e-10 9.900821181349287734e-11 2.847697545568222543e-10 -3.439781799912666468e-11 -4.166828841358043546e-11 1.267241407744544806e-10 -8.064166095760040590e-10 -1.268315194054390821e-10 2.372184821711917732e-10
-1.804473254218615128e-11 -8.568665379644217096e-11 -5.334024382317537639e-11 -3.019063118244122111e-11 -4.349583055061244038e-11 2.838718186345208133e-11 -1.150040089030135104e-10 4.731853535267378437e-11 1.268012263415558136e-10 -8.834749690697493229e-12 -1.513641472775738681e-11 5.171651749230826682e-11 -3.900370964450671736e-10 -5.906237439292640519e-11 1.404509436109827668e-10
-8.106642416045927858e-12 -4.014103046294836392e-11 -2.451910091968695120e-11 -1.377843571638567240e-11 -2.268711419258398921e-11 1.349376576608340997e-11 -5.822966530490832126e-11 1.996499018324273266e-11 6.872224788865611447e-11 1.686690996449726197e-12 -6.696849777615252631e-12 2.472160817592391376e-11 -1.883966588304694697e-10 -3.153138140794351487e-11 8.041783961574644152e-11
-3.593965988437313157e-12 -1.817934375283197208e-11 -1.198849730256096462e-11 -6.189781634655705175e-12 -1.079788299407056434e-11 4.624517062127195685e-12 -2.757384823418233394e-11 8.844105319535017312e-12 3.061265865404491296e-11 -2.587732214637884226e-12 6.584081317534776871e-13 6.515204438023180512e-12 -8.950771912998127893e-11 -1.456841730797949339e-11 3.278669139259743177e-11
-3.183655850646608907e-07 7.374288627348474644e-07 -1.768411814818774611e-06 -7.253953303795006952e-07 1.714774818976620520e-06 3.662142015439177476e-08 -1.122832620798984611e-06 1.722442322953119393e-06 4.350134818747135110e-07 1.368823706748531427e-06 1.114289218204892535e-06 1.793819154595273057e-06 4.008089818614826244e-08 1.042258103745947947e-06 -2.115963546287037709e-06
-4.671757023074374952e-07 4.657706637136542597e-07 -1.135248979361624894e-06 -2.893894795159523208e-09 1.460697116167644725e-06 7.017811475065132152e-07 -7.556369434440646296e-07 1.509386634908427229e-07 2.163425001975294926e-07 4.160658466245728846e-07 -5.136285600688606999e-07 9.037067533940941069e-07 4.365389699289576387e-07 -6.954265343246769413e-08 4.140818955298692469e-07
-5.597076698886257477e-07 1.922322873391145697e-07 -6.496043141982389281e-07 4.806543253631385076e-07 9.022158122969263310e-07 8.864488304728345345e-07 2.354561747684040005e-07 -2.295286487166377940e-07 1.485523723121844733e-08 -8.758239144903815726e-08 -5.837290453389294638e-07 4.287202189220038733e-07 -5.292186238321035197e-07 -6.152326953019969642e-07 -4.096920978123819358e-07
-5.537459470948444038e-07 6.174677269288233148e-08 -3.668159490794764339e-07 6.056687641781053659e-07 5.145831967345026539e-07 4.177922589317533640e-07 5.855093498807997842e-07 2.929866352064193892e-07 -6.204326800493178431e-08 -7.843847169814230833e-08 -4.466288139573585703e-08 -1.377369916512691326e-07 -1.627859240751925986e-07 -2.941547863276421053e-07 -4.127407120493898202e-08
-4.985958542075250571e-07 -6.626259509304972158e-08 -1.917183258773464674e-07 4.947700511899869514e-07 2.889574791964233688e-07 -7.968058970738834465e-08 2.911287592046427218e-07 4.033269825183856559e-07 -2.201593903440139329e-08 -1.640956571134342972e-07 -2.571831376925586237e-07 -2.979888246807038461e-07 1.274002243906480959e-08 1.651424945434391363e-07 -7.065470875619798031e-09
-4.139863116045950467e-07 -1.546198393220052816e-07 -9.894189910452623910e-08 2.819655270660794257e-07 1.566958266183599586e-07 -2.029577714812350719e-07 -1.162286484859871338e-07 1.805845045159629989e-07 -1.240520813133556904e-07 -6.219868099830414163e-08 -3.675113050659134660e-07 3.615950777198476855e-08 1.679034489299793123e-07 1.714144226931880713e-07 4.525913678030515296e-08
-3.219840057555820274e-07 -1.934631080494145634e-07 -5.647374086328622886e-08 6.491492433225240401e-08 9.244345800300775750e-08 -1.852307328697846824e-07 -1.790395274583200766e-07 -8.601678856068062869e-08 -1.383560628263114623e-07 6.389458276664971561e-08 -1.000373715067921011e-07 6.851133981057207924e-08 1.139629531067065118e-08 -1.008380433007941546e-08 3.243786169108408449e-07
-2.363164427868616840e-07 -2.010187878117281407e-07 -5.588707572738733010e-08 -4.215490247356935561e-08 4.863808413272556510e-08 -7.936571253619133566e-08 -7.419281322122697128e-08 -4.636206985075826499e-08 -1.730567283272367847e-07 3.247095659820207607e-08 -5.861524187464178748e-08 -6.877991697341180898e-08 -4.701954378157459520e-08 7.261394300440184092e-08 8.978478280531536654e-08
-1.647192307079979629e-07 -1.866448976389398336e-07 -5.849901632936165281e-08 -7.323845961850639076e-08 7.358750433559125843e-09 1.842035288620015626e-08 9.895422921285899327e-09 3.362223444308217706e-08 -8.312819220243678147e-08 1.777541674809104749e-08 1.450087201582307260e-08 -7.586474736815149527e-08 -3.396622190279664882e-08 -3.130607226040010205e-09 -2.699890252236999401e-08
-1.092219075134217719e-07 -1.517379861148660659e-07 -4.606679059248553489e-08 -7.703614873061126961e-08 -1.399780097020059023e-08 6.366858656800423350e-08 6.470176149274789352e-09 4.297655532947122810e-08 1.574293646371648545e-08 3.494380409494347521e-08 3.602907689989552800e-08 -4.722811305244069392e-08 7.309641435876328088e-08 1.118195559973882224e-08 8.138371807291073542e-09
-6.905755352037640026e-08 -1.160089807911927737e-07 -3.738352332714924662e-08 -6.798600609064792352e-08 -1.384027457698612479e-08 8.625802629891585472e-08 6.812149928382226000e-09 3.399117516627203415e-08 6.264006490836462200e-08 1.100490597071224907e-08 1.972485540442899284e-08 -4.081878211779798346e-08 7.863734139455788375e-08 -2.267874174288413612e-08 7.826253178947184408e-09
-4.205838210544592837e-08 -8.854209698954899730e-08 -3.246848731920209939e-08 -4.749637588277431743e-08 -1.431910602662653504e-08 7.722487949642130362e-08 -2.364762284295859603e-08 2.386075449810315959e-08 4.297839627764911171e-08 -2.320060602443941241e-08 -4.711453155869919455e-08 -2.226020878571177430e-08 6.019590819209349571e-10 2.370543241803224457e-08 2.264099517857295082e-08
-2.491063807884087144e-08 -6.391196841449447412e-08 -2.770975271700710162e-08 -2.763793130508195151e-08 -1.558825167845588525e-08 4.991183884627398439e-08 -3.300593282936912339e-08 2.357106586719737784e-08 1.790666359854290624e-08 -2.714520507343843321e-08 -5.232513446214014045e-08 1.187334526263009989e-08 -1.509155006457673565e-08 1.775777231915912539e-08 2.299209688012395612e-08
-1.441306673628015276e-08 -4.306546806385388226e-08 -2.105054594713887926e-08 -1.578331992358606339e-08 -1.663448989796197016e-08 3.091653398204225485e-08 -3.110834574530023097e-08 2.099654376536967620e-08 6.941391569130077640e-09 -1.063148094344977642e-08 -4.684103874240894099e-08 2.550389271569744137e-08 -1.055095129899544772e-08 7.835569746292653407e-09 -2.978697362862910448e-09
-8.172579874274565375e-09 -2.740835276918130471e-08 -1.424732443099606490e-08 -9.422487412576232138e-09 -1.473302445660896530e-08 1.789571166316173574e-08 -2.331384414914065063e-08 1.400720011912288735e-08 6.875496199621926881e-09 1.881797131330454348e-09 -3.175798515632583060e-08 1.980337905358495903e-08 -1.016078087594481232e-08 8.938067114501611274e-09 -1.754734576225108263e-09
-4.554957777485078313e-09 -1.667574932732984335e-08 -9.046207362641321034e-09 -5.972745397604176262e-09 -1.094135319686564252e-08 1.017906632532773863e-08 -1.561448271566936513e-08 8.503598219865939057e-09 7.446023621581843018e-09 5.776877894757427054e-09 -1.708210093090476580e-08 1.025690963450786727e-08 -1.633491078640388874e-08 6.113495958688873055e-09 3.553511106006368950e-09
-2.504867718786174523e-09 -9.823823019478051006e-09 -5.563865842087016200e-09 -3.620148056960609415e-09 -6.900463760931905991e-09 5.419180828785926823e-09 -9.774268192102112436e-09 5.050564214780657178e-09 7.739180312935315009e-09 4.782913679890247023e-09 -6.895359280003855238e-09 5.592980207457658071e-09 -1.760860647369024115e-08 2.568626790938163870e-09 7.309207793015279829e-09
-1.360500621225131288e-09 -5.614470784946703545e-09 -3.288228976362493866e-09 -2.093680997319059307e-09 -3.788090943803792472e-09 2.773372522037243243e-09 -5.898727743530585341e-09 2.952403172600937622e-09 6.069724183414371626e-09 2.582783317418313837e-09 -2.193678746018654220e-09 3.882341619527950188e-09 -1.402505975746637197e-08 -3.087693065377929330e-10 6.849816921574884223e-09
-7.212789375925367856e-10 -3.110140580755962299e-09 -1.878632887390965648e-09 -1.138621416543731753e-09 -1.931327713417544804e-09 1.372645344644661257e-09 -3.660123305545136954e-09 1.681655082600159294e-09 4.138425951004704841e-09 7.364271432499272668e-10 -7.346331601025573572e-10 2.077533638710854776e-09 -1.038987900948662363e-08 -1.664710170528736190e-09 4.113616489763740658e-09
-3.670271936448078634e-10 -1.620596407227461711e-09 -9.874955186132491264e-10 -5.829770334295913131e-10 -9.197130415631445227e-10 6.753460580358957986e-10 -2.062919696247051011e-09 8.926190878207100040e-10 2.416797818629562292e-09 -2.115952831189221758e-11 -1.948357979301513831e-10 1.101364870518135794e-09 -6.148539231959793561e-09 -1.553321545108829387e-09 2.244773442745823060e-09
-1.796057385517175998e-10 -8.062134461403368125e-10 -4.976710133577004867e-10 -2.829588850243159763e-10 -4.631646201237932505e-10 3.221965173681874048e-10 -1.130278679078970848e-09 4.540692952093113613e-10 1.253441248466528896e-09 -9.072892633610089904e-11 -1.996316118975487824e-10 4.542871284215275037e-10 -3.516331669253114833e-09 -6.866847608351328769e-10 1.047197139396833898e-09
-8.564516191423615159e-11 -3.862761931421188856e-10 -2.415328154829473536e-10 -1.368745248225924119e-10 -2.181169324890460109e-10 1.543290027304879076e-10 -5.428753372102160426e-10 2.299537036966863472e-10 6.009329272990328250e-10 -3.498497064535635353e-11 -6.897370745357530875e-11 2.479798862255830663e-10 -1.663258788627196259e-09 -3.196185264434091521e-10 5.985343751050763901e-10
-4.008107993800205245e-11 -1.861822901502964304e-10 -1.168701596772577720e-10 -6.054869844353341559e-11 -9.573489034873408006e-11 7.337511102684368919e-11 -2.892158538856233667e-10 1.031638577322005480e-10 2.958600473721839530e-10 -3.789060261189138371e-11 -4.317074831263321953e-11 1.309705475124815582e-10 -8.314322119421297228e-10 -1.389195146372884694e-10 2.457817203051462181e-10
-1.834160675243781110e-11 -8.730726136529492262e-11 -5.445420673247426931e-11 -3.087505931854804729e-11 -4.363424985418335418e-11 2.879138530359387992e-11 -1.173086679570423524e-10 4.875302475098853507e-11 1.303011406793992553e-10 -9.997725811560790998e-12 -1.521978420688544980e-11 5.298113240831974566e-11 -3.998841569127877714e-10 -6.339103872794319075e-11 1.447331107727520243e-10
-8.207740402255669176e-12 -4.070307042227095991e-11 -2.490710996112714480e-11 -1.401959247427994438e-11 -2.282810968591525117e-11 1.362971872197296878e-11 -5.908816226250937184e-11 2.043964607782704101e-11 7.031089860354673966e-11 1.487599270977597212e-12 -6.542563792148367007e-12 2.524509771503083525e-11 -1.917489156991936810e-10 -3.295228288945334650e-11 8.218460420775873060e-11
-3.630908096633030422e-12 -1.836776984218894692e-11 -1.212849957025383316e-11 -6.259776080769428431e-12 -1.087652313160297487e-11 4.628258837540373166e-12 -2.792692932849017353e-11 8.966798104064956810e-12 3.115106037218660946e-11 -2.700934601071178005e-12 7.975554545235820627e-13 6.626710476580974002e-12 -9.076126520601528196e-11 -1.504646131498053658e-11 3.341760945243059339e-11
0.000000000000000000e+00 0.000000000000000000e+00 0.000000000000000000e+00 0.000000000000000000e+00 0.000000000000000000e+00 0.000000000000000000e+00 0.000000000000000000e+00 0.000000000000000000e+00 0.000000000000000000e+00 0.000000000000000000e+00 0.000000000000000000e+00 0.000000000000000000e+00 0.000000000000000000e+00 0.000000000000000000e+00 0.000000000000000000e+00
0.000000000000000000e+00 0.000000000000000000e+00 0.000000000000000000e+00 0.000000000000000000e+00 0.000000000000000000e+00 0.000000000000000000e+00 0.000000000000000000e+00 0.000000000000000000e+00 0.000000000000000000e+00 0.000000000000000000e+00 0.000000000000000000e+00 0.000000000000000000e+00 0.000000000000000000e+00 0.000000000000000000e+00 0.000000000000000000e+00
0.000000000000000000e+00 0.000000000000000000e+00 0.000000000000000000e+00 0.000000000000000000e+00 0.000000000000000000e+00 0.000000000000000000e+00 0.000000000000000000e+00 0.000000000000000000e+00 0.000000000000000000e+00 0.000000000000000000e+00 0.000000000000000000e+00 0.000000000000000000e+00 0.000000000000000000e+00 0.000000000000000000e+00 0.000000000000000000e+00
0.000000000000000000e+00 0.000000000000000000e+00 0.000000000000000000e+00 0.000000000000000000e+00 0.000000000000000000e+00 0.000000000000000000e+00 0.000000000000000000e+00 0.000000000000000000e+00 0.000000000000000000e+00 0.000000000000000000e+00 0.000000000000000000e+00 0.000000000000000000e+00 0.000000000000000000e+00 0.000000000000000000e+00 0.000000000000000000e+00
0.000000000000000000e+00 0.000000000000000000e+00 0.000000000000000000e+00 0.000000000000000000e+00 0.000000000000000000e+00 0.000000000000000000e+00 0.000000000000000000e+00 0.000000000000000000e+00 0.000000000000000000e+00 0.000000000000000000e+00 0.000000000000000000e+00 0.000000000000000000e+00 0.000000000000000000e+00 0.000000000000000000e+00 0.000000000000000000e+00
0.000000000000000000e+00 0.000000000000000000e+00 0.000000000000000000e+00 0.000000000000000000e+00 0.000000000000000000e+00 0.000000000000000000e+00 0.000000000000000000e+00 0.000000000000000000e+00 0.000000000000000000e+00 0.000000000000000000e+00 0.000000000000000000e+00 0.000000000000000000e+00 0.000000000000000000e+00 0.000000000000000000e+00 0.000000000000000000e+00
0.000000000000000000e+00 0.000000000000000000e+00 0.000000000000000000e+00 0.000000000000000000e+00 0.000000000000000000e+00 0.000000000000000000e+00 0.000000000000000000e+00 0.000000000000000000e+00 0.000000000000000000e+00 0.000000000000000000e+00 0.000000000000000000e+00 0.000000000000000000e+00 0.000000000000000000e+00 0.000000000000000000e+00 0.000000000000000000e+00
0.000000000000000000e+00 0.000000000000000000e+00 0.000000000000000000e+00 0.000000000000000000e+00 0.000000000000000000e+00 0.000000000000000000e+00 0.000000000000000000e+00 0.000000000000000000e+00 0.000000000000000000e+00 0.000000000000000000e+00 0.000000000000000000e+00 0.000000000000000000e+00 0.000000000000000000e+00 0.000000000000000000e+00 0.000000000000000000e+00
0.000000000000000000e+00 0.000000000000000000e+00 0.000000000000000000e+00 0.000000000000000000e+00 0.000000000000000000e+00 0.000000000000000000e+00 0.000000000000000000e+00 0.000000000000000000e+00 0.000000000000000000e+00 0.000000000000000000e+00 0.000000000000000000e+00 0.000000000000000000e+00 0.000000000000000000e+00 0.000000000000000000e+00 0.000000000000000000e+00
0.000000000000000000e+00 0.000000000000000000e+00 0.000000000000000000e+00 0.000000000000000000e+00 0.000000000000000000e+00 0.000000000000000000e+00 0.000000000000000000e+00 0.000000000000000000e+00 0.000000000000000000e+00 0.000000000000000000e+00 0.000000000000000000e+00 0.000000000000000000e+00 0.000000000000000000e+00 0.000000000000000000e+00 0.000000000000000000e+00
0.000000000000000000e+00 0.000000000000000000e+00 0.000000000000000000e+00 0.000000000000000000e+00 0.000000000000000000e+00 0.000000000000000000e+00 0.000000000000000000e+00 0.000000000000000000e+00 0.000000000000000000e+00 0.000000000000000000e+00 0.000000000000000000e+00 0.000000000000000000e+00 0.000000000000000000e+00 0.000000000000000000e+00 0.000000000000000000e+00
0.000000000000000000e+00 0.000000000000000000e+00 0.000000000000000000e+00 0.000000000000000000e+00 0.000000000000000000e+00 0.000000000000000000e+00 0.000000000000000000e+00 0.000000000000000000e+00 0.000000000000000000e+00 0.000000000000000000e+00 0.000000000000000000e+00 0.000000000000000000e+00 0.000000000000000000e+00 0.000000000000000000e+00 0.000000000000000000e+00
0.000000000000000000e+00 0.000000000000000000e+00 0.000000000000000000e+00 0.000000000000000000e+00 0.000000000000000000e+00 0.000000000000000000e+00 0.000000000000000000e+00 0.000000000000000000e+00 0.000000000000000000e+00 0.000000000000000000e+00 0.000000000000000000e+00 0.000000000000000000e+00 0.000000000000000000e+00 0.000000000000000000e+00 0.000000000000000000e+00
0.000000000000000000e+00 0.000000000000000000e+00 0.000000000000000000e+00 0.000000000000000000e+00 0.000000000000000000e+00 0.000000000000000000e+00 0.000000000000000000e+00 0.000000000000000000e+00 0.000000000000000000e+00 0.000000000000000000e+00 0.000000000000000000e+00 0.000000000000000000e+00 0.000000000000000000e+00 0.000000000000000000e+00 0.000000000000000000e+00
0.000000000000000000e+00 0.000000000000000000e+00 0.000000000000000000e+00 0.000000000000000000e+00 0.000000000000000000e+00 0.000000000000000000e+00 0.000000000000000000e+00 0.000000000000000000e+00 0.000000000000000000e+00 0.000000000000000000e+00 0.000000000000000000e+00 0.000000000000000000e+00 0.000000000000000000e+00 0.000000000000000000e+00 0.000000000000000000e+00
0.000000000000000000e+00 0.000000000000000000e+00 0.000000000000000000e+00 0.000000000000000000e+00 0.000000000000000000e+00 0.000000000000000000e+00 0.000000000000000000e+00 0.000000000000000000e+00 0.000000000000000000e+00 0.000000000000000000e+00 0.000000000000000000e+00 0.000000000000000000e+00 0.000000000000000000e+00 0.000000000000000000e+00 0.000000000000000000e+00
0.000000000000000000e+00 0.000000000000000000e+00 0.000000000000000000e+00 0.000000000000000000e+00 0.000000000000000000e+00 0.000000000000000000e+00 0.000000000000000000e+00 0.000000000000000000e+00 0.000000000000000000e+00 0.000000000000000000e+00 0.000000000000000000e+00 0.000000000000000000e+00 0.000000000000000000e+00 0.000000000000000000e+00 0.000000000000000000e+00
0.000000000000000000e+00 0.000000000000000000e+00 0.000000000000000000e+00 0.000000000000000000e+00 0.000000000000000000e+00 0.000000000000000000e+00 0.000000000000000000e+00 0.000000000000000000e+00 0.000000000000000000e+00 0.000000000000000000e+00 0.000000000000000000e+00 0.000000000000000000e+00 0.000000000000000000e+00 0.000000000000000000e+00 0.000000000000000000e+00
0.000000000000000000e+00 0.000000000000000000e+00 0.000000000000000000e+00 0.000000000000000000e+00 0.000000000000000000e+00 0.000000000000000000e+00 0.000000000000000000e+00 0.000000000000000000e+00 0.000000000000000000e+00 0.000000000000000000e+00 0.000000000000000000e+00 0.000000000000000000e+00 0.000000000000000000e+00 0.000000000000000000e+00 0.000000000000000000e+00
0.000000000000000000e+00 0.000000000000000000e+00 0.000000000000000000e+00 0.000000000000000000e+00 0.000000000000000000e+00 0.000000000000000000e+00 0.000000000000000000e+00 0.000000000000000000e+00 0.000000000000000000e+00 0.000000000000000000e+00 0.000000000000000000e+00 0.000000000000000000e+00 0.000000000000000000e+00 0.000000000000000000e+00 0.000000000000000000e+00
0.000000000000000000e+00 0.000000000000000000e+00 0.000000000000000000e+00 0.000000000000000000e+00 0.000000000000000000e+00 0.000000000000000000e+00 0.000000000000000000e+00 0.000000000000000000e+00 0.000000000000000000e+00 0.000000000000000000e+00 0.000000000000000000e+00 0.000000000000000000e+00 0.000000000000000000e+00 0.000000000000000000e+00 0.000000000000000000e+00
0.000000000000000000e+00 0.000000000000000000e+00 0.000000000000000000e+00 0.000000000000000000e+00 0.000000000000000000e+00 0.000000000000000000e+00 0.000000000000000000e+00 0.000000000000000000e+00 0.000000000000000000e+00 0.000000000000000000e+00 0.000000000000000000e+00 0.000000000000000000e+00 0.000000000000000000e+00 0.000000000000000000e+00 0.000000000000000000e+00
0.000000000000000000e+00 0.000000000000000000e+00 0.000000000000000000e+00 0.000000000000000000e+00 0.000000000000000000e+00 0.000000000000000000e+00 0.000000000000000000e+00 0.000000000000000000e+00 0.000000000000000000e+00 0.000000000000000000e+00 0.000000000000000000e+00 0.000000000000000000e+00 0.000000000000000000e+00 0.000000000000000000e+00 0.000000000000000000e+00
0.000000000000000000e+00 0.000000000000000000e+00 0.000000000000000000e+00 0.000000000000000000e+00 0.000000000000000000e+00 0.000000000000000000e+00 0.000000000000000000e+00 0.000000000000000000e+00 0.000000000000000000e+00 0.000000000000000000e+00 0.000000000000000000e+00 0.000000000000000000e+00 0.000000000000000000e+00 0.000000000000000000e+00 0.000000000000000000e+00
0.000000000000000000e+00 0.000000000000000000e+00 0.000000000000000000e+00 0.000000000000000000e+00 0.000000000000000000e+00 0.000000000000000000e+00 0.000000000000000000e+00 0.000000000000000000e+00 0.000000000000000000e+00 0.000000000000000000e+00 0.000000000000000000e+00 0.000000000000000000e+00 0.000000000000000000e+00 0.000000000000000000e+00 0.000000000000000000e+00
0.000000000000000000e+00 0.000000000000000000e+00 0.000000000000000000e+00 0.000000000000000000e+00 0.000000000000000000e+00 0.000000000000000000e+00 0.000000000000000000e+00 0.000000000000000000e+00 0.000000000000000000e+00 0.000000000000000000e+00 0.000000000000000000e+00 0.000000000000000000e+00 0.000000000000000000e+00 0.000000000000000000e+00 0.000000000000000000e+00
0.000000000000000000e+00 0.000000000000000000e+00 0.000000000000000000e+00 0.000000000000000000e+00 0.000000000000000000e+00 0.000000000000000000e+00 0.000000000000000000e+00 0.000000000000000000e+00 0.000000000000000000e+00 0.000000000000000000e+00 0.000000000000000000e+00 0.000000000000000000e+00 0.000000000000000000e+00 0.000000000000000000e+00 0.000000000000000000e+00
0.000000000000000000e+00 0.000000000000000000e+00 0.000000000000000000e+00 0.000000000000000000e+00 0.000000000000000000e+00 0.000000000000000000e+00 0.000000000000000000e+00 0.000000000000000000e+00 0.000000000000000000e+00 0.000000000000000000e+00 0.000000000000000000e+00 0.000000000000000000e+00 0.000000000000000000e+00 0.000000000000000000e+00 0.000000000000000000e+00
0.000000000000000000e+00 0.000000000000000000e+00 0.000000000000000000e+00 0.000000000000000000e+00 0.000000000000000000e+00 0.000000000000000000e+00 0.000000000000000000e+00 0.000000000000000000e+00 0.000000000000000000e+00 0.000000000000000000e+00 0.000000000000000000e+00 0.000000000000000000e+00 0.000000000000000000e+00 0.000000000000000000e+00 0.000000000000000000e+00
0.000000000000000000e+00 0.000000000000000000e+00 0.000000000000000000e+00 0.000000000000000000e+00 0.000000000000000000e+00 0.000000000000000000e+00 0.000000000000000000e+00 0.000000000000000000e+00 0.000000000000000000e+00 0.000000000000000000e+00 0.000000000000000000e+00 0.000000000000000000e+00 0.000000000000000000e+00 0.000000000000000000e+00 0.000000000000000000e+00
0.000000000000000000e+00 0.000000000000000000e+00 0.000000000000000000e+00 0.000000000000000000e+00 0.000000000000000000e+00 0.000000000000000000e+00 0.000000000000000000e+00 0.000000000000000000e+00 0.000000000000000000e+00 0.000000000000000000e+00 0.000000000000000000e+00 0.000000000000000000e+00 0.000000000000000000e+00 0.000000000000000000e+00 0.000000000000000000e+00
0.000000000000000000e+00 0.000000000000000000e+00 0.000000000000000000e+00 0.000000000000000000e+00 0.000000000000000000e+00 0.000000000000000000e+00 0.000000000000000000e+00 0.000000000000000000e+00 0.000000000000000000e+00 0.000000000000000000e+00 0.000000000000000000e+00 0.000000000000000000e+00 0.000000000000000000e+00 0.000000000000000000e+00 0.000000000000000000e+00
0.000000000000000000e+00 0.000000000000000000e+00 0.000000000000000000e+00 0.000000000000000000e+00 0.000000000000000000e+00 0.000000000000000000e+00 0.000000000000000000e+00 0.000000000000000000e+00 0.000000000000000000e+00 0.000000000000000000e+00 0.000000000000000000e+00 0.000000000000000000e+00 0.000000000000000000e+00 0.000000000000000000e+00 0.000000000000000000e+00
0.000000000000000000e+00 0.000000000000000000e+00 0.000000000000000000e+00 0.000000000000000000e+00 0.000000000000000000e+00 0.000000000000000000e+00 0.000000000000000000e+00 0.000000000000000000e+00 0.000000000000000000e+00 0.000000000000000000e+00 0.000000000000000000e+00 0.000000000000000000e+00 0.000000000000000000e+00 0.000000000000000000e+00 0.000000000000000000e+00
0.000000000000000000e+00 0.000000000000000000e+00 0.000000000000000000e+00 0.000000000000000000e+00 0.000000000000000000e+00 0.000000000000000000e+00 0.000000000000000000e+00 0.000000000000000000e+00 0.000000000000000000e+00 0.000000000000000000e+00 0.000000000000000000e+00 0.000000000000000000e+00 0.000000000000000000e+00 0.000000000000000000e+00 0.000000000000000000e+00
0.000000000000000000e+00 0.000000000000000000e+00 0.000000000000000000e+00 0.000000000000000000e+00 0.000000000000000000e+00 0.000000000000000000e+00 0.000000000000000000e+00 0.000000000000000000e+00 0.000000000000000000e+00 0.000000000000000000e+00 0.000000000000000000e+00 0.000000000000000000e+00 0.000000000000000000e+00 0.000000000000000000e+00 0.000000000000000000e+00
0.000000000000000000e+00 0.000000000000000000e+00 0.000000000000000000e+00 0.000000000000000000e+00 0.000000000000000000e+00 0.000000000000000000e+00 0.000000000000000000e+00 0.000000000000000000e+00 0.000000000000000000e+00 0.000000000000000000e+00 0.000000000000000000e+00 0.000000000000000000e+00 0.000000000000000000e+00 0.000000000000000000e+00 0.000000000000000000e+00
0.000000000000000000e+00 0.000000000000000000e+00 0.000000000000000000e+00 0.000000000000000000e+00 0.000000000000000000e+00 0.000000000000000000e+00 0.000000000000000000e+00 0.000000000000000000e+00 0.000000000000000000e+00 0.000000000000000000e+00 0.000000000000000000e+00 0.000000000000000000e+00 0.000000000000000000e+00 0.000000000000000000e+00 0.000000000000000000e+00
0.000000000000000000e+00 0.000000000000000000e+00 0.000000000000000000e+00 0.000000000000000000e+00 0.000000000000000000e+00 0.000000000000000000e+00 0.000000000000000000e+00 0.000000000000000000e+00 0.000000000000000000e+00 0.000000000000000000e+00 0.000000000000000000e+00 0.000000000000000000e+00 0.000000000000000000e+00 0.000000000000000000e+00 0.000000000000000000e+00
0.000000000000000000e+00 0.000000000000000000e+00 0.000000000000000000e+00 0.000000000000000000e+00 0.000000000000000000e+00 0.000000000000000000e+00 0.000000000000000000e+00 0.000000000000000000e+00 0.000000000000000000e+00 0.000000000000000000e+00 0.000000000000000000e+00 0.000000000000000000e+00 0.000000000000000000e+00 0.000000000000000000e+00 0.000000000000000000e+00
0.000000000000000000e+00 0.000000000000000000e+00 0.000000000000000000e+00 0.000000000000000000e+00 0.000000000000000000e+00 0.000000000000000000e+00 0.000000000000000000e+00 0.000000000000000000e+00 0.000000000000000000e+00 0.000000000000000000e+00 0.000000000000000000e+00 0.000000000000000000e+00 0.000000000000000000e+00 0.000000000000000000e+00 0.000000000000000000e+00
0.000000000000000000e+00 0.000000000000000000e+00 0.000000000000000000e+00 0.000000000000000000e+00 0.000000000000000000e+00 0.000000000000000000e+00 0.000000000000000000e+00 0.000000000000000000e+00 0.000000000000000000e+00 0.000000000000000000e+00 0.000000000000000000e+00 0.000000000000000000e+00 0.000000000000000000e+00 0.000000000000000000e+00 0.000000000000000000e+00
0.000000000000000000e+00 0.000000000000000000e+00 0.000000000000000000e+00 0.000000000000000000e+00 0.000000000000000000e+00 0.000000000000000000e+00 0.000000000000000000e+00 0.000000000000000000e+00 0.000000000000000000e+00 0.000000000000000000e+00 0.000000000000000000e+00 0.000000000000000000e+00 0.000000000000000000e+00 0.000000000000000000e+00 0.000000000000000000e+00
0.000000000000000000e+00 0.000000000000000000e+00 0.000000000000000000e+00 0.000000000000000000e+00 0.000000000000000000e+00 0.000000000000000000e+00 0.000000000000000000e+00 0.000000000000000000e+00 0.000000000000000000e+00 0.000000000000000000e+00 0.000000000000000000e+00 0.000000000000000000e+00 0.000000000000000000e+00 0.000000000000000000e+00 0.000000000000000000e+00
0.000000000000000000e+00 0.000000000000000000e+00 0.000000000000000000e+00 0.000000000000000000e+00 0.000000000000000000e+00 0.000000000000000000e+00 0.000000000000000000e+00 0.000000000000000000e+00 0.000000000000000000e+00 0.000000000000000000e+00 0.000000000000000000e+00 0.000000000000000000e+00 0.000000000000000000e+00 0.000000000000000000e+00 0.000000000000000000e+00
0.000000000000000000e+00 0.000000000000000000e+00 0.000000000000000000e+00 0.000000000000000000e+00 0.000000000000000000e+00 0.000000000000000000e+00 0.000000000000000000e+00 0.000000000000000000e+00 0.000000000000000000e+00 0.000000000000000000e+00 0.000000000000000000e+00 0.000000000000000000e+00 0.000000000000000000e+00 0.000000000000000000e+00 0.000000000000000000e+00
0.000000000000000000e+00 0.000000000000000000e+00 0.000000000000000000e+00 0.000000000000000000e+00 0.000000000000000000e+00 0.000000000000000000e+00 0.000000000000000000e+00 0.000000000000000000e+00 0.000000000000000000e+00 0.000000000000000000e+00 0.000000000000000000e+00 0.000000000000000000e+00 0.000000000000000000e+00 0.000000000000000000e+00 0.000000000000000000e+00
0.000000000000000000e+00 0.000000000000000000e+00 0.000000000000000000e+00 0.000000000000000000e+00 0.000000000000000000e+00 0.000000000000000000e+00 0.000000000000000000e+00 0.000000000000000000e+00 0.000000000000000000e+00 0.000000000000000000e+00 0.000000000000000000e+00 0.000000000000000000e+00 0.000000000000000000e+00 0.000000000000000000e+00 0.000000000000000000e+00
0.000000000000000000e+00 0.000000000000000000e+00 0.000000000000000000e+00 0.000000000000000000e+00 0.000000000000000000e+00 0.000000000000000000e+00 0.000000000000000000e+00 0.000000000000000000e+00 0.000000000000000000e+00 0.000000000000000000e+00 0.000000000000000000e+00 0.000000000000000000e+00 0.000000000000000000e+00 0.000000000000000000e+00 0.000000000000000000e+00
0.000000000000000000e+00 0.000000000000000000e+00 0.000000000000000000e+00 0.000000000000000000e+00 0.000000000000000000e+00 0.000000000000000000e+00 0.000000000000000000e+00 0.000000000000000000e+00 0.000000000000000000e+00 0.000000000000000000e+00 0.000000000000000000e+00 0.000000000000000000e+00 0.000000000000000000e+00 0.000000000000000000e+00 0.000000000000000000e+00
0.000000000000000000e+00 0.000000000000000000e+00 0.000000000000000000e+00 0.000000000000000000e+00 0.000000000000000000e+00 0.000000000000000000e+00 0.000000000000000000e+00 0.000000000000000000e+00 0.000000000000000000e+00 0.000000000000000000e+00 0.000000000000000000e+00 0.000000000000000000e+00 0.000000000000000000e+00 0.000000000000000000e+00 0.000000000000000000e+00
0.000000000000000000e+00 0.000000000000000000e+00 0.000000000000000000e+00 0.000000000000000000e+00 0.000000000000000000e+00 0.000000000000000000e+00 0.000000000000000000e+00 0.000000000000000000e+00 0.000000000000000000e+00 0.000000000000000000e+00 0.000000000000000000e+00 0.000000000000000000e+00 0.000000000000000000e+00 0.000000000000000000e+00 0.000000000000000000e+00
0.000000000000000000e+00 0.000000000000000000e+00 0.000000000000000000e+00 0.000000000000000000e+00 0.000000000000000000e+00 0.000000000000000000e+00 0.000000000000000000e+00 0.000000000000000000e+00 0.000000000000000000e+00 0.000000000000000000e+00 0.000000000000000000e+00 0.000000000000000000e+00 0.000000000000000000e+00 0.000000000000000000e+00 0.000000000000000000e+00
0.000000000000000000e+00 0.000000000000000000e+00 0.000000000000000000e+00 0.000000000000000000e+00 0.000000000000000000e+00 0.000000000000000000e+00 0.000000000000000000e+00 0.000000000000000000e+00 0.000000000000000000e+00 0.000000000000000000e+00 0.000000000000000000e+00 0.000000000000000000e+00 0.000000000000000000e+00 0.000000000000000000e+00 0.000000000000000000e+00
0.000000000000000000e+00 0.000000000000000000e+00 0.000000000000000000e+00 0.000000000000000000e+00 0.000000000000000000e+00 0.000000000000000000e+00 0.000000000000000000e+00 0.000000000000000000e+00 0.000000000000000000e+00 0.000000000000000000e+00 0.000000000000000000e+00 0.000000000000000000e+00 0.000000000000000000e+00 0.000000000000000000e+00 0.000000000000000000e+00
0.000000000000000000e+00 0.000000000000000000e+00 0.000000000000000000e+00 0.000000000000000000e+00 0.000000000000000000e+00 0.000000000000000000e+00 0.000000000000000000e+00 0.000000000000000000e+00 0.000000000000000000e+00 0.000000000000000000e+00 0.000000000000000000e+00 0.000000000000000000e+00 0.000000000000000000e+00 0.000000000000000000e+00 0.000000000000000000e+00
0.000000000000000000e+00 0.000000000000000000e+00 0.000000000000000000e+00 0.000000000000000000e+00 0.000000000000000000e+00 0.000000000000000000e+00 0.000000000000000000e+00 0.000000000000000000e+00 0.000000000000000000e+00 0.000000000000000000e+00 0.000000000000000000e+00 0.000000000000000000e+00 0.000000000000000000e+00 0.000000000000000000e+00 0.000000000000000000e+00
0.000000000000000000e+00 0.000000000000000000e+00 0.000000000000000000e+00 0.000000000000000000e+00 0.000000000000000000e+00 0.000000000000000000e+00 0.000000000000000000e+00 0.000000000000000000e+00 0.000000000000000000e+00 0.000000000000000000e+00 0.000000000000000000e+00 0.000000000000000000e+00 0.000000000000000000e+00 0.000000000000000000e+00 0.000000000000000000e+00
0.000000000000000000e+00 0.000000000000000000e+00 0.000000000000000000e+00 0.000000000000000000e+00 0.000000000000000000e+00 0.000000000000000000e+00 0.000000000000000000e+00 0.000000000000000000e+00 0.000000000000000000e+00 0.000000000000000000e+00 0.000000000000000000e+00 0.000000000000000000e+00 0.000000000000000000e+00 0.000000000000000000e+00 0.000000000000000000e+00
0.000000000000000000e+00 0.000000000000000000e+00 0.000000000000000000e+00 0.000000000000000000e+00 0.000000000000000000e+00 0.000000000000000000e+00 0.000000000000000000e+00 0.000000000000000000e+00 0.000000000000000000e+00 0.000000000000000000e+00 0.000000000000000000e+00 0.000000000000000000e+00 0.000000000000000000e+00 0.000000000000000000e+00 0.000000000000000000e+00
0.000000000000000000e+00 0.000000000000000000e+00 0.000000000000000000e+00 0.000000000000000000e+00 0.000000000000000000e+00 0.000000000000000000e+00 0.000000000000000000e+00 0.000000000000000000e+00 0.000000000000000000e+00 0.000000000000000000e+00 0.000000000000000000e+00 0.000000000000000000e+00 0.000000000000000000e+00 0.000000000000000000e+00 0.000000000000000000e+00
0.000000000000000000e+00 0.000000000000000000e+00 0.000000000000000000e+00 0.000000000000000000e+00 0.000000000000000000e+00 0.000000000000000000e+00 0.000000000000000000e+00 0.000000000000000000e+00 0.000000000000000000e+00 0.000000000000000000e+00 0.000000000000000000e+00 0.000000000000000000e+00 0.000000000000000000e+00 0.000000000000000000e+00 0.000000000000000000e+00
0.000000000000000000e+00 0.000000000000000000e+00 0.000000000000000000e+00 0.000000000000000000e+00 0.000000000000000000e+00 0.000000000000000000e+00 0.000000000000000000e+00 0.000000000000000000e+00 0.000000000000000000e+00 0.000000000000000000e+00 0.000000000000000000e+00 0.000000000000000000e+00 0.000000000000000000e+00 0.000000000000000000e+00 0.000000000000000000e+00
0.000000000000000000e+00 0.000000000000000000e+00 0.000000000000000000e+00 0.000000000000000000e+00 0.000000000000000000e+00 0.000000000000000000e+00 0.000000000000000000e+00 0.000000000000000000e+00 0.000000000000000000e+00 0.000000000000000000e+00 0.000000000000000000e+00 0.000000000000000000e+00 0.000000000000000000e+00 0.000000000000000000e+00 0.000000000000000000e+00
0.000000000000000000e+00 0.000000000000000000e+00 0.000000000000000000e+00 0.000000000000000000e+00 0.000000000000000000e+00 0.000000000000000000e+00 0.000000000000000000e+00 0.000000000000000000e+00 0.000000000000000000e+00 0.000000000000000000e+00 0.000000000000000000e+00 0.000000000000000000e+00 0.000000000000000000e+00 0.000000000000000000e+00 0.000000000000000000e+00
0.000000000000000000e+00 0.000000000000000000e+00 0.000000000000000000e+00 0.000000000000000000e+00 0.000000000000000000e+00 0.000000000000000000e+00 0.000000000000000000e+00 0.000000000000000000e+00 0.000000000000000000e+00 0.000000000000000000e+00 0.000000000000000000e+00 0.000000000000000000e+00 0.000000000000000000e+00 0.000000000000000000e+00 0.000000000000000000e+00
0.000000000000000000e+00 0.000000000000000000e+00 0.000000000000000000e+00 0.000000000000000000e+00 0.000000000000000000e+00 0.000000000000000000e+00 0.000000000000000000e+00 0.000000000000000000e+00 0.000000000000000000e+00 0.000000000000000000e+00 0.000000000000000000e+00 0.000000000000000000e+00 0.000000000000000000e+00 0.000000000000000000e+00 0.000000000000000000e+00
0.000000000000000000e+00 0.000000000000000000e+00 0.000000000000000000e+00 0.000000000000000000e+00 0.000000000000000000e+00 0.000000000000000000e+00 0.000000000000000000e+00 0.000000000000000000e+00 0.000000000000000000e+00 0.000000000000000000e+00 0.000000000000000000e+00 0.000000000000000000e+00 0.000000000000000000e+00 0.000000000000000000e+00 0.000000000000000000e+00
0.000000000000000000e+00 0.000000000000000000e+00 0.000000000000000000e+00 0.000000000000000000e+00 0.000000000000000000e+00 0.000000000000000000e+00 0.000000000000000000e+00 0.000000000000000000e+00 0.000000000000000000e+00 0.000000000000000000e+00 0.000000000000000000e+00 0.000000000000000000e+00 0.000000000000000000e+00 0.000000000000000000e+00 0.000000000000000000e+00
0.000000000000000000e+00 0.000000000000000000e+00 0.000000000000000000e+00 0.000000000000000000e+00 0.000000000000000000e+00 0.000000000000000000e+00 0.000000000000000000e+00 0.000000000000000000e+00 0.000000000000000000e+00 0.000000000000000000e+00 0.000000000000000000e+00 0.000000000000000000e+00 0.000000000000000000e+00 0.000000000000000000e+00 0.000000000000000000e+00
0.000000000000000000e+00 0.000000000000000000e+00 0.000000000000000000e+00 0.000000000000000000e+00 0.000000000000000000e+00 0.000000000000000000e+00 0.000000000000000000e+00 0.000000000000000000e+00 0.000000000000000000e+00 0.000000000000000000e+00 0.000000000000000000e+00 0.000000000000000000e+00 0.000000000000000000e+00 0.000000000000000000e+00 0.000000000000000000e+00
0.000000000000000000e+00 0.000000000000000000e+00 0.000000000000000000e+00 0.000000000000000000e+00 0.000000000000000000e+00 0.000000000000000000e+00 0.000000000000000000e+00 0.000000000000000000e+00 0.000000000000000000e+00 0.000000000000000000e+00 0.000000000000000000e+00 0.000000000000000000e+00 0.000000000000000000e+00 0.000000000000000000e+00 0.000000000000000000e+00
0.000000000000000000e+00 0.000000000000000000e+00 0.000000000000000000e+00 0.000000000000000000e+00 0.000000000000000000e+00 0.000000000000000000e+00 0.000000000000000000e+00 0.000000000000000000e+00 0.000000000000000000e+00 0.000000000000000000e+00 0.000000000000000000e+00 0.000000000000000000e+00 0.000000000000000000e+00 0.000000000000000000e+00 0.000000000000000000e+00
0.000000000000000000e+00 0.000000000000000000e+00 0.000000000000000000e+00 0.000000000000000000e+00 0.000000000000000000e+00 0.000000000000000000e+00 0.000000000000000000e+00 0.000000000000000000e+00 0.000000000000000000e+00 0.000000000000000000e+00 0.000000000000000000e+00 0.000000000000000000e+00 0.000000000000000000e+00 0.000000000000000000e+00 0.000000000000000000e+00
0.000000000000000000e+00 0.000000000000000000e+00 0.000000000000000000e+00 0.000000000000000000e+00 0.000000000000000000e+00 0.000000000000000000e+00 0.000000000000000000e+00 0.000000000000000000e+00 0.000000000000000000e+00 0.000000000000000000e+00 0.000000000000000000e+00 0.000000000000000000e+00 0.000000000000000000e+00 0.000000000000000000e+00 0.000000000000000000e+00
0.000000000000000000e+00 0.000000000000000000e+00 0.000000000000000000e+00 0.000000000000000000e+00 0.000000000000000000e+00 0.000000000000000000e+00 0.000000000000000000e+00 0.000000000000000000e+00 0.000000000000000000e+00 0.000000000000000000e+00 0.000000000000000000e+00 0.000000000000000000e+00 0.000000000000000000e+00 0.000000000000000000e+00 0.000000000000000000e+00
0.000000000000000000e+00 0.000000000000000000e+00 0.000000000000000000e+00 0.000000000000000000e+00 0.000000000000000000e+00 0.000000000000000000e+00 0.000000000000000000e+00 0.000000000000000000e+00 0.000000000000000000e+00 0.000000000000000000e+00 0.000000000000000000e+00 0.000000000000000000e+00 0.000000000000000000e+00 0.000000000000000000e+00 0.000000000000000000e+00
0.000000000000000000e+00 0.000000000000000000e+00 0.000000000000000000e+00 0.000000000000000000e+00 0.000000000000000000e+00 0.000000000000000000e+00 0.000000000000000000e+00 0.000000000000000000e+00 0.000000000000000000e+00 0.000000000000000000e+00 0.000000000000000000e+00 0.000000000000000000e+00 0.000000000000000000e+00 0.000000000000000000e+00 0.000000000000000000e+00
0.000000000000000000e+00 0.000000000000000000e+00 0.000000000000000000e+00 0.000000000000000000e+00 0.000000000000000000e+00 0.000000000000000000e+00 0.000000000000000000e+00 0.000000000000000000e+00 0.000000000000000000e+00 0.000000000000000000e+00 0.000000000000000000e+00 0.000000000000000000e+00 0.000000000000000000e+00 0.000000000000000000e+00 0.000000000000000000e+00
0.000000000000000000e+00 0.000000000000000000e+00 0.000000000000000000e+00 0.000000000000000000e+00 0.000000000000000000e+00 0.000000000000000000e+00 0.000000000000000000e+00 0.000000000000000000e+00 0.000000000000000000e+00 0.000000000000000000e+00 0.000000000000000000e+00 0.000000000000000000e+00 0.000000000000000000e+00 0.000000000000000000e+00 0.000000000000000000e+00
0.000000000000000000e+00 0.000000000000000000e+00 0.000000000000000000e+00 0.000000000000000000e+00 0.000000000000000000e+00 0.000000000000000000e+00 0.000000000000000000e+00 0.000000000000000000e+00 0.000000000000000000e+00 0.000000000000000000e+00 0.000000000000000000e+00 0.000000000000000000e+00 0.000000000000000000e+00 0.000000000000000000e+00 0.000000000000000000e+00
0.000000000000000000e+00 0.000000000000000000e+00 0.000000000000000000e+00 0.000000000000000000e+00 0.000000000000000000e+00 0.000000000000000000e+00 0.000000000000000000e+00 0.000000000000000000e+00 0.000000000000000000e+00 0.000000000000000000e+00 0.000000000000000000e+00 0.000000000000000000e+00 0.000000000000000000e+00 0.000000000000000000e+00 0.000000000000000000e+00
0.000000000000000000e+00 0.000000000000000000e+00 0.000000000000000000e+00 0.000000000000000000e+00 0.000000000000000000e+00 0.000000000000000000e+00 0.000000000000000000e+00 0.000000000000000000e+00 0.000000000000000000e+00 0.000000000000000000e+00 0.000000000000000000e+00 0.000000000000000000e+00 0.000000000000000000e+00 0.000000000000000000e+00 0.000000000000000000e+00
0.000000000000000000e+00 0.000000000000000000e+00 0.000000000000000000e+00 0.000000000000000000e+00 0.000000000000000000e+00 0.000000000000000000e+00 0.000000000000000000e+00 0.000000000000000000e+00 0.000000000000000000e+00 0.000000000000000000e+00 0.000000000000000000e+00 0.000000000000000000e+00 0.000000000000000000e+00 0.000000000000000000e+00 0.000000000000000000e+00
0.000000000000000000e+00 0.000000000000000000e+00 0.000000000000000000e+00 0.000000000000000000e+00 0.000000000000000000e+00 0.000000000000000000e+00 0.000000000000000000e+00 0.000000000000000000e+00 0.000000000000000000e+00 0.000000000000000000e+00 0.000000000000000000e+00 0.000000000000000000e+00 0.000000000000000000e+00 0.000000000000000000e+00 0.000000000000000000e+00
0.000000000000000000e+00 0.000000000000000000e+00 0.000000000000000000e+00 0.000000000000000000e+00 0.000000000000000000e+00 0.000000000000000000e+00 0.000000000000000000e+00 0.000000000000000000e+00 0.000000000000000000e+00 0.000000000000000000e+00 0.000000000000000000e+00 0.000000000000000000e+00 0.000000000000000000e+00 0.000000000000000000e+00 0.000000000000000000e+00
0.000000000000000000e+00 0.000000000000000000e+00 0.000000000000000000e+00 0.000000000000000000e+00 0.000000000000000000e+00 0.000000000000000000e+00 0.000000000000000000e+00 0.000000000000000000e+00 0.000000000000000000e+00 0.000000000000000000e+00 0.000000000000000000e+00 0.000000000000000000e+00 0.000000000000000000e+00 0.000000000000000000e+00 0.000000000000000000e+00
0.000000000000000000e+00 0.000000000000000000e+00 0.000000000000000000e+00 0.000000000000000000e+00 0.000000000000000000e+00 0.000000000000000000e+00 0.000000000000000000e+00 0.000000000000000000e+00 0.000000000000000000e+00 0.000000000000000000e+00 0.000000000000000000e+00 0.000000000000000000e+00 0.000000000000000000e+00 0.000000000000000000e+00 0.000000000000000000e+00
0.000000000000000000e+00 0.000000000000000000e+00 0.000000000000000000e+00 0.000000000000000000e+00 0.000000000000000000e+00 0.000000000000000000e+00 0.000000000000000000e+00 0.000000000000000000e+00 0.000000000000000000e+00 0.000000000000000000e+00 0.000000000000000000e+00 0.000000000000000000e+00 0.000000000000000000e+00 0.000000000000000000e+00 0.000000000000000000e+00
0.000000000000000000e+00 0.000000000000000000e+00 0.000000000000000000e+00 0.000000000000000000e+00 0.000000000000000000e+00 0.000000000000000000e+00 0.000000000000000000e+00 0.000000000000000000e+00 0.000000000000000000e+00 0.000000000000000000e+00 0.000000000000000000e+00 0.000000000000000000e+00 0.000000000000000000e+00 0.000000000000000000e+00 0.000000000000000000e+00
0.000000000000000000e+00 0.000000000000000000e+00 0.000000000000000000e+00 0.000000000000000000e+00 0.000000000000000000e+00 0.000000000000000000e+00 0.000000000000000000e+00 0.000000000000000000e+00 0.000000000000000000e+00 0.000000000000000000e+00 0.000000000000000000e+00 0.000000000000000000e+00 0.000000000000000000e+00 0.000000000000000000e+00 0.000000000000000000e+00
0.000000000000000000e+00 0.000000000000000000e+00 0.000000000000000000e+00 0.000000000000000000e+00 0.000000000000000000e+00 0.000000000000000000e+00 0.000000000000000000e+00 0.000000000000000000e+00 0.000000000000000000e+00 0.000000000000000000e+00 0.000000000000000000e+00 0.000000000000000000e+00 0.000000000000000000e+00 0.000000000000000000e+00 0.000000000000000000e+00
0.000000000000000000e+00 0.000000000000000000e+00 0.000000000000000000e+00 0.000000000000000000e+00 0.000000000000000000e+00 0.000000000000000000e+00 0.000000000000000000e+00 0.000000000000000000e+00 0.000000000000000000e+00 0.000000000000000000e+00 0.000000000000000000e+00 0.000000000000000000e+00 0.000000000000000000e+00 0.000000000000000000e+00 0.000000000000000000e+00
0.000000000000000000e+00 0.000000000000000000e+00 0.000000000000000000e+00 0.000000000000000000e+00 0.000000000000000000e+00 0.000000000000000000e+00 0.000000000000000000e+00 0.000000000000000000e+00 0.000000000000000000e+00 0.000000000000000000e+00 0.000000000000000000e+00 0.000000000000000000e+00 0.000000000000000000e+00 0.000000000000000000e+00 0.000000000000000000e+00
0.000000000000000000e+00 0.000000000000000000e+00 0.000000000000000000e+00 0.000000000000000000e+00 0.000000000000000000e+00 0.000000000000000000e+00 0.000000000000000000e+00 0.000000000000000000e+00 0.000000000000000000e+00 0.000000000000000000e+00 0.000000000000000000e+00 0.000000000000000000e+00 0.000000000000000000e+00 0.000000000000000000e+00 0.000000000000000000e+00
0.000000000000000000e+00 0.000000000000000000e+00 0.000000000000000000e+00 0.000000000000000000e+00 0.000000000000000000e+00 0.000000000000000000e+00 0.000000000000000000e+00 0.000000000000000000e+00 0.000000000000000000e+00 0.000000000000000000e+00 0.000000000000000000e+00 0.000000000000000000e+00 0.000000000000000000e+00 0.000000000000000000e+00 0.000000000000000000e+00
0.000000000000000000e+00 0.000000000000000000e+00 0.000000000000000000e+00 0.000000000000000000e+00 0.000000000000000000e+00 0.000000000000000000e+00 0.000000000000000000e+00 0.000000000000000000e+00 0.000000000000000000e+00 0.000000000000000000e+00 0.000000000000000000e+00 0.000000000000000000e+00 0.000000000000000000e+00 0.000000000000000000e+00 0.000000000000000000e+00
0.000000000000000000e+00 0.000000000000000000e+00 0.000000000000000000e+00 0.000000000000000000e+00 0.000000000000000000e+00 0.000000000000000000e+00 0.000000000000000000e+00 0.000000000000000000e+00 0.000000000000000000e+00 0.000000000000000000e+00 0.000000000000000000e+00 0.000000000000000000e+00 0.000000000000000000e+00 0.000000000000000000e+00 0.000000000000000000e+00
0.000000000000000000e+00 0.000000000000000000e+00 0.000000000000000000e+00 0.000000000000000000e+00 0.000000000000000000e+00 0.000000000000000000e+00 0.000000000000000000e+00 0.000000000000000000e+00 0.000000000000000000e+00 0.000000000000000000e+00 0.000000000000000000e+00 0.000000000000000000e+00 0.000000000000000000e+00 0.000000000000000000e+00 0.000000000000000000e+00
0.000000000000000000e+00 0.000000000000000000e+00 0.000000000000000000e+00 0.000000000000000000e+00 0.000000000000000000e+00 0.000000000000000000e+00 0.000000000000000000e+00 0.000000000000000000e+00 0.000000000000000000e+00 0.000000000000000000e+00 0.000000000000000000e+00 0.000000000000000000e+00 0.000000000000000000e+00 0.000000000000000000e+00 0.000000000000000000e+00
0.000000000000000000e+00 0.000000000000000000e+00 0.000000000000000000e+00 0.000000000000000000e+00 0.000000000000000000e+00 0.000000000000000000e+00 0.000000000000000000e+00 0.000000000000000000e+00 0.000000000000000000e+00 0.000000000000000000e+00 0.000000000000000000e+00 0.000000000000000000e+00 0.000000000000000000e+00 0.000000000000000000e+00 0.000000000000000000e+00
0.000000000000000000e+00 0.000000000000000000e+00 0.000000000000000000e+00 0.000000000000000000e+00 0.000000000000000000e+00 0.000000000000000000e+00 0.000000000000000000e+00 0.000000000000000000e+00 0.000000000000000000e+00 0.000000000000000000e+00 0.000000000000000000e+00 0.000000000000000000e+00 0.000000000000000000e+00 0.000000000000000000e+00 0.000000000000000000e+00
0.000000000000000000e+00 0.000000000000000000e+00 0.000000000000000000e+00 0.000000000000000000e+00 0.000000000000000000e+00 0.000000000000000000e+00 0.000000000000000000e+00 0.000000000000000000e+00 0.000000000000000000e+00 0.000000000000000000e+00 0.000000000000000000e+00 0.000000000000000000e+00 0.000000000000000000e+00 0.000000000000000000e+00 0.000000000000000000e+00
0.000000000000000000e+00 0.000000000000000000e+00 0.000000000000000000e+00 0.000000000000000000e+00 0.000000000000000000e+00 0.000000000000000000e+00 0.000000000000000000e+00 0.000000000000000000e+00 0.000000000000000000e+00 0.000000000000000000e+00 0.000000000000000000e+00 0.000000000000000000e+00 0.000000000000000000e+00 0.000000000000000000e+00 0.000000000000000000e+00
0.000000000000000000e+00 0.000000000000000000e+00 0.000000000000000000e+00 0.000000000000000000e+00 0.000000000000000000e+00 0.000000000000000000e+00 0.000000000000000000e+00 0.000000000000000000e+00 0.000000000000000000e+00 0.000000000000000000e+00 0.000000000000000000e+00 0.000000000000000000e+00 0.000000000000000000e+00 0.000000000000000000e+00 0.000000000000000000e+00
0.000000000000000000e+00 0.000000000000000000e+00 0.000000000000000000e+00 0.000000000000000000e+00 0.000000000000000000e+00 0.000000000000000000e+00 0.000000000000000000e+00 0.000000000000000000e+00 0.000000000000000000e+00 0.000000000000000000e+00 0.000000000000000000e+00 0.000000000000000000e+00 0.000000000000000000e+00 0.000000000000000000e+00 0.000000000000000000e+00
0.000000000000000000e+00 0.000000000000000000e+00 0.000000000000000000e+00 0.000000000000000000e+00 0.000000000000000000e+00 0.000000000000000000e+00 0.000000000000000000e+00 0.000000000000000000e+00 0.000000000000000000e+00 0.000000000000000000e+00 0.000000000000000000e+00 0.000000000000000000e+00 0.000000000000000000e+00 0.000000000000000000e+00 0.000000000000000000e+00
0.000000000000000000e+00 0.000000000000000000e+00 0.000000000000000000e+00 0.000000000000000000e+00 0.000000000000000000e+00 0.000000000000000000e+00 0.000000000000000000e+00 0.000000000000000000e+00 0.000000000000000000e+00 0.000000000000000000e+00 0.000000000000000000e+00 0.000000000000000000e+00 0.000000000000000000e+00 0.000000000000000000e+00 0.000000000000000000e+00
0.000000000000000000e+00 0.000000000000000000e+00 0.000000000000000000e+00 0.000000000000000000e+00 0.000000000000000000e+00 0.000000000000000000e+00 0.000000000000000000e+00 0.000000000000000000e+00 0.000000000000000000e+00 0.000000000000000000e+00 0.000000000000000000e+00 0.000000000000000000e+00 0.000000000000000000e+00 0.000000000000000000e+00 0.000000000000000000e+00
0.000000000000000000e+00 0.000000000000000000e+00 0.000000000000000000e+00 0.000000000000000000e+00 0.000000000000000000e+00 0.000000000000000000e+00 0.000000000000000000e+00 0.000000000000000000e+00 0.000000000000000000e+00 0.000000000000000000e+00 0.000000000000000000e+00 0.000000000000000000e+00 0.000000000000000000e+00 0.000000000000000000e+00 0.000000000000000000e+00
0.000000000000000000e+00 0.000000000000000000e+00 0.000000000000000000e+00 0.000000000000000000e+00 0.000000000000000000e+00 0.000000000000000000e+00 0.000000000000000000e+00 0.000000000000000000e+00 0.000000000000000000e+00 0.000000000000000000e+00 0.000000000000000000e+00 0.000000000000000000e+00 0.000000000000000000e+00 0.000000000000000000e+00 0.000000000000000000e+00
0.000000000000000000e+00 0.000000000000000000e+00 0.000000000000000000e+00 0.000000000000000000e+00 0.000000000000000000e+00 0.000000000000000000e+00 0.000000000000000000e+00 0.000000000000000000e+00 0.000000000000000000e+00 0.000000000000000000e+00 0.000000000000000000e+00 0.000000000000000000e+00 0.000000000000000000e+00 0.000000000000000000e+00 0.000000000000000000e+00
0.000000000000000000e+00 0.000000000000000000e+00 0.000000000000000000e+00 0.000000000000000000e+00 0.000000000000000000e+00 0.000000000000000000e+00 0.000000000000000000e+00 0.000000000000000000e+00 0.000000000000000000e+00 0.000000000000000000e+00 0.000000000000000000e+00 0.000000000000000000e+00 0.000000000000000000e+00 0.000000000000000000e+00 0.000000000000000000e+00
0.000000000000000000e+00 0.000000000000000000e+00 0.000000000000000000e+00 0.000000000000000000e+00 0.000000000000000000e+00 0.000000000000000000e+00 0.000000000000000000e+00 0.000000000000000000e+00 0.000000000000000000e+00 0.000000000000000000e+00 0.000000000000000000e+00 0.000000000000000000e+00 0.000000000000000000e+00 0.000000000000000000e+00 0.000000000000000000e+00
0.000000000000000000e+00 0.000000000000000000e+00 0.000000000000000000e+00 0.000000000000000000e+00 0.000000000000000000e+00 0.000000000000000000e+00 0.000000000000000000e+00 0.000000000000000000e+00 0.000000000000000000e+00 0.000000000000000000e+00 0.000000000000000000e+00 0.000000000000000000e+00 0.000000000000000000e+00 0.000000000000000000e+00 0.000000000000000000e+00
0.000000000000000000e+00 0.000000000000000000e+00 0.000000000000000000e+00 0.000000000000000000e+00 0.000000000000000000e+00 0.000000000000000000e+00 0.000000000000000000e+00 0.000000000000000000e+00 0.000000000000000000e+00 0.000000000000000000e+00 0.000000000000000000e+00 0.000000000000000000e+00 0.000000000000000000e+00 0.000000000000000000e+00 0.000000000000000000e+00
0.000000000000000000e+00 0.000000000000000000e+00 0.000000000000000000e+00 0.000000000000000000e+00 0.000000000000000000e+00 0.000000000000000000e+00 0.000000000000000000e+00 0.000000000000000000e+00 0.000000000000000000e+00 0.000000000000000000e+00 0.000000000000000000e+00 0.000000000000000000e+00 0.000000000000000000e+00 0.000000000000000000e+00 0.000000000000000000e+00
0.000000000000000000e+00 0.000000000000000000e+00 0.000000000000000000e+00 0.000000000000000000e+00 0.000000000000000000e+00 0.000000000000000000e+00 0.000000000000000000e+00 0.000000000000000000e+00 0.000000000000000000e+00 0.000000000000000000e+00 0.000000000000000000e+00 0.000000000000000000e+00 0.000000000000000000e+00 0.000000000000000000e+00 0.000000000000000000e+00
0.000000000000000000e+00 0.000000000000000000e+00 0.000000000000000000e+00 0.000000000000000000e+00 0.000000000000000000e+00 0.000000000000000000e+00 0.000000000000000000e+00 0.000000000000000000e+00 0.000000000000000000e+00 0.000000000000000000e+00 0.000000000000000000e+00 0.000000000000000000e+00 0.000000000000000000e+00 0.000000000000000000e+00 0.000000000000000000e+00
0.000000000000000000e+00 0.000000000000000000e+00 0.000000000000000000e+00 0.000000000000000000e+00 0.000000000000000000e+00 0.000000000000000000e+00 0.000000000000000000e+00 0.000000000000000000e+00 0.000000000000000000e+00 0.000000000000000000e+00 0.000000000000000000e+00 0.000000000000000000e+00 0.000000000000000000e+00 0.000000000000000000e+00 0.000000000000000000e+00
0.000000000000000000e+00 0.000000000000000000e+00 0.000000000000000000e+00 0.000000000000000000e+00 0.000000000000000000e+00 0.000000000000000000e+00 0.000000000000000000e+00 0.000000000000000000e+00 0.000000000000000000e+00 0.000000000000000000e+00 0.000000000000000000e+00 0.000000000000000000e+00 0.000000000000000000e+00 0.000000000000000000e+00 0.000000000000000000e+00
0.000000000000000000e+00 0.000000000000000000e+00 0.000000000000000000e+00 0.000000000000000000e+00 0.000000000000000000e+00 0.000000000000000000e+00 0.000000000000000000e+00 0.000000000000000000e+00 0.000000000000000000e+00 0.000000000000000000e+00 0.000000000000000000e+00 0.000000000000000000e+00 0.000000000000000000e+00 0.000000000000000000e+00 0.000000000000000000e+00
0.000000000000000000e+00 0.000000000000000000e+00 0.000000000000000000e+00 0.000000000000000000e+00 0.000000000000000000e+00 0.000000000000000000e+00 0.000000000000000000e+00 0.000000000000000000e+00 0.000000000000000000e+00 0.000000000000000000e+00 0.000000000000000000e+00 0.000000000000000000e+00 0.000000000000000000e+00 0.000000000000000000e+00 0.000000000000000000e+00
0.000000000000000000e+00 0.000000000000000000e+00 0.000000000000000000e+00 0.000000000000000000e+00 0.000000000000000000e+00 0.000000000000000000e+00 0.000000000000000000e+00 0.000000000000000000e+00 0.000000000000000000e+00 0.000000000000000000e+00 0.000000000000000000e+00 0.000000000000000000e+00 0.000000000000000000e+00 0.000000000000000000e+00 0.000000000000000000e+00
0.000000000000000000e+00 0.000000000000000000e+00 0.000000000000000000e+00 0.000000000000000000e+00 0.000000000000000000e+00 0.000000000000000000e+00 0.000000000000000000e+00 0.000000000000000000e+00 0.000000000000000000e+00 0.000000000000000000e+00 0.000000000000000000e+00 0.000000000000000000e+00 0.000000000000000000e+00 0.000000000000000000e+00 0.000000000000000000e+00
0.000000000000000000e+00 0.000000000000000000e+00 0.000000000000000000e+00 0.000000000000000000e+00 0.000000000000000000e+00 0.000000000000000000e+00 0.000000000000000000e+00 0.000000000000000000e+00 0.000000000000000000e+00 0.000000000000000000e+00 0.000000000000000000e+00 0.000000000000000000e+00 0.000000000000000000e+00 0.000000000000000000e+00 0.000000000000000000e+00
0.000000000000000000e+00 0.000000000000000000e+00 0.000000000000000000e+00 0.000000000000000000e+00 0.000000000000000000e+00 0.000000000000000000e+00 0.000000000000000000e+00 0.000000000000000000e+00 0.000000000000000000e+00 0.000000000000000000e+00 0.000000000000000000e+00 0.000000000000000000e+00 0.000000000000000000e+00 0.000000000000000000e+00 0.000000000000000000e+00
0.000000000000000000e+00 0.000000000000000000e+00 0.000000000000000000e+00 0.000000000000000000e+00 0.000000000000000000e+00 0.000000000000000000e+00 0.000000000000000000e+00 0.000000000000000000e+00 0.000000000000000000e+00 0.000000000000000000e+00 0.000000000000000000e+00 0.000000000000000000e+00 0.000000000000000000e+00 0.000000000000000000e+00 0.000000000000000000e+00
0.000000000000000000e+00 0.000000000000000000e+00 0.000000000000000000e+00 0.000000000000000000e+00 0.000000000000000000e+00 0.000000000000000000e+00 0.000000000000000000e+00 0.000000000000000000e+00 0.000000000000000000e+00 0.000000000000000000e+00 0.000000000000000000e+00 0.000000000000000000e+00 0.000000000000000000e+00 0.000000000000000000e+00 0.000000000000000000e+00
0.000000000000000000e+00 0.000000000000000000e+00 0.000000000000000000e+00 0.000000000000000000e+00 0.000000000000000000e+00 0.000000000000000000e+00 0.000000000000000000e+00 0.000000000000000000e+00 0.000000000000000000e+00 0.000000000000000000e+00 0.000000000000000000e+00 0.000000000000000000e+00 0.000000000000000000e+00 0.000000000000000000e+00 0.000000000000000000e+00
0.000000000000000000e+00 0.000000000000000000e+00 0.000000000000000000e+00 0.000000000000000000e+00 0.000000000000000000e+00 0.000000000000000000e+00 0.000000000000000000e+00 0.000000000000000000e+00 0.000000000000000000e+00 0.000000000000000000e+00 0.000000000000000000e+00 0.000000000000000000e+00 0.000000000000000000e+00 0.000000000000000000e+00 0.000000000000000000e+00
0.000000000000000000e+00 0.000000000000000000e+00 0.000000000000000000e+00 0.000000000000000000e+00 0.000000000000000000e+00 0.000000000000000000e+00 0.000000000000000000e+00 0.000000000000000000e+00 0.000000000000000000e+00 0.000000000000000000e+00 0.000000000000000000e+00 0.000000000000000000e+00 0.000000000000000000e+00 0.000000000000000000e+00 0.000000000000000000e+00
0.000000000000000000e+00 0.000000000000000000e+00 0.000000000000000000e+00 0.000000000000000000e+00 0.000000000000000000e+00 0.000000000000000000e+00 0.000000000000000000e+00 0.000000000000000000e+00 0.000000000000000000e+00 0.000000000000000000e+00 0.000000000000000000e+00 0.000000000000000000e+00 0.000000000000000000e+00 0.000000000000000000e+00 0.000000000000000000e+00
0.000000000000000000e+00 0.000000000000000000e+00 0.000000000000000000e+00 0.000000000000000000e+00 0.000000000000000000e+00 0.000000000000000000e+00 0.000000000000000000e+00 0.000000000000000000e+00 0.000000000000000000e+00 0.000000000000000000e+00 0.000000000000000000e+00 0.000000000000000000e+00 0.000000000000000000e+00 0.000000000000000000e+00 0.000000000000000000e+00
0.000000000000000000e+00 0.000000000000000000e+00 0.000000000000000000e+00 0.000000000000000000e+00 0.000000000000000000e+00 0.000000000000000000e+00 0.000000000000000000e+00 0.000000000000000000e+00 0.000000000000000000e+00 0.000000000000000000e+00 0.000000000000000000e+00 0.000000000000000000e+00 0.000000000000000000e+00 0.000000000000000000e+00 0.000000000000000000e+00
0.000000000000000000e+00 0.000000000000000000e+00 0.000000000000000000e+00 0.000000000000000000e+00 0.000000000000000000e+00 0.000000000000000000e+00 0.000000000000000000e+00 0.000000000000000000e+00 0.000000000000000000e+00 0.000000000000000000e+00 0.000000000000000000e+00 0.000000000000000000e+00 0.000000000000000000e+00 0.000000000000000000e+00 0.000000000000000000e+00
0.000000000000000000e+00 0.000000000000000000e+00 0.000000000000000000e+00 0.000000000000000000e+00 0.000000000000000000e+00 0.000000000000000000e+00 0.000000000000000000e+00 0.000000000000000000e+00 0.000000000000000000e+00 0.000000000000000000e+00 0.000000000000000000e+00 0.000000000000000000e+00 0.000000000000000000e+00 0.000000000000000000e+00 0.000000000000000000e+00
0.000000000000000000e+00 0.000000000000000000e+00 0.000000000000000000e+00 0.000000000000000000e+00 0.000000000000000000e+00 0.000000000000000000e+00 0.000000000000000000e+00 0.000000000000000000e+00 0.000000000000000000e+00 0.000000000000000000e+00 0.000000000000000000e+00 0.000000000000000000e+00 0.000000000000000000e+00 0.000000000000000000e+00 0.000000000000000000e+00
0.000000000000000000e+00 0.000000000000000000e+00 0.000000000000000000e+00 0.000000000000000000e+00 0.000000000000000000e+00 0.000000000000000000e+00 0.000000000000000000e+00 0.000000000000000000e+00 0.000000000000000000e+00 0.000000000000000000e+00 0.000000000000000000e+00 0.000000000000000000e+00 0.000000000000000000e+00 0.000000000000000000e+00 0.000000000000000000e+00
0.000000000000000000e+00 0.000000000000000000e+00 0.000000000000000000e+00 0.000000000000000000e+00 0.000000000000000000e+00 0.000000000000000000e+00 0.000000000000000000e+00 0.000000000000000000e+00 0.000000000000000000e+00 0.000000000000000000e+00 0.000000000000000000e+00 0.000000000000000000e+00 0.000000000000000000e+00 0.000000000000000000e+00 0.000000000000000000e+00
0.000000000000000000e+00 0.000000000000000000e+00 0.000000000000000000e+00 0.000000000000000000e+00 0.000000000000000000e+00 0.000000000000000000e+00 0.000000000000000000e+00 0.000000000000000000e+00 0.000000000000000000e+00 0.000000000000000000e+00 0.000000000000000000e+00 0.000000000000000000e+00 0.000000000000000000e+00 0.000000000000000000e+00 0.000000000000000000e+00
0.000000000000000000e+00 0.000000000000000000e+00 0.000000000000000000e+00 0.000000000000000000e+00 0.000000000000000000e+00 0.000000000000000000e+00 0.000000000000000000e+00 0.000000000000000000e+00 0.000000000000000000e+00 0.000000000000000000e+00 0.000000000000000000e+00 0.000000000000000000e+00 0.000000000000000000e+00 0.000000000000000000e+00 0.000000000000000000e+00
0.000000000000000000e+00 0.000000000000000000e+00 0.000000000000000000e+00 0.000000000000000000e+00 0.000000000000000000e+00 0.000000000000000000e+00 0.000000000000000000e+00 0.000000000000000000e+00 0.000000000000000000e+00 0.000000000000000000e+00 0.000000000000000000e+00 0.000000000000000000e+00 0.000000000000000000e+00 0.000000000000000000e+00 0.000000000000000000e+00
0.000000000000000000e+00 0.000000000000000000e+00 0.000000000000000000e+00 0.000000000000000000e+00 0.000000000000000000e+00 0.000000000000000000e+00 0.000000000000000000e+00 0.000000000000000000e+00 0.000000000000000000e+00 0.000000000000000000e+00 0.000000000000000000e+00 0.000000000000000000e+00 0.000000000000000000e+00 0.000000000000000000e+00 0.000000000000000000e+00
0.000000000000000000e+00 0.000000000000000000e+00 0.000000000000000000e+00 0.000000000000000000e+00 0.000000000000000000e+00 0.000000000000000000e+00 0.000000000000000000e+00 0.000000000000000000e+00 0.000000000000000000e+00 0.000000000000000000e+00 0.000000000000000000e+00 0.000000000000000000e+00 0.000000000000000000e+00 0.000000000000000000e+00 0.000000000000000000e+00
0.000000000000000000e+00 0.000000000000000000e+00 0.000000000000000000e+00 0.000000000000000000e+00 0.000000000000000000e+00 0.000000000000000000e+00 0.000000000000000000e+00 0.000000000000000000e+00 0.000000000000000000e+00 0.000000000000000000e+00 0.000000000000000000e+00 0.000000000000000000e+00 0.000000000000000000e+00 0.000000000000000000e+00 0.000000000000000000e+00
0.000000000000000000e+00 0.000000000000000000e+00 0.000000000000000000e+00 0.000000000000000000e+00 0.000000000000000000e+00 0.000000000000000000e+00 0.000000000000000000e+00 0.000000000000000000e+00 0.000000000000000000e+00 0.000000000000000000e+00 0.000000000000000000e+00 0.000000000000000000e+00 0.000000000000000000e+00 0.000000000000000000e+00 0.000000000000000000e+00
0.000000000000000000e+00 0.000000000000000000e+00 0.000000000000000000e+00 0.000000000000000000e+00 0.000000000000000000e+00 0.000000000000000000e+00 0.000000000000000000e+00 0.000000000000000000e+00 0.000000000000000000e+00 0.000000000000000000e+00 0.000000000000000000e+00 0.000000000000000000e+00 0.000000000000000000e+00 0.000000000000000000e+00 0.000000000000000000e+00
0.000000000000000000e+00 0.000000000000000000e+00 0.000000000000000000e+00 0.000000000000000000e+00 0.000000000000000000e+00 0.000000000000000000e+00 0.000000000000000000e+00 0.000000000000000000e+00 0.000000000000000000e+00 0.000000000000000000e+00 0.000000000000000000e+00 0.000000000000000000e+00 0.000000000000000000e+00 0.000000000000000000e+00 0.000000000000000000e+00
0.000000000000000000e+00 0.000000000000000000e+00 0.000000000000000000e+00 0.000000000000000000e+00 0.000000000000000000e+00 0.000000000000000000e+00 0.000000000000000000e+00 0.000000000000000000e+00 0.000000000000000000e+00 0.000000000000000000e+00 0.000000000000000000e+00 0.000000000000000000e+00 0.000000000000000000e+00 0.000000000000000000e+00 0.000000000000000000e+00
0.000000000000000000e+00 0.000000000000000000e+00 0.000000000000000000e+00 0.000000000000000000e+00 0.000000000000000000e+00 0.000000000000000000e+00 0.000000000000000000e+00 0.000000000000000000e+00 0.000000000000000000e+00 0.000000000000000000e+00 0.000000000000000000e+00 0.000000000000000000e+00 0.000000000000000000e+00 0.000000000000000000e+00 0.000000000000000000e+00
0.000000000000000000e+00 0.000000000000000000e+00 0.000000000000000000e+00 0.000000000000000000e+00 0.000000000000000000e+00 0.000000000000000000e+00 0.000000000000000000e+00 0.000000000000000000e+00 0.000000000000000000e+00 0.000000000000000000e+00 0.000000000000000000e+00 0.000000000000000000e+00 0.000000000000000000e+00 0.000000000000000000e+00 0.000000000000000000e+00
0.000000000000000000e+00 0.000000000000000000e+00 0.000000000000000000e+00 0.000000000000000000e+00 0.000000000000000000e+00 0.000000000000000000e+00 0.000000000000000000e+00 0.000000000000000000e+00 0.000000000000000000e+00 0.000000000000000000e+00 0.000000000000000000e+00 0.000000000000000000e+00 0.000000000000000000e+00 0.000000000000000000e+00 0.000000000000000000e+00
0.000000000000000000e+00 0.000000000000000000e+00 0.000000000000000000e+00 0.000000000000000000e+00 0.000000000000000000e+00 0.000000000000000000e+00 0.000000000000000000e+00 0.000000000000000000e+00 0.000000000000000000e+00 0.000000000000000000e+00 0.000000000000000000e+00 0.000000000000000000e+00 0.000000000000000000e+00 0.000000000000000000e+00 0.000000000000000000e+00
0.000000000000000000e+00 0.000000000000000000e+00 0.000000000000000000e+00 0.000000000000000000e+00 0.000000000000000000e+00 0.000000000000000000e+00 0.000000000000000000e+00 0.000000000000000000e+00 0.000000000000000000e+00 0.000000000000000000e+00 0.000000000000000000e+00 0.000000000000000000e+00 0.000000000000000000e+00 0.000000000000000000e+00 0.000000000000000000e+00
0.000000000000000000e+00 0.000000000000000000e+00 0.000000000000000000e+00 0.000000000000000000e+00 0.000000000000000000e+00 0.000000000000000000e+00 0.000000000000000000e+00 0.000000000000000000e+00 0.000000000000000000e+00 0.000000000000000000e+00 0.000000000000000000e+00 0.000000000000000000e+00 0.000000000000000000e+00 0.000000000000000000e+00 0.000000000000000000e+00
0.000000000000000000e+00 0.000000000000000000e+00 0.000000000000000000e+00 0.000000000000000000e+00 0.000000000000000000e+00 0.000000000000000000e+00 0.000000000000000000e+00 0.000000000000000000e+00 0.000000000000000000e+00 0.000000000000000000e+00 0.000000000000000000e+00 0.000000000000000000e+00 0.000000000000000000e+00 0.000000000000000000e+00 0.000000000000000000e+00
0.000000000000000000e+00 0.000000000000000000e+00 0.000000000000000000e+00 0.000000000000000000e+00 0.000000000000000000e+00 0.000000000000000000e+00 0.000000000000000000e+00 0.000000000000000000e+00 0.000000000000000000e+00 0.000000000000000000e+00 0.000000000000000000e+00 0.000000000000000000e+00 0.000000000000000000e+00 0.000000000000000000e+00 0.000000000000000000e+00
0.000000000000000000e+00 0.000000000000000000e+00 0.000000000000000000e+00 0.000000000000000000e+00 0.000000000000000000e+00 0.000000000000000000e+00 0.000000000000000000e+00 0.000000000000000000e+00 0.000000000000000000e+00 0.000000000000000000e+00 0.000000000000000000e+00 0.000000000000000000e+00 0.000000000000000000e+00 0.000000000000000000e+00 0.000000000000000000e+00
0.000000000000000000e+00 0.000000000000000000e+00 0.000000000000000000e+00 0.000000000000000000e+00 0.000000000000000000e+00 0.000000000000000000e+00 0.000000000000000000e+00 0.000000000000000000e+00 0.000000000000000000e+00 0.000000000000000000e+00 0.000000000000000000e+00 0.000000000000000000e+00 0.000000000000000000e+00 0.000000000000000000e+00 0.000000000000000000e+00
0.000000000000000000e+00 0.000000000000000000e+00 0.000000000000000000e+00 0.000000000000000000e+00 0.000000000000000000e+00 0.000000000000000000e+00 0.000000000000000000e+00 0.000000000000000000e+00 0.000000000000000000e+00 0.000000000000000000e+00 0.000000000000000000e+00 0.000000000000000000e+00 0.000000000000000000e+00 0.000000000000000000e+00 0.000000000000000000e+00
0.000000000000000000e+00 0.000000000000000000e+00 0.000000000000000000e+00 0.000000000000000000e+00 0.000000000000000000e+00 0.000000000000000000e+00 0.000000000000000000e+00 0.000000000000000000e+00 0.000000000000000000e+00 0.000000000000000000e+00 0.000000000000000000e+00 0.000000000000000000e+00 0.000000000000000000e+00 0.000000000000000000e+00 0.000000000000000000e+00
0.000000000000000000e+00 0.000000000000000000e+00 0.000000000000000000e+00 0.000000000000000000e+00 0.000000000000000000e+00 0.000000000000000000e+00 0.000000000000000000e+00 0.000000000000000000e+00 0.000000000000000000e+00 0.000000000000000000e+00 0.000000000000000000e+00 0.000000000000000000e+00 0.000000000000000000e+00 0.000000000000000000e+00 0.000000000000000000e+00
0.000000000000000000e+00 0.000000000000000000e+00 0.000000000000000000e+00 0.000000000000000000e+00 0.000000000000000000e+00 0.000000000000000000e+00 0.000000000000000000e+00 0.000000000000000000e+00 0.000000000000000000e+00 0.000000000000000000e+00 0.000000000000000000e+00 0.000000000000000000e+00 0.000000000000000000e+00 0.000000000000000000e+00 0.000000000000000000e+00
0.000000000000000000e+00 0.000000000000000000e+00 0.000000000000000000e+00 0.000000000000000000e+00 0.000000000000000000e+00 0.000000000000000000e+00 0.000000000000000000e+00 0.000000000000000000e+00 0.000000000000000000e+00 0.000000000000000000e+00 0.000000000000000000e+00 0.000000000000000000e+00 0.000000000000000000e+00 0.000000000000000000e+00 0.000000000000000000e+00
0.000000000000000000e+00 0.000000000000000000e+00 0.000000000000000000e+00 0.000000000000000000e+00 0.000000000000000000e+00 0.000000000000000000e+00 0.000000000000000000e+00 0.000000000000000000e+00 0.000000000000000000e+00 0.000000000000000000e+00 0.000000000000000000e+00 0.000000000000000000e+00 0.000000000000000000e+00 0.000000000000000000e+00 0.000000000000000000e+00
0.000000000000000000e+00 0.000000000000000000e+00 0.000000000000000000e+00 0.000000000000000000e+00 0.000000000000000000e+00 0.000000000000000000e+00 0.000000000000000000e+00 0.000000000000000000e+00 0.000000000000000000e+00 0.000000000000000000e+00 0.000000000000000000e+00 0.000000000000000000e+00 0.000000000000000000e+00 0.000000000000000000e+00 0.000000000000000000e+00
0.000000000000000000e+00 0.000000000000000000e+00 0.000000000000000000e+00 0.000000000000000000e+00 0.000000000000000000e+00 0.000000000000000000e+00 0.000000000000000000e+00 0.000000000000000000e+00 0.000000000000000000e+00 0.000000000000000000e+00 0.000000000000000000e+00 0.000000000000000000e+00 0.000000000000000000e+00 0.000000000000000000e+00 0.000000000000000000e+00
0.000000000000000000e+00 0.000000000000000000e+00 0.000000000000000000e+00 0.000000000000000000e+00 0.000000000000000000e+00 0.000000000000000000e+00 0.000000000000000000e+00 0.000000000000000000e+00 0.000000000000000000e+00 0.000000000000000000e+00 0.000000000000000000e+00 0.000000000000000000e+00 0.000000000000000000e+00 0.000000000000000000e+00 0.000000000000000000e+00
0.000000000000000000e+00 0.000000000000000000e+00 0.000000000000000000e+00 0.000000000000000000e+00 0.000000000000000000e+00 0.000000000000000000e+00 0.000000000000000000e+00 0.000000000000000000e+00 0.000000000000000000e+00 0.000000000000000000e+00 0.000000000000000000e+00 0.000000000000000000e+00 0.000000000000000000e+00 0.000000000000000000e+00 0.000000000000000000e+00
0.000000000000000000e+00 0.000000000000000000e+00 0.000000000000000000e+00 0.000000000000000000e+00 0.000000000000000000e+00 0.000000000000000000e+00 0.000000000000000000e+00 0.000000000000000000e+00 0.000000000000000000e+00 0.000000000000000000e+00 0.000000000000000000e+00 0.000000000000000000e+00 0.000000000000000000e+00 0.000000000000000000e+00 0.000000000000000000e+00
0.000000000000000000e+00 0.000000000000000000e+00 0.000000000000000000e+00 0.000000000000000000e+00 0.000000000000000000e+00 0.000000000000000000e+00 0.000000000000000000e+00 0.000000000000000000e+00 0.000000000000000000e+00 0.000000000000000000e+00 0.000000000000000000e+00 0.000000000000000000e+00 0.000000000000000000e+00 0.000000000000000000e+00 0.000000000000000000e+00
0.000000000000000000e+00 0.000000000000000000e+00 0.000000000000000000e+00 0.000000000000000000e+00 0.000000000000000000e+00 0.000000000000000000e+00 0.000000000000000000e+00 0.000000000000000000e+00 0.000000000000000000e+00 0.000000000000000000e+00 0.000000000000000000e+00 0.000000000000000000e+00 0.000000000000000000e+00 0.000000000000000000e+00 0.000000000000000000e+00
0.000000000000000000e+00 0.000000000000000000e+00 0.000000000000000000e+00 0.000000000000000000e+00 0.000000000000000000e+00 0.000000000000000000e+00 0.000000000000000000e+00 0.000000000000000000e+00 0.000000000000000000e+00 0.000000000000000000e+00 0.000000000000000000e+00 0.000000000000000000e+00 0.000000000000000000e+00 0.000000000000000000e+00 0.000000000000000000e+00
0.000000000000000000e+00 0.000000000000000000e+00 0.000000000000000000e+00 0.000000000000000000e+00 0.000000000000000000e+00 0.000000000000000000e+00 0.000000000000000000e+00 0.000000000000000000e+00 0.000000000000000000e+00 0.000000000000000000e+00 0.000000000000000000e+00 0.000000000000000000e+00 0.000000000000000000e+00 0.000000000000000000e+00 0.000000000000000000e+00
0.000000000000000000e+00 0.000000000000000000e+00 0.000000000000000000e+00 0.000000000000000000e+00 0.000000000000000000e+00 0.000000000000000000e+00 0.000000000000000000e+00 0.000000000000000000e+00 0.000000000000000000e+00 0.000000000000000000e+00 0.000000000000000000e+00 0.000000000000000000e+00 0.000000000000000000e+00 0.000000000000000000e+00 0.000000000000000000e+00
0.000000000000000000e+00 0.000000000000000000e+00 0.000000000000000000e+00 0.000000000000000000e+00 0.000000000000000000e+00 0.000000000000000000e+00 0.000000000000000000e+00 0.000000000000000000e+00 0.000000000000000000e+00 0.000000000000000000e+00 0.000000000000000000e+00 0.000000000000000000e+00 0.000000000000000000e+00 0.000000000000000000e+00 0.000000000000000000e+00
0.000000000000000000e+00 0.000000000000000000e+00 0.000000000000000000e+00 0.000000000000000000e+00 0.000000000000000000e+00 0.000000000000000000e+00 0.000000000000000000e+00 0.000000000000000000e+00 0.000000000000000000e+00 0.000000000000000000e+00 0.000000000000000000e+00 0.000000000000000000e+00 0.000000000000000000e+00 0.000000000000000000e+00 0.000000000000000000e+00
0.000000000000000000e+00 0.000000000000000000e+00 0.000000000000000000e+00 0.000000000000000000e+00 0.000000000000000000e+00 0.000000000000000000e+00 0.000000000000000000e+00 0.000000000000000000e+00 0.000000000000000000e+00 0.000000000000000000e+00 0.000000000000000000e+00 0.000000000000000000e+00 0.000000000000000000e+00 0.000000000000000000e+00 0.000000000000000000e+00
0.000000000000000000e+00 0.000000000000000000e+00 0.000000000000000000e+00 0.000000000000000000e+00 0.000000000000000000e+00 0.000000000000000000e+00 0.000000000000000000e+00 0.000000000000000000e+00 0.000000000000000000e+00 0.000000000000000000e+00 0.000000000000000000e+00 0.000000000000000000e+00 0.000000000000000000e+00 0.000000000000000000e+00 0.000000000000000000e+00
0.000000000000000000e+00 0.000000000000000000e+00 0.000000000000000000e+00 0.000000000000000000e+00 0.000000000000000000e+00 0.000000000000000000e+00 0.000000000000000000e+00 0.000000000000000000e+00 0.000000000000000000e+00 0.000000000000000000e+00 0.000000000000000000e+00 0.000000000000000000e+00 0.000000000000000000e+00 0.000000000000000000e+00 0.000000000000000000e+00
0.000000000000000000e+00 0.000000000000000000e+00 0.000000000000000000e+00 0.000000000000000000e+00 0.000000000000000000e+00 0.000000000000000000e+00 0.000000000000000000e+00 0.000000000000000000e+00 0.000000000000000000e+00 0.000000000000000000e+00 0.000000000000000000e+00 0.000000000000000000e+00 0.000000000000000000e+00 0.000000000000000000e+00 0.000000000000000000e+00
0.000000000000000000e+00 0.000000000000000000e+00 0.000000000000000000e+00 0.000000000000000000e+00 0.000000000000000000e+00 0.000000000000000000e+00 0.000000000000000000e+00 0.000000000000000000e+00 0.000000000000000000e+00 0.000000000000000000e+00 0.000000000000000000e+00 0.000000000000000000e+00 0.000000000000000000e+00 0.000000000000000000e+00 0.000000000000000000e+00
0.000000000000000000e+00 0.000000000000000000e+00 0.000000000000000000e+00 0.000000000000000000e+00 0.000000000000000000e+00 0.000000000000000000e+00 0.000000000000000000e+00 0.000000000000000000e+00 0.000000000000000000e+00 0.000000000000000000e+00 0.000000000000000000e+00 0.000000000000000000e+00 0.000000000000000000e+00 0.000000000000000000e+00 0.000000000000000000e+00
0.000000000000000000e+00 0.000000000000000000e+00 0.000000000000000000e+00 0.000000000000000000e+00 0.000000000000000000e+00 0.000000000000000000e+00 0.000000000000000000e+00 0.000000000000000000e+00 0.000000000000000000e+00 0.000000000000000000e+00 0.000000000000000000e+00 0.000000000000000000e+00 0.000000000000000000e+00 0.000000000000000000e+00 0.000000000000000000e+00
0.000000000000000000e+00 0.000000000000000000e+00 0.000000000000000000e+00 0.000000000000000000e+00 0.000000000000000000e+00 0.000000000000000000e+00 0.000000000000000000e+00 0.000000000000000000e+00 0.000000000000000000e+00 0.000000000000000000e+00 0.000000000000000000e+00 0.000000000000000000e+00 0.000000000000000000e+00 0.000000000000000000e+00 0.000000000000000000e+00
0.000000000000000000e+00 0.000000000000000000e+00 0.000000000000000000e+00 0.000000000000000000e+00 0.000000000000000000e+00 0.000000000000000000e+00 0.000000000000000000e+00 0.000000000000000000e+00 0.000000000000000000e+00 0.000000000000000000e+00 0.000000000000000000e+00 0.000000000000000000e+00 0.000000000000000000e+00 0.000000000000000000e+00 0.000000000000000000e+00
0.000000000000000000e+00 0.000000000000000000e+00 0.000000000000000000e+00 0.000000000000000000e+00 0.000000000000000000e+00 0.000000000000000000e+00 0.000000000000000000e+00 0.000000000000000000e+00 0.000000000000000000e+00 0.000000000000000000e+00 0.000000000000000000e+00 0.000000000000000000e+00 0.000000000000000000e+00 0.000000000000000000e+00 0.000000000000000000e+00
0.000000000000000000e+00 0.000000000000000000e+00 0.000000000000000000e+00 0.000000000000000000e+00 0.000000000000000000e+00 0.000000000000000000e+00 0.000000000000000000e+00 0.000000000000000000e+00 0.000000000000000000e+00 0.000000000000000000e+00 0.000000000000000000e+00 0.000000000000000000e+00 0.000000000000000000e+00 0.000000000000000000e+00 0.000000000000000000e+00
0.000000000000000000e+00 0.000000000000000000e+00 0.000000000000000000e+00 0.000000000000000000e+00 0.000000000000000000e+00 0.000000000000000000e+00 0.000000000000000000e+00 0.000000000000000000e+00 0.000000000000000000e+00 0.000000000000000000e+00 0.000000000000000000e+00 0.000000000000000000e+00 0.000000000000000000e+00 0.000000000000000000e+00 0.000000000000000000e+00
0.000000000000000000e+00 0.000000000000000000e+00 0.000000000000000000e+00 0.000000000000000000e+00 0.000000000000000000e+00 0.000000000000000000e+00 0.000000000000000000e+00 0.000000000000000000e+00 0.000000000000000000e+00 0.000000000000000000e+00 0.000000000000000000e+00 0.000000000000000000e+00 0.000000000000000000e+00 0.000000000000000000e+00 0.000000000000000000e+00
0.000000000000000000e+00 0.000000000000000000e+00 0.000000000000000000e+00 0.000000000000000000e+00 0.000000000000000000e+00 0.000000000000000000e+00 0.000000000000000000e+00 0.000000000000000000e+00 0.000000000000000000e+00 0.000000000000000000e+00 0.000000000000000000e+00 0.000000000000000000e+00 0.000000000000000000e+00 0.000000000000000000e+00 0.000000000000000000e+00
0.000000000000000000e+00 0.000000000000000000e+00 0.000000000000000000e+00 0.000000000000000000e+00 0.000000000000000000e+00 0.000000000000000000e+00 0.000000000000000000e+00 0.000000000000000000e+00 0.000000000000000000e+00 0.000000000000000000e+00 0.000000000000000000e+00 0.000000000000000000e+00 0.000000000000000000e+00 0.000000000000000000e+00 0.000000000000000000e+00
0.000000000000000000e+00 0.000000000000000000e+00 0.000000000000000000e+00 0.000000000000000000e+00 0.000000000000000000e+00 0.000000000000000000e+00 0.000000000000000000e+00 0.000000000000000000e+00 0.000000000000000000e+00 0.000000000000000000e+00 0.000000000000000000e+00 0.000000000000000000e+00 0.000000000000000000e+00 0.000000000000000000e+00 0.000000000000000000e+00
0.000000000000000000e+00 0.000000000000000000e+00 0.000000000000000000e+00 0.000000000000000000e+00 0.000000000000000000e+00 0.000000000000000000e+00 0.000000000000000000e+00 0.000000000000000000e+00 0.000000000000000000e+00 0.000000000000000000e+00 0.000000000000000000e+00 0.000000000000000000e+00 0.000000000000000000e+00 0.000000000000000000e+00 0.000000000000000000e+00
0.000000000000000000e+00 0.000000000000000000e+00 0.000000000000000000e+00 0.000000000000000000e+00 0.000000000000000000e+00 0.000000000000000000e+00 0.000000000000000000e+00 0.000000000000000000e+00 0.000000000000000000e+00 0.000000000000000000e+00 0.000000000000000000e+00 0.000000000000000000e+00 0.000000000000000000e+00 0.000000000000000000e+00 0.000000000000000000e+00
0.000000000000000000e+00 0.000000000000000000e+00 0.000000000000000000e+00 0.000000000000000000e+00 0.000000000000000000e+00 0.000000000000000000e+00 0.000000000000000000e+00 0.000000000000000000e+00 0.000000000000000000e+00 0.000000000000000000e+00 0.000000000000000000e+00 0.000000000000000000e+00 0.000000000000000000e+00 0.000000000000000000e+00 0.000000000000000000e+00
0.000000000000000000e+00 0.000000000000000000e+00 0.000000000000000000e+00 0.000000000000000000e+00 0.000000000000000000e+00 0.000000000000000000e+00 0.000000000000000000e+00 0.000000000000000000e+00 0.000000000000000000e+00 0.000000000000000000e+00 0.000000000000000000e+00 0.000000000000000000e+00 0.000000000000000000e+00 0.000000000000000000e+00 0.000000000000000000e+00
0.000000000000000000e+00 0.000000000000000000e+00 0.000000000000000000e+00 0.000000000000000000e+00 0.000000000000000000e+00 0.000000000000000000e+00 0.000000000000000000e+00 0.000000000000000000e+00 0.000000000000000000e+00 0.000000000000000000e+00 0.000000000000000000e+00 0.000000000000000000e+00 0.000000000000000000e+00 0.000000000000000000e+00 0.000000000000000000e+00
0.000000000000000000e+00 0.000000000000000000e+00 0.000000000000000000e+00 0.000000000000000000e+00 0.000000000000000000e+00 0.000000000000000000e+00 0.000000000000000000e+00 0.000000000000000000e+00 0.000000000000000000e+00 0.000000000000000000e+00 0.000000000000000000e+00 0.000000000000000000e+00 0.000000000000000000e+00 0.000000000000000000e+00 0.000000000000000000e+00
0.000000000000000000e+00 0.000000000000000000e+00 0.000000000000000000e+00 0.000000000000000000e+00 0.000000000000000000e+00 0.000000000000000000e+00 0.000000000000000000e+00 0.000000000000000000e+00 0.000000000000000000e+00 0.000000000000000000e+00 0.000000000000000000e+00 0.000000000000000000e+00 0.000000000000000000e+00 0.000000000000000000e+00 0.000000000000000000e+00
0.000000000000000000e+00 0.000000000000000000e+00 0.000000000000000000e+00 0.000000000000000000e+00 0.000000000000000000e+00 0.000000000000000000e+00 0.000000000000000000e+00 0.000000000000000000e+00 0.000000000000000000e+00 0.000000000000000000e+00 0.000000000000000000e+00 0.000000000000000000e+00 0.000000000000000000e+00 0.000000000000000000e+00 0.000000000000000000e+00
0.000000000000000000e+00 0.000000000000000000e+00 0.000000000000000000e+00 0.000000000000000000e+00 0.000000000000000000e+00 0.000000000000000000e+00 0.000000000000000000e+00 0.000000000000000000e+00 0.000000000000000000e+00 0.000000000000000000e+00 0.000000000000000000e+00 0.000000000000000000e+00 0.000000000000000000e+00 0.000000000000000000e+00 0.000000000000000000e+00
0.000000000000000000e+00 0.000000000000000000e+00 0.000000000000000000e+00 0.000000000000000000e+00 0.000000000000000000e+00 0.000000000000000000e+00 0.000000000000000000e+00 0.000000000000000000e+00 0.000000000000000000e+00 0.000000000000000000e+00 0.000000000000000000e+00 0.000000000000000000e+00 0.000000000000000000e+00 0.000000000000000000e+00 0.000000000000000000e+00
0.000000000000000000e+00 0.000000000000000000e+00 0.000000000000000000e+00 0.000000000000000000e+00 0.000000000000000000e+00 0.000000000000000000e+00 0.000000000000000000e+00 0.000000000000000000e+00 0.000000000000000000e+00 0.000000000000000000e+00 0.000000000000000000e+00 0.000000000000000000e+00 0.000000000000000000e+00 0.000000000000000000e+00 0.000000000000000000e+00
0.000000000000000000e+00 0.000000000000000000e+00 0.000000000000000000e+00 0.000000000000000000e+00 0.000000000000000000e+00 0.000000000000000000e+00 0.000000000000000000e+00 0.000000000000000000e+00 0.000000000000000000e+00 0.000000000000000000e+00 0.000000000000000000e+00 0.000000000000000000e+00 0.000000000000000000e+00 0.000000000000000000e+00 0.000000000000000000e+00
0.000000000000000000e+00 0.000000000000000000e+00 0.000000000000000000e+00 0.000000000000000000e+00 0.000000000000000000e+00 0.000000000000000000e+00 0.000000000000000000e+00 0.000000000000000000e+00 0.000000000000000000e+00 0.000000000000000000e+00 0.000000000000000000e+00 0.000000000000000000e+00 0.000000000000000000e+00 0.000000000000000000e+00 0.000000000000000000e+00
0.000000000000000000e+00 0.000000000000000000e+00 0.000000000000000000e+00 0.000000000000000000e+00 0.000000000000000000e+00 0.000000000000000000e+00 0.000000000000000000e+00 0.000000000000000000e+00 0.000000000000000000e+00 0.000000000000000000e+00 0.000000000000000000e+00 0.000000000000000000e+00 0.000000000000000000e+00 0.000000000000000000e+00 0.000000000000000000e+00
0.000000000000000000e+00 0.000000000000000000e+00 0.000000000000000000e+00 0.000000000000000000e+00 0.000000000000000000e+00 0.000000000000000000e+00 0.000000000000000000e+00 0.000000000000000000e+00 0.000000000000000000e+00 0.000000000000000000e+00 0.000000000000000000e+00 0.000000000000000000e+00 0.000000000000000000e+00 0.000000000000000000e+00 0.000000000000000000e+00
0.000000000000000000e+00 0.000000000000000000e+00 0.000000000000000000e+00 0.000000000000000000e+00 0.000000000000000000e+00 0.000000000000000000e+00 0.000000000000000000e+00 0.000000000000000000e+00 0.000000000000000000e+00 0.000000000000000000e+00 0.000000000000000000e+00 0.000000000000000000e+00 0.000000000000000000e+00 0.000000000000000000e+00 0.000000000000000000e+00
0.000000000000000000e+00 0.000000000000000000e+00 0.000000000000000000e+00 0.000000000000000000e+00 0.000000000000000000e+00 0.000000000000000000e+00 0.000000000000000000e+00 0.000000000000000000e+00 0.000000000000000000e+00 0.000000000000000000e+00 0.000000000000000000e+00 0.000000000000000000e+00 0.000000000000000000e+00 0.000000000000000000e+00 0.000000000000000000e+00
0.000000000000000000e+00 0.000000000000000000e+00 0.000000000000000000e+00 0.000000000000000000e+00 0.000000000000000000e+00 0.000000000000000000e+00 0.000000000000000000e+00 0.000000000000000000e+00 0.000000000000000000e+00 0.000000000000000000e+00 0.000000000000000000e+00 0.000000000000000000e+00 0.000000000000000000e+00 0.000000000000000000e+00 0.000000000000000000e+00
0.000000000000000000e+00 0.000000000000000000e+00 0.000000000000000000e+00 0.000000000000000000e+00 0.000000000000000000e+00 0.000000000000000000e+00 0.000000000000000000e+00 0.000000000000000000e+00 0.000000000000000000e+00 0.000000000000000000e+00 0.000000000000000000e+00 0.000000000000000000e+00 0.000000000000000000e+00 0.000000000000000000e+00 0.000000000000000000e+00
0.000000000000000000e+00 0.000000000000000000e+00 0.000000000000000000e+00 0.000000000000000000e+00 0.000000000000000000e+00 0.000000000000000000e+00 0.000000000000000000e+00 0.000000000000000000e+00 0.000000000000000000e+00 0.000000000000000000e+00 0.000000000000000000e+00 0.000000000000000000e+00 0.000000000000000000e+00 0.000000000000000000e+00 0.000000000000000000e+00
0.000000000000000000e+00 0.000000000000000000e+00 0.000000000000000000e+00 0.000000000000000000e+00 0.000000000000000000e+00 0.000000000000000000e+00 0.000000000000000000e+00 0.000000000000000000e+00 0.000000000000000000e+00 0.000000000000000000e+00 0.000000000000000000e+00 0.000000000000000000e+00 0.000000000000000000e+00 0.000000000000000000e+00 0.000000000000000000e+00
0.000000000000000000e+00 0.000000000000000000e+00 0.000000000000000000e+00 0.000000000000000000e+00 0.000000000000000000e+00 0.000000000000000000e+00 0.000000000000000000e+00 0.000000000000000000e+00 0.000000000000000000e+00 0.000000000000000000e+00 0.000000000000000000e+00 0.000000000000000000e+00 0.000000000000000000e+00 0.000000000000000000e+00 0.000000000000000000e+00
0.000000000000000000e+00 0.000000000000000000e+00 0.000000000000000000e+00 0.000000000000000000e+00 0.000000000000000000e+00 0.000000000000000000e+00 0.000000000000000000e+00 0.000000000000000000e+00 0.000000000000000000e+00 0.000000000000000000e+00 0.000000000000000000e+00 0.000000000000000000e+00 0.000000000000000000e+00 0.000000000000000000e+00 0.000000000000000000e+00
0.000000000000000000e+00 0.000000000000000000e+00 0.000000000000000000e+00 0.000000000000000000e+00 0.000000000000000000e+00 0.000000000000000000e+00 0.000000000000000000e+00 0.000000000000000000e+00 0.000000000000000000e+00 0.000000000000000000e+00 0.000000000000000000e+00 0.000000000000000000e+00 0.000000000000000000e+00 0.000000000000000000e+00 0.000000000000000000e+00
0.000000000000000000e+00 0.000000000000000000e+00 0.000000000000000000e+00 0.000000000000000000e+00 0.000000000000000000e+00 0.000000000000000000e+00 0.000000000000000000e+00 0.000000000000000000e+00 0.000000000000000000e+00 0.000000000000000000e+00 0.000000000000000000e+00 0.000000000000000000e+00 0.000000000000000000e+00 0.000000000000000000e+00 0.000000000000000000e+00
0.000000000000000000e+00 0.000000000000000000e+00 0.000000000000000000e+00 0.000000000000000000e+00 0.000000000000000000e+00 0.000000000000000000e+00 0.000000000000000000e+00 0.000000000000000000e+00 0.000000000000000000e+00 0.000000000000000000e+00 0.000000000000000000e+00 0.000000000000000000e+00 0.000000000000000000e+00 0.000000000000000000e+00 0.000000000000000000e+00
0.000000000000000000e+00 0.000000000000000000e+00 0.000000000000000000e+00 0.000000000000000000e+00 0.000000000000000000e+00 0.000000000000000000e+00 0.000000000000000000e+00 0.000000000000000000e+00 0.000000000000000000e+00 0.000000000000000000e+00 0.000000000000000000e+00 0.000000000000000000e+00 0.000000000000000000e+00 0.000000000000000000e+00 0.000000000000000000e+00
0.000000000000000000e+00 0.000000000000000000e+00 0.000000000000000000e+00 0.000000000000000000e+00 0.000000000000000000e+00 0.000000000000000000e+00 0.000000000000000000e+00 0.000000000000000000e+00 0.000000000000000000e+00 0.000000000000000000e+00 0.000000000000000000e+00 0.000000000000000000e+00 0.000000000000000000e+00 0.000000000000000000e+00 0.000000000000000000e+00
0.000000000000000000e+00 0.000000000000000000e+00 0.000000000000000000e+00 0.000000000000000000e+00 0.000000000000000000e+00 0.000000000000000000e+00 0.000000000000000000e+00 0.000000000000000000e+00 0.000000000000000000e+00 0.000000000000000000e+00 0.000000000000000000e+00 0.000000000000000000e+00 0.000000000000000000e+00 0.000000000000000000e+00 0.000000000000000000e+00
0.000000000000000000e+00 0.000000000000000000e+00 0.000000000000000000e+00 0.000000000000000000e+00 0.000000000000000000e+00 0.000000000000000000e+00 0.000000000000000000e+00 0.000000000000000000e+00 0.000000000000000000e+00 0.000000000000000000e+00 0.000000000000000000e+00 0.000000000000000000e+00 0.000000000000000000e+00 0.000000000000000000e+00 0.000000000000000000e+00
0.000000000000000000e+00 0.000000000000000000e+00 0.000000000000000000e+00 0.000000000000000000e+00 0.000000000000000000e+00 0.000000000000000000e+00 0.000000000000000000e+00 0.000000000000000000e+00 0.000000000000000000e+00 0.000000000000000000e+00 0.000000000000000000e+00 0.000000000000000000e+00 0.000000000000000000e+00 0.000000000000000000e+00 0.000000000000000000e+00
0.000000000000000000e+00 0.000000000000000000e+00 0.000000000000000000e+00 0.000000000000000000e+00 0.000000000000000000e+00 0.000000000000000000e+00 0.000000000000000000e+00 0.000000000000000000e+00 0.000000000000000000e+00 0.000000000000000000e+00 0.000000000000000000e+00 0.000000000000000000e+00 0.000000000000000000e+00 0.000000000000000000e+00 0.000000000000000000e+00
0.000000000000000000e+00 0.000000000000000000e+00 0.000000000000000000e+00 0.000000000000000000e+00 0.000000000000000000e+00 0.000000000000000000e+00 0.000000000000000000e+00 0.000000000000000000e+00 0.000000000000000000e+00 0.000000000000000000e+00 0.000000000000000000e+00 0.000000000000000000e+00 0.000000000000000000e+00 0.000000000000000000e+00 0.000000000000000000e+00
0.000000000000000000e+00 0.000000000000000000e+00 0.000000000000000000e+00 0.000000000000000000e+00 0.000000000000000000e+00 0.000000000000000000e+00 0.000000000000000000e+00 0.000000000000000000e+00 0.000000000000000000e+00 0.000000000000000000e+00 0.000000000000000000e+00 0.000000000000000000e+00 0.000000000000000000e+00 0.000000000000000000e+00 0.000000000000000000e+00
0.000000000000000000e+00 0.000000000000000000e+00 0.000000000000000000e+00 0.000000000000000000e+00 0.000000000000000000e+00 0.000000000000000000e+00 0.000000000000000000e+00 0.000000000000000000e+00 0.000000000000000000e+00 0.000000000000000000e+00 0.000000000000000000e+00 0.000000000000000000e+00 0.000000000000000000e+00 0.000000000000000000e+00 0.000000000000000000e+00
0.000000000000000000e+00 0.000000000000000000e+00 0.000000000000000000e+00 0.000000000000000000e+00 0.000000000000000000e+00 0.000000000000000000e+00 0.000000000000000000e+00 0.000000000000000000e+00 0.000000000000000000e+00 0.000000000000000000e+00 0.000000000000000000e+00 0.000000000000000000e+00 0.000000000000000000e+00 0.000000000000000000e+00 0.000000000000000000e+00
0.000000000000000000e+00 0.000000000000000000e+00 0.000000000000000000e+00 0.000000000000000000e+00 0.000000000000000000e+00 0.000000000000000000e+00 0.000000000000000000e+00 0.000000000000000000e+00 0.000000000000000000e+00 0.000000000000000000e+00 0.000000000000000000e+00 0.000000000000000000e+00 0.000000000000000000e+00 0.000000000000000000e+00 0.000000000000000000e+00
0.000000000000000000e+00 0.000000000000000000e+00 0.000000000000000000e+00 0.000000000000000000e+00 0.000000000000000000e+00 0.000000000000000000e+00 0.000000000000000000e+00 0.000000000000000000e+00 0.000000000000000000e+00 0.000000000000000000e+00 0.000000000000000000e+00 0.000000000000000000e+00 0.000000000000000000e+00 0.000000000000000000e+00 0.000000000000000000e+00
0.000000000000000000e+00 0.000000000000000000e+00 0.000000000000000000e+00 0.000000000000000000e+00 0.000000000000000000e+00 0.000000000000000000e+00 0.000000000000000000e+00 0.000000000000000000e+00 0.000000000000000000e+00 0.000000000000000000e+00 0.000000000000000000e+00 0.000000000000000000e+00 0.000000000000000000e+00 0.000000000000000000e+00 0.000000000000000000e+00
0.000000000000000000e+00 0.000000000000000000e+00 0.000000000000000000e+00 0.000000000000000000e+00 0.000000000000000000e+00 0.000000000000000000e+00 0.000000000000000000e+00 0.000000000000000000e+00 0.000000000000000000e+00 0.000000000000000000e+00 0.000000000000000000e+00 0.000000000000000000e+00 0.000000000000000000e+00 0.000000000000000000e+00 0.000000000000000000e+00
0.000000000000000000e+00 0.000000000000000000e+00 0.000000000000000000e+00 0.000000000000000000e+00 0.000000000000000000e+00 0.000000000000000000e+00 0.000000000000000000e+00 0.000000000000000000e+00 0.000000000000000000e+00 0.000000000000000000e+00 0.000000000000000000e+00 0.000000000000000000e+00 0.000000000000000000e+00 0.000000000000000000e+00 0.000000000000000000e+00
0.000000000000000000e+00 0.000000000000000000e+00 0.000000000000000000e+00 0.000000000000000000e+00 0.000000000000000000e+00 0.000000000000000000e+00 0.000000000000000000e+00 0.000000000000000000e+00 0.000000000000000000e+00 0.000000000000000000e+00 0.000000000000000000e+00 0.000000000000000000e+00 0.000000000000000000e+00 0.000000000000000000e+00 0.000000000000000000e+00
0.000000000000000000e+00 0.000000000000000000e+00 0.000000000000000000e+00 0.000000000000000000e+00 0.000000000000000000e+00 0.000000000000000000e+00 0.000000000000000000e+00 0.000000000000000000e+00 0.000000000000000000e+00 0.000000000000000000e+00 0.000000000000000000e+00 0.000000000000000000e+00 0.000000000000000000e+00 0.000000000000000000e+00 0.000000000000000000e+00
0.000000000000000000e+00 0.000000000000000000e+00 0.000000000000000000e+00 0.000000000000000000e+00 0.000000000000000000e+00 0.000000000000000000e+00 0.000000000000000000e+00 0.000000000000000000e+00 0.000000000000000000e+00 0.000000000000000000e+00 0.000000000000000000e+00 0.000000000000000000e+00 0.000000000000000000e+00 0.000000000000000000e+00 0.000000000000000000e+00
0.000000000000000000e+00 0.000000000000000000e+00 0.000000000000000000e+00 0.000000000000000000e+00 0.000000000000000000e+00 0.000000000000000000e+00 0.000000000000000000e+00 0.000000000000000000e+00 0.000000000000000000e+00 0.000000000000000000e+00 0.000000000000000000e+00 0.000000000000000000e+00 0.000000000000000000e+00 0.000000000000000000e+00 0.000000000000000000e+00
0.000000000000000000e+00 0.000000000000000000e+00 0.000000000000000000e+00 0.000000000000000000e+00 0.000000000000000000e+00 0.000000000000000000e+00 0.000000000000000000e+00 0.000000000000000000e+00 0.000000000000000000e+00 0.000000000000000000e+00 0.000000000000000000e+00 0.000000000000000000e+00 0.000000000000000000e+00 0.000000000000000000e+00 0.000000000000000000e+00
0.000000000000000000e+00 0.000000000000000000e+00 0.000000000000000000e+00 0.000000000000000000e+00 0.000000000000000000e+00 0.000000000000000000e+00 0.000000000000000000e+00 0.000000000000000000e+00 0.000000000000000000e+00 0.000000000000000000e+00 0.000000000000000000e+00 0.000000000000000000e+00 0.000000000000000000e+00 0.000000000000000000e+00 0.000000000000000000e+00
0.000000000000000000e+00 0.000000000000000000e+00 0.000000000000000000e+00 0.000000000000000000e+00 0.000000000000000000e+00 0.000000000000000000e+00 0.000000000000000000e+00 0.000000000000000000e+00 0.000000000000000000e+00 0.000000000000000000e+00 0.000000000000000000e+00 0.000000000000000000e+00 0.000000000000000000e+00 0.000000000000000000e+00 0.000000000000000000e+00
0.000000000000000000e+00 0.000000000000000000e+00 0.000000000000000000e+00 0.000000000000000000e+00 0.000000000000000000e+00 0.000000000000000000e+00 0.000000000000000000e+00 0.000000000000000000e+00 0.000000000000000000e+00 0.000000000000000000e+00 0.000000000000000000e+00 0.000000000000000000e+00 0.000000000000000000e+00 0.000000000000000000e+00 0.000000000000000000e+00
0.000000000000000000e+00 0.000000000000000000e+00 0.000000000000000000e+00 0.000000000000000000e+00 0.000000000000000000e+00 0.000000000000000000e+00 0.000000000000000000e+00 0.000000000000000000e+00 0.000000000000000000e+00 0.000000000000000000e+00 0.000000000000000000e+00 0.000000000000000000e+00 0.000000000000000000e+00 0.000000000000000000e+00 0.000000000000000000e+00
0.000000000000000000e+00 0.000000000000000000e+00 0.000000000000000000e+00 0.000000000000000000e+00 0.000000000000000000e+00 0.000000000000000000e+00 0.000000000000000000e+00 0.000000000000000000e+00 0.000000000000000000e+00 0.000000000000000000e+00 0.000000000000000000e+00 0.000000000000000000e+00 0.000000000000000000e+00 0.000000000000000000e+00 0.000000000000000000e+00
0.000000000000000000e+00 0.000000000000000000e+00 0.000000000000000000e+00 0.000000000000000000e+00 0.000000000000000000e+00 0.000000000000000000e+00 0.000000000000000000e+00 0.000000000000000000e+00 0.000000000000000000e+00 0.000000000000000000e+00 0.000000000000000000e+00 0.000000000000000000e+00 0.000000000000000000e+00 0.000000000000000000e+00 0.000000000000000000e+00
0.000000000000000000e+00 0.000000000000000000e+00 0.000000000000000000e+00 0.000000000000000000e+00 0.000000000000000000e+00 0.000000000000000000e+00 0.000000000000000000e+00 0.000000000000000000e+00 0.000000000000000000e+00 0.000000000000000000e+00 0.000000000000000000e+00 0.000000000000000000e+00 0.000000000000000000e+00 0.000000000000000000e+00 0.000000000000000000e+00
0.000000000000000000e+00 0.000000000000000000e+00 0.000000000000000000e+00 0.000000000000000000e+00 0.000000000000000000e+00 0.000000000000000000e+00 0.000000000000000000e+00 0.000000000000000000e+00 0.000000000000000000e+00 0.000000000000000000e+00 0.000000000000000000e+00 0.000000000000000000e+00 0.000000000000000000e+00 0.000000000000000000e+00 0.000000000000000000e+00
0.000000000000000000e+00 0.000000000000000000e+00 0.000000000000000000e+00 0.000000000000000000e+00 0.000000000000000000e+00 0.000000000000000000e+00 0.000000000000000000e+00 0.000000000000000000e+00 0.000000000000000000e+00 0.000000000000000000e+00 0.000000000000000000e+00 0.000000000000000000e+00 0.000000000000000000e+00 0.000000000000000000e+00 0.000000000000000000e+00
0.000000000000000000e+00 0.000000000000000000e+00 0.000000000000000000e+00 0.000000000000000000e+00 0.000000000000000000e+00 0.000000000000000000e+00 0.000000000000000000e+00 0.000000000000000000e+00 0.000000000000000000e+00 0.000000000000000000e+00 0.000000000000000000e+00 0.000000000000000000e+00 0.000000000000000000e+00 0.000000000000000000e+00 0.000000000000000000e+00
0.000000000000000000e+00 0.000000000000000000e+00 0.000000000000000000e+00 0.000000000000000000e+00 0.000000000000000000e+00 0.000000000000000000e+00 0.000000000000000000e+00 0.000000000000000000e+00 0.000000000000000000e+00 0.000000000000000000e+00 0.000000000000000000e+00 0.000000000000000000e+00 0.000000000000000000e+00 0.000000000000000000e+00 0.000000000000000000e+00
0.000000000000000000e+00 0.000000000000000000e+00 0.000000000000000000e+00 0.000000000000000000e+00 0.000000000000000000e+00 0.000000000000000000e+00 0.000000000000000000e+00 0.000000000000000000e+00 0.000000000000000000e+00 0.000000000000000000e+00 0.000000000000000000e+00 0.000000000000000000e+00 0.000000000000000000e+00 0.000000000000000000e+00 0.000000000000000000e+00
0.000000000000000000e+00 0.000000000000000000e+00 0.000000000000000000e+00 0.000000000000000000e+00 0.000000000000000000e+00 0.000000000000000000e+00 0.000000000000000000e+00 0.000000000000000000e+00 0.000000000000000000e+00 0.000000000000000000e+00 0.000000000000000000e+00 0.000000000000000000e+00 0.000000000000000000e+00 0.000000000000000000e+00 0.000000000000000000e+00
0.000000000000000000e+00 0.000000000000000000e+00 0.000000000000000000e+00 0.000000000000000000e+00 0.000000000000000000e+00 0.000000000000000000e+00 0.000000000000000000e+00 0.000000000000000000e+00 0.000000000000000000e+00 0.000000000000000000e+00 0.000000000000000000e+00 0.000000000000000000e+00 0.000000000000000000e+00 0.000000000000000000e+00 0.000000000000000000e+00
0.000000000000000000e+00 0.000000000000000000e+00 0.000000000000000000e+00 0.000000000000000000e+00 0.000000000000000000e+00 0.000000000000000000e+00 0.000000000000000000e+00 0.000000000000000000e+00 0.000000000000000000e+00 0.000000000000000000e+00 0.000000000000000000e+00 0.000000000000000000e+00 0.000000000000000000e+00 0.000000000000000000e+00 0.000000000000000000e+00
0.000000000000000000e+00 0.000000000000000000e+00 0.000000000000000000e+00 0.000000000000000000e+00 0.000000000000000000e+00 0.000000000000000000e+00 0.000000000000000000e+00 0.000000000000000000e+00 0.000000000000000000e+00 0.000000000000000000e+00 0.000000000000000000e+00 0.000000000000000000e+00 0.000000000000000000e+00 0.000000000000000000e+00 0.000000000000000000e+00
0.000000000000000000e+00 0.000000000000000000e+00 0.000000000000000000e+00 0.000000000000000000e+00 0.000000000000000000e+00 0.000000000000000000e+00 0.000000000000000000e+00 0.000000000000000000e+00 0.000000000000000000e+00 0.000000000000000000e+00 0.000000000000000000e+00 0.000000000000000000e+00 0.000000000000000000e+00 0.000000000000000000e+00 0.000000000000000000e+00
0.000000000000000000e+00 0.000000000000000000e+00 0.000000000000000000e+00 0.000000000000000000e+00 0.000000000000000000e+00 0.000000000000000000e+00 0.000000000000000000e+00 0.000000000000000000e+00 0.000000000000000000e+00 0.000000000000000000e+00 0.000000000000000000e+00 0.000000000000000000e+00 0.000000000000000000e+00 0.000000000000000000e+00 0.000000000000000000e+00
0.000000000000000000e+00 0.000000000000000000e+00 0.000000000000000000e+00 0.000000000000000000e+00 0.000000000000000000e+00 0.000000000000000000e+00 0.000000000000000000e+00 0.000000000000000000e+00 0.000000000000000000e+00 0.000000000000000000e+00 0.000000000000000000e+00 0.000000000000000000e+00 0.000000000000000000e+00 0.000000000000000000e+00 0.000000000000000000e+00
0.000000000000000000e+00 0.000000000000000000e+00 0.000000000000000000e+00 0.000000000000000000e+00 0.000000000000000000e+00 0.000000000000000000e+00 0.000000000000000000e+00 0.000000000000000000e+00 0.000000000000000000e+00 0.000000000000000000e+00 0.000000000000000000e+00 0.000000000000000000e+00 0.000000000000000000e+00 0.000000000000000000e+00 0.000000000000000000e+00
0.000000000000000000e+00 0.000000000000000000e+00 0.000000000000000000e+00 0.000000000000000000e+00 0.000000000000000000e+00 0.000000000000000000e+00 0.000000000000000000e+00 0.000000000000000000e+00 0.000000000000000000e+00 0.000000000000000000e+00 0.000000000000000000e+00 0.000000000000000000e+00 0.000000000000000000e+00 0.000000000000000000e+00 0.000000000000000000e+00
0.000000000000000000e+00 0.000000000000000000e+00 0.000000000000000000e+00 0.000000000000000000e+00 0.000000000000000000e+00 0.000000000000000000e+00 0.000000000000000000e+00 0.000000000000000000e+00 0.000000000000000000e+00 0.000000000000000000e+00 0.000000000000000000e+00 0.000000000000000000e+00 0.000000000000000000e+00 0.000000000000000000e+00 0.000000000000000000e+00
0.000000000000000000e+00 0.000000000000000000e+00 0.000000000000000000e+00 0.000000000000000000e+00 0.000000000000000000e+00 0.000000000000000000e+00 0.000000000000000000e+00 0.000000000000000000e+00 0.000000000000000000e+00 0.000000000000000000e+00 0.000000000000000000e+00 0.000000000000000000e+00 0.000000000000000000e+00 0.000000000000000000e+00 0.000000000000000000e+00
0.000000000000000000e+00 0.000000000000000000e+00 0.000000000000000000e+00 0.000000000000000000e+00 0.000000000000000000e+00 0.000000000000000000e+00 0.000000000000000000e+00 0.000000000000000000e+00 0.000000000000000000e+00 0.000000000000000000e+00 0.000000000000000000e+00 0.000000000000000000e+00 0.000000000000000000e+00 0.000000000000000000e+00 0.000000000000000000e+00
0.000000000000000000e+00 0.000000000000000000e+00 0.000000000000000000e+00 0.000000000000000000e+00 0.000000000000000000e+00 0.000000000000000000e+00 0.000000000000000000e+00 0.000000000000000000e+00 0.000000000000000000e+00 0.000000000000000000e+00 0.000000000000000000e+00 0.000000000000000000e+00 0.000000000000000000e+00 0.000000000000000000e+00 0.000000000000000000e+00
0.000000000000000000e+00 0.000000000000000000e+00 0.000000000000000000e+00 0.000000000000000000e+00 0.000000000000000000e+00 0.000000000000000000e+00 0.000000000000000000e+00 0.000000000000000000e+00 0.000000000000000000e+00 0.000000000000000000e+00 0.000000000000000000e+00 0.000000000000000000e+00 0.000000000000000000e+00 0.000000000000000000e+00 0.000000000000000000e+00
0.000000000000000000e+00 0.000000000000000000e+00 0.000000000000000000e+00 0.000000000000000000e+00 0.000000000000000000e+00 0.000000000000000000e+00 0.000000000000000000e+00 0.000000000000000000e+00 0.000000000000000000e+00 0.000000000000000000e+00 0.000000000000000000e+00 0.000000000000000000e+00 0.000000000000000000e+00 0.000000000000000000e+00 0.000000000000000000e+00
0.000000000000000000e+00 0.000000000000000000e+00 0.000000000000000000e+00 0.000000000000000000e+00 0.000000000000000000e+00 0.000000000000000000e+00 0.000000000000000000e+00 0.000000000000000000e+00 0.000000000000000000e+00 0.000000000000000000e+00 0.000000000000000000e+00 0.000000000000000000e+00 0.000000000000000000e+00 0.000000000000000000e+00 0.000000000000000000e+00
0.000000000000000000e+00 0.000000000000000000e+00 0.000000000000000000e+00 0.000000000000000000e+00 0.000000000000000000e+00 0.000000000000000000e+00 0.000000000000000000e+00 0.000000000000000000e+00 0.000000000000000000e+00 0.000000000000000000e+00 0.000000000000000000e+00 0.000000000000000000e+00 0.000000000000000000e+00 0.000000000000000000e+00 0.000000000000000000e+00
0.000000000000000000e+00 0.000000000000000000e+00 0.000000000000000000e+00 0.000000000000000000e+00 0.000000000000000000e+00 0.000000000000000000e+00 0.000000000000000000e+00 0.000000000000000000e+00 0.000000000000000000e+00 0.000000000000000000e+00 0.000000000000000000e+00 0.000000000000000000e+00 0.000000000000000000e+00 0.000000000000000000e+00 0.000000000000000000e+00
0.000000000000000000e+00 0.000000000000000000e+00 0.000000000000000000e+00 0.000000000000000000e+00 0.000000000000000000e+00 0.000000000000000000e+00 0.000000000000000000e+00 0.000000000000000000e+00 0.000000000000000000e+00 0.000000000000000000e+00 0.000000000000000000e+00 0.000000000000000000e+00 0.000000000000000000e+00 0.000000000000000000e+00 0.000000000000000000e+00
0.000000000000000000e+00 0.000000000000000000e+00 0.000000000000000000e+00 0.000000000000000000e+00 0.000000000000000000e+00 0.000000000000000000e+00 0.000000000000000000e+00 0.000000000000000000e+00 0.000000000000000000e+00 0.000000000000000000e+00 0.000000000000000000e+00 0.000000000000000000e+00 0.000000000000000000e+00 0.000000000000000000e+00 0.000000000000000000e+00
0.000000000000000000e+00 0.000000000000000000e+00 0.000000000000000000e+00 0.000000000000000000e+00 0.000000000000000000e+00 0.000000000000000000e+00 0.000000000000000000e+00 0.000000000000000000e+00 0.000000000000000000e+00 0.000000000000000000e+00 0.000000000000000000e+00 0.000000000000000000e+00 0.000000000000000000e+00 0.000000000000000000e+00 0.000000000000000000e+00
0.000000000000000000e+00 0.000000000000000000e+00 0.000000000000000000e+00 0.000000000000000000e+00 0.000000000000000000e+00 0.000000000000000000e+00 0.000000000000000000e+00 0.000000000000000000e+00 0.000000000000000000e+00 0.000000000000000000e+00 0.000000000000000000e+00 0.000000000000000000e+00 0.000000000000000000e+00 0.000000000000000000e+00 0.000000000000000000e+00
0.000000000000000000e+00 0.000000000000000000e+00 0.000000000000000000e+00 0.000000000000000000e+00 0.000000000000000000e+00 0.000000000000000000e+00 0.000000000000000000e+00 0.000000000000000000e+00 0.000000000000000000e+00 0.000000000000000000e+00 0.000000000000000000e+00 0.000000000000000000e+00 0.000000000000000000e+00 0.000000000000000000e+00 0.000000000000000000e+00
0.000000000000000000e+00 0.000000000000000000e+00 0.000000000000000000e+00 0.000000000000000000e+00 0.000000000000000000e+00 0.000000000000000000e+00 0.000000000000000000e+00 0.000000000000000000e+00 0.000000000000000000e+00 0.000000000000000000e+00 0.000000000000000000e+00 0.000000000000000000e+00 0.000000000000000000e+00 0.000000000000000000e+00 0.000000000000000000e+00
0.000000000000000000e+00 0.000000000000000000e+00 0.000000000000000000e+00 0.000000000000000000e+00 0.000000000000000000e+00 0.000000000000000000e+00 0.000000000000000000e+00 0.000000000000000000e+00 0.000000000000000000e+00 0.000000000000000000e+00 0.000000000000000000e+00 0.000000000000000000e+00 0.000000000000000000e+00 0.000000000000000000e+00 0.000000000000000000e+00
0.000000000000000000e+00 0.000000000000000000e+00 0.000000000000000000e+00 0.000000000000000000e+00 0.000000000000000000e+00 0.000000000000000000e+00 0.000000000000000000e+00 0.000000000000000000e+00 0.000000000000000000e+00 0.000000000000000000e+00 0.000000000000000000e+00 0.000000000000000000e+00 0.000000000000000000e+00 0.000000000000000000e+00 0.000000000000000000e+00
0.000000000000000000e+00 0.000000000000000000e+00 0.000000000000000000e+00 0.000000000000000000e+00 0.000000000000000000e+00 0.000000000000000000e+00 0.000000000000000000e+00 0.000000000000000000e+00 0.000000000000000000e+00 0.000000000000000000e+00 0.000000000000000000e+00 0.000000000000000000e+00 0.000000000000000000e+00 0.000000000000000000e+00 0.000000000000000000e+00
0.000000000000000000e+00 0.000000000000000000e+00 0.000000000000000000e+00 0.000000000000000000e+00 0.000000000000000000e+00 0.000000000000000000e+00 0.000000000000000000e+00 0.000000000000000000e+00 0.000000000000000000e+00 0.000000000000000000e+00 0.000000000000000000e+00 0.000000000000000000e+00 0.000000000000000000e+00 0.000000000000000000e+00 0.000000000000000000e+00
0.000000000000000000e+00 0.000000000000000000e+00 0.000000000000000000e+00 0.000000000000000000e+00 0.000000000000000000e+00 0.000000000000000000e+00 0.000000000000000000e+00 0.000000000000000000e+00 0.000000000000000000e+00 0.000000000000000000e+00 0.000000000000000000e+00 0.000000000000000000e+00 0.000000000000000000e+00 0.000000000000000000e+00 0.000000000000000000e+00
0.000000000000000000e+00 0.000000000000000000e+00 0.000000000000000000e+00 0.000000000000000000e+00 0.000000000000000000e+00 0.000000000000000000e+00 0.000000000000000000e+00 0.000000000000000000e+00 0.000000000000000000e+00 0.000000000000000000e+00 0.000000000000000000e+00 0.000000000000000000e+00 0.000000000000000000e+00 0.000000000000000000e+00 0.000000000000000000e+00
0.000000000000000000e+00 0.000000000000000000e+00 0.000000000000000000e+00 0.000000000000000000e+00 0.000000000000000000e+00 0.000000000000000000e+00 0.000000000000000000e+00 0.000000000000000000e+00 0.000000000000000000e+00 0.000000000000000000e+00 0.000000000000000000e+00 0.000000000000000000e+00 0.000000000000000000e+00 0.000000000000000000e+00 0.000000000000000000e+00
0.000000000000000000e+00 0.000000000000000000e+00 0.000000000000000000e+00 0.000000000000000000e+00 0.000000000000000000e+00 0.000000000000000000e+00 0.000000000000000000e+00 0.000000000000000000e+00 0.000000000000000000e+00 0.000000000000000000e+00 0.000000000000000000e+00 0.000000000000000000e+00 0.000000000000000000e+00 0.000000000000000000e+00 0.000000000000000000e+00
0.000000000000000000e+00 0.000000000000000000e+00 0.000000000000000000e+00 0.000000000000000000e+00 0.000000000000000000e+00 0.000000000000000000e+00 0.000000000000000000e+00 0.000000000000000000e+00 0.000000000000000000e+00 0.000000000000000000e+00 0.000000000000000000e+00 0.000000000000000000e+00 0.000000000000000000e+00 0.000000000000000000e+00 0.000000000000000000e+00
0.000000000000000000e+00 0.000000000000000000e+00 0.000000000000000000e+00 0.000000000000000000e+00 0.000000000000000000e+00 0.000000000000000000e+00 0.000000000000000000e+00 0.000000000000000000e+00 0.000000000000000000e+00 0.000000000000000000e+00 0.000000000000000000e+00 0.000000000000000000e+00 0.000000000000000000e+00 0.000000000000000000e+00 0.000000000000000000e+00
0.000000000000000000e+00 0.000000000000000000e+00 0.000000000000000000e+00 0.000000000000000000e+00 0.000000000000000000e+00 0.000000000000000000e+00 0.000000000000000000e+00 0.000000000000000000e+00 0.000000000000000000e+00 0.000000000000000000e+00 0.000000000000000000e+00 0.000000000000000000e+00 0.000000000000000000e+00 0.000000000000000000e+00 0.000000000000000000e+00
0.000000000000000000e+00 0.000000000000000000e+00 0.000000000000000000e+00 0.000000000000000000e+00 0.000000000000000000e+00 0.000000000000000000e+00 0.000000000000000000e+00 0.000000000000000000e+00 0.000000000000000000e+00 0.000000000000000000e+00 0.000000000000000000e+00 0.000000000000000000e+00 0.000000000000000000e+00 0.000000000000000000e+00 0.000000000000000000e+00
0.000000000000000000e+00 0.000000000000000000e+00 0.000000000000000000e+00 0.000000000000000000e+00 0.000000000000000000e+00 0.000000000000000000e+00 0.000000000000000000e+00 0.000000000000000000e+00 0.000000000000000000e+00 0.000000000000000000e+00 0.000000000000000000e+00 0.000000000000000000e+00 0.000000000000000000e+00 0.000000000000000000e+00 0.000000000000000000e+00
0.000000000000000000e+00 0.000000000000000000e+00 0.000000000000000000e+00 0.000000000000000000e+00 0.000000000000000000e+00 0.000000000000000000e+00 0.000000000000000000e+00 0.000000000000000000e+00 0.000000000000000000e+00 0.000000000000000000e+00 0.000000000000000000e+00 0.000000000000000000e+00 0.000000000000000000e+00 0.000000000000000000e+00 0.000000000000000000e+00
0.000000000000000000e+00 0.000000000000000000e+00 0.000000000000000000e+00 0.000000000000000000e+00 0.000000000000000000e+00 0.000000000000000000e+00 0.000000000000000000e+00 0.000000000000000000e+00 0.000000000000000000e+00 0.000000000000000000e+00 0.000000000000000000e+00 0.000000000000000000e+00 0.000000000000000000e+00 0.000000000000000000e+00 0.000000000000000000e+00
0.000000000000000000e+00 0.000000000000000000e+00 0.000000000000000000e+00 0.000000000000000000e+00 0.000000000000000000e+00 0.000000000000000000e+00 0.000000000000000000e+00 0.000000000000000000e+00 0.000000000000000000e+00 0.000000000000000000e+00 0.000000000000000000e+00 0.000000000000000000e+00 0.000000000000000000e+00 0.000000000000000000e+00 0.000000000000000000e+00
0.000000000000000000e+00 0.000000000000000000e+00 0.000000000000000000e+00 0.000000000000000000e+00 0.000000000000000000e+00 0.000000000000000000e+00 0.000000000000000000e+00 0.000000000000000000e+00 0.000000000000000000e+00 0.000000000000000000e+00 0.000000000000000000e+00 0.000000000000000000e+00 0.000000000000000000e+00 0.000000000000000000e+00 0.000000000000000000e+00
0.000000000000000000e+00 0.000000000000000000e+00 0.000000000000000000e+00 0.000000000000000000e+00 0.000000000000000000e+00 0.000000000000000000e+00 0.000000000000000000e+00 0.000000000000000000e+00 0.000000000000000000e+00 0.000000000000000000e+00 0.000000000000000000e+00 0.000000000000000000e+00 0.000000000000000000e+00 0.000000000000000000e+00 0.000000000000000000e+00
0.000000000000000000e+00 0.000000000000000000e+00 0.000000000000000000e+00 0.000000000000000000e+00 0.000000000000000000e+00 0.000000000000000000e+00 0.000000000000000000e+00 0.000000000000000000e+00 0.000000000000000000e+00 0.000000000000000000e+00 0.000000000000000000e+00 0.000000000000000000e+00 0.000000000000000000e+00 0.000000000000000000e+00 0.000000000000000000e+00
0.000000000000000000e+00 0.000000000000000000e+00 0.000000000000000000e+00 0.000000000000000000e+00 0.000000000000000000e+00 0.000000000000000000e+00 0.000000000000000000e+00 0.000000000000000000e+00 0.000000000000000000e+00 0.000000000000000000e+00 0.000000000000000000e+00 0.000000000000000000e+00 0.000000000000000000e+00 0.000000000000000000e+00 0.000000000000000000e+00
0.000000000000000000e+00 0.000000000000000000e+00 0.000000000000000000e+00 0.000000000000000000e+00 0.000000000000000000e+00 0.000000000000000000e+00 0.000000000000000000e+00 0.000000000000000000e+00 0.000000000000000000e+00 0.000000000000000000e+00 0.000000000000000000e+00 0.000000000000000000e+00 0.000000000000000000e+00 0.000000000000000000e+00 0.000000000000000000e+00
0.000000000000000000e+00 0.000000000000000000e+00 0.000000000000000000e+00 0.000000000000000000e+00 0.000000000000000000e+00 0.000000000000000000e+00 0.000000000000000000e+00 0.000000000000000000e+00 0.000000000000000000e+00 0.000000000000000000e+00 0.000000000000000000e+00 0.000000000000000000e+00 0.000000000000000000e+00 0.000000000000000000e+00 0.000000000000000000e+00
0.000000000000000000e+00 0.000000000000000000e+00 0.000000000000000000e+00 0.000000000000000000e+00 0.000000000000000000e+00 0.000000000000000000e+00 0.000000000000000000e+00 0.000000000000000000e+00 0.000000000000000000e+00 0.000000000000000000e+00 0.000000000000000000e+00 0.000000000000000000e+00 0.000000000000000000e+00 0.000000000000000000e+00 0.000000000000000000e+00
0.000000000000000000e+00 0.000000000000000000e+00 0.000000000000000000e+00 0.000000000000000000e+00 0.000000000000000000e+00 0.000000000000000000e+00 0.000000000000000000e+00 0.000000000000000000e+00 0.000000000000000000e+00 0.000000000000000000e+00 0.000000000000000000e+00 0.000000000000000000e+00 0.000000000000000000e+00 0.000000000000000000e+00 0.000000000000000000e+00
0.000000000000000000e+00 0.000000000000000000e+00 0.000000000000000000e+00 0.000000000000000000e+00 0.000000000000000000e+00 0.000000000000000000e+00 0.000000000000000000e+00 0.000000000000000000e+00 0.000000000000000000e+00 0.000000000000000000e+00 0.000000000000000000e+00 0.000000000000000000e+00 0.000000000000000000e+00 0.000000000000000000e+00 0.000000000000000000e+00
0.000000000000000000e+00 0.000000000000000000e+00 0.000000000000000000e+00 0.000000000000000000e+00 0.000000000000000000e+00 0.000000000000000000e+00 0.000000000000000000e+00 0.000000000000000000e+00 0.000000000000000000e+00 0.000000000000000000e+00 0.000000000000000000e+00 0.000000000000000000e+00 0.000000000000000000e+00 0.000000000000000000e+00 0.000000000000000000e+00
0.000000000000000000e+00 0.000000000000000000e+00 0.000000000000000000e+00 0.000000000000000000e+00 0.000000000000000000e+00 0.000000000000000000e+00 0.000000000000000000e+00 0.000000000000000000e+00 0.000000000000000000e+00 0.000000000000000000e+00 0.000000000000000000e+00 0.000000000000000000e+00 0.000000000000000000e+00 0.000000000000000000e+00 0.000000000000000000e+00
0.000000000000000000e+00 0.000000000000000000e+00 0.000000000000000000e+00 0.000000000000000000e+00 0.000000000000000000e+00 0.000000000000000000e+00 0.000000000000000000e+00 0.000000000000000000e+00 0.000000000000000000e+00 0.000000000000000000e+00 0.000000000000000000e+00 0.000000000000000000e+00 0.000000000000000000e+00 0.000000000000000000e+00 0.000000000000000000e+00
0.000000000000000000e+00 0.000000000000000000e+00 0.000000000000000000e+00 0.000000000000000000e+00 0.000000000000000000e+00 0.000000000000000000e+00 0.000000000000000000e+00 0.000000000000000000e+00 0.000000000000000000e+00 0.000000000000000000e+00 0.000000000000000000e+00 0.000000000000000000e+00 0.000000000000000000e+00 0.000000000000000000e+00 0.000000000000000000e+00
0.000000000000000000e+00 0.000000000000000000e+00 0.000000000000000000e+00 0.000000000000000000e+00 0.000000000000000000e+00 0.000000000000000000e+00 0.000000000000000000e+00 0.000000000000000000e+00 0.000000000000000000e+00 0.000000000000000000e+00 0.000000000000000000e+00 0.000000000000000000e+00 0.000000000000000000e+00 0.000000000000000000e+00 0.000000000000000000e+00
0.000000000000000000e+00 0.000000000000000000e+00 0.000000000000000000e+00 0.000000000000000000e+00 0.000000000000000000e+00 0.000000000000000000e+00 0.000000000000000000e+00 0.000000000000000000e+00 0.000000000000000000e+00 0.000000000000000000e+00 0.000000000000000000e+00 0.000000000000000000e+00 0.000000000000000000e+00 0.000000000000000000e+00 0.000000000000000000e+00
0.000000000000000000e+00 0.000000000000000000e+00 0.000000000000000000e+00 0.000000000000000000e+00 0.000000000000000000e+00 0.000000000000000000e+00 0.000000000000000000e+00 0.000000000000000000e+00 0.000000000000000000e+00 0.000000000000000000e+00 0.000000000000000000e+00 0.000000000000000000e+00 0.000000000000000000e+00 0.000000000000000000e+00 0.000000000000000000e+00
0.000000000000000000e+00 0.000000000000000000e+00 0.000000000000000000e+00 0.000000000000000000e+00 0.000000000000000000e+00 0.000000000000000000e+00 0.000000000000000000e+00 0.000000000000000000e+00 0.000000000000000000e+00 0.000000000000000000e+00 0.000000000000000000e+00 0.000000000000000000e+00 0.000000000000000000e+00 0.000000000000000000e+00 0.000000000000000000e+00
0.000000000000000000e+00 0.000000000000000000e+00 0.000000000000000000e+00 0.000000000000000000e+00 0.000000000000000000e+00 0.000000000000000000e+00 0.000000000000000000e+00 0.000000000000000000e+00 0.000000000000000000e+00 0.000000000000000000e+00 0.000000000000000000e+00 0.000000000000000000e+00 0.000000000000000000e+00 0.000000000000000000e+00 0.000000000000000000e+00
0.000000000000000000e+00 0.000000000000000000e+00 0.000000000000000000e+00 0.000000000000000000e+00 0.000000000000000000e+00 0.000000000000000000e+00 0.000000000000000000e+00 0.000000000000000000e+00 0.000000000000000000e+00 0.000000000000000000e+00 0.000000000000000000e+00 0.000000000000000000e+00 0.000000000000000000e+00 0.000000000000000000e+00 0.000000000000000000e+00
0.000000000000000000e+00 0.000000000000000000e+00 0.000000000000000000e+00 0.000000000000000000e+00 0.000000000000000000e+00 0.000000000000000000e+00 0.000000000000000000e+00 0.000000000000000000e+00 0.000000000000000000e+00 0.000000000000000000e+00 0.000000000000000000e+00 0.000000000000000000e+00 0.000000000000000000e+00 0.000000000000000000e+00 0.000000000000000000e+00
0.000000000000000000e+00 0.000000000000000000e+00 0.000000000000000000e+00 0.000000000000000000e+00 0.000000000000000000e+00 0.000000000000000000e+00 0.000000000000000000e+00 0.000000000000000000e+00 0.000000000000000000e+00 0.000000000000000000e+00 0.000000000000000000e+00 0.000000000000000000e+00 0.000000000000000000e+00 0.000000000000000000e+00 0.000000000000000000e+00
0.000000000000000000e+00 0.000000000000000000e+00 0.000000000000000000e+00 0.000000000000000000e+00 0.000000000000000000e+00 0.000000000000000000e+00 0.000000000000000000e+00 0.000000000000000000e+00 0.000000000000000000e+00 0.000000000000000000e+00 0.000000000000000000e+00 0.000000000000000000e+00 0.000000000000000000e+00 0.000000000000000000e+00 0.000000000000000000e+00
0.000000000000000000e+00 0.000000000000000000e+00 0.000000000000000000e+00 0.000000000000000000e+00 0.000000000000000000e+00 0.000000000000000000e+00 0.000000000000000000e+00 0.000000000000000000e+00 0.000000000000000000e+00 0.000000000000000000e+00 0.000000000000000000e+00 0.000000000000000000e+00 0.000000000000000000e+00 0.000000000000000000e+00 0.000000000000000000e+00
0.000000000000000000e+00 0.000000000000000000e+00 0.000000000000000000e+00 0.000000000000000000e+00 0.000000000000000000e+00 0.000000000000000000e+00 0.000000000000000000e+00 0.000000000000000000e+00 0.000000000000000000e+00 0.000000000000000000e+00 0.000000000000000000e+00 0.000000000000000000e+00 0.000000000000000000e+00 0.000000000000000000e+00 0.000000000000000000e+00
0.000000000000000000e+00 0.000000000000000000e+00 0.000000000000000000e+00 0.000000000000000000e+00 0.000000000000000000e+00 0.000000000000000000e+00 0.000000000000000000e+00 0.000000000000000000e+00 0.000000000000000000e+00 0.000000000000000000e+00 0.000000000000000000e+00 0.000000000000000000e+00 0.000000000000000000e+00 0.000000000000000000e+00 0.000000000000000000e+00
0.000000000000000000e+00 0.000000000000000000e+00 0.000000000000000000e+00 0.000000000000000000e+00 0.000000000000000000e+00 0.000000000000000000e+00 0.000000000000000000e+00 0.000000000000000000e+00 0.000000000000000000e+00 0.000000000000000000e+00 0.000000000000000000e+00 0.000000000000000000e+00 0.000000000000000000e+00 0.000000000000000000e+00 0.000000000000000000e+00
0.000000000000000000e+00 0.000000000000000000e+00 0.000000000000000000e+00 0.000000000000000000e+00 0.000000000000000000e+00 0.000000000000000000e+00 0.000000000000000000e+00 0.000000000000000000e+00 0.000000000000000000e+00 0.000000000000000000e+00 0.000000000000000000e+00 0.000000000000000000e+00 0.000000000000000000e+00 0.000000000000000000e+00 0.000000000000000000e+00
0.000000000000000000e+00 0.000000000000000000e+00 0.000000000000000000e+00 0.000000000000000000e+00 0.000000000000000000e+00 0.000000000000000000e+00 0.000000000000000000e+00 0.000000000000000000e+00 0.000000000000000000e+00 0.000000000000000000e+00 0.000000000000000000e+00 0.000000000000000000e+00 0.000000000000000000e+00 0.000000000000000000e+00 0.000000000000000000e+00
0.000000000000000000e+00 0.000000000000000000e+00 0.000000000000000000e+00 0.000000000000000000e+00 0.000000000000000000e+00 0.000000000000000000e+00 0.000000000000000000e+00 0.000000000000000000e+00 0.000000000000000000e+00 0.000000000000000000e+00 0.000000000000000000e+00 0.000000000000000000e+00 0.000000000000000000e+00 0.000000000000000000e+00 0.000000000000000000e+00
0.000000000000000000e+00 0.000000000000000000e+00 0.000000000000000000e+00 0.000000000000000000e+00 0.000000000000000000e+00 0.000000000000000000e+00 0.000000000000000000e+00 0.000000000000000000e+00 0.000000000000000000e+00 0.000000000000000000e+00 0.000000000000000000e+00 0.000000000000000000e+00 0.000000000000000000e+00 0.000000000000000000e+00 0.000000000000000000e+00
0.000000000000000000e+00 0.000000000000000000e+00 0.000000000000000000e+00 0.000000000000000000e+00 0.000000000000000000e+00 0.000000000000000000e+00 0.000000000000000000e+00 0.000000000000000000e+00 0.000000000000000000e+00 0.000000000000000000e+00 0.000000000000000000e+00 0.000000000000000000e+00 0.000000000000000000e+00 0.000000000000000000e+00 0.000000000000000000e+00
0.000000000000000000e+00 0.000000000000000000e+00 0.000000000000000000e+00 0.000000000000000000e+00 0.000000000000000000e+00 0.000000000000000000e+00 0.000000000000000000e+00 0.000000000000000000e+00 0.000000000000000000e+00 0.000000000000000000e+00 0.000000000000000000e+00 0.000000000000000000e+00 0.000000000000000000e+00 0.000000000000000000e+00 0.000000000000000000e+00
0.000000000000000000e+00 0.000000000000000000e+00 0.000000000000000000e+00 0.000000000000000000e+00 0.000000000000000000e+00 0.000000000000000000e+00 0.000000000000000000e+00 0.000000000000000000e+00 0.000000000000000000e+00 0.000000000000000000e+00 0.000000000000000000e+00 0.000000000000000000e+00 0.000000000000000000e+00 0.000000000000000000e+00 0.000000000000000000e+00
0.000000000000000000e+00 0.000000000000000000e+00 0.000000000000000000e+00 0.000000000000000000e+00 0.000000000000000000e+00 0.000000000000000000e+00 0.000000000000000000e+00 0.000000000000000000e+00 0.000000000000000000e+00 0.000000000000000000e+00 0.000000000000000000e+00 0.000000000000000000e+00 0.000000000000000000e+00 0.000000000000000000e+00 0.000000000000000000e+00
0.000000000000000000e+00 0.000000000000000000e+00 0.000000000000000000e+00 0.000000000000000000e+00 0.000000000000000000e+00 0.000000000000000000e+00 0.000000000000000000e+00 0.000000000000000000e+00 0.000000000000000000e+00 0.000000000000000000e+00 0.000000000000000000e+00 0.000000000000000000e+00 0.000000000000000000e+00 0.000000000000000000e+00 0.000000000000000000e+00
0.000000000000000000e+00 0.000000000000000000e+00 0.000000000000000000e+00 0.000000000000000000e+00 0.000000000000000000e+00 0.000000000000000000e+00 0.000000000000000000e+00 0.000000000000000000e+00 0.000000000000000000e+00 0.000000000000000000e+00 0.000000000000000000e+00 0.000000000000000000e+00 0.000000000000000000e+00 0.000000000000000000e+00 0.000000000000000000e+00
0.000000000000000000e+00 0.000000000000000000e+00 0.000000000000000000e+00 0.000000000000000000e+00 0.000000000000000000e+00 0.000000000000000000e+00 0.000000000000000000e+00 0.000000000000000000e+00 0.000000000000000000e+00 0.000000000000000000e+00 0.000000000000000000e+00 0.000000000000000000e+00 0.000000000000000000e+00 0.000000000000000000e+00 0.000000000000000000e+00
0.000000000000000000e+00 0.000000000000000000e+00 0.000000000000000000e+00 0.000000000000000000e+00 0.000000000000000000e+00 0.000000000000000000e+00 0.000000000000000000e+00 0.000000000000000000e+00 0.000000000000000000e+00 0.000000000000000000e+00 0.000000000000000000e+00 0.000000000000000000e+00 0.000000000000000000e+00 0.000000000000000000e+00 0.000000000000000000e+00
0.000000000000000000e+00 0.000000000000000000e+00 0.000000000000000000e+00 0.000000000000000000e+00 0.000000000000000000e+00 0.000000000000000000e+00 0.000000000000000000e+00 0.000000000000000000e+00 0.000000000000000000e+00 0.000000000000000000e+00 0.000000000000000000e+00 0.000000000000000000e+00 0.000000000000000000e+00 0.000000000000000000e+00 0.000000000000000000e+00
0.000000000000000000e+00 0.000000000000000000e+00 0.000000000000000000e+00 0.000000000000000000e+00 0.000000000000000000e+00 0.000000000000000000e+00 0.000000000000000000e+00 0.000000000000000000e+00 0.000000000000000000e+00 0.000000000000000000e+00 0.000000000000000000e+00 0.000000000000000000e+00 0.000000000000000000e+00 0.000000000000000000e+00 0.000000000000000000e+00
0.000000000000000000e+00 0.000000000000000000e+00 0.000000000000000000e+00 0.000000000000000000e+00 0.000000000000000000e+00 0.000000000000000000e+00 0.000000000000000000e+00 0.000000000000000000e+00 0.000000000000000000e+00 0.000000000000000000e+00 0.000000000000000000e+00 0.000000000000000000e+00 0.000000000000000000e+00 0.000000000000000000e+00 0.000000000000000000e+00
0.000000000000000000e+00 0.000000000000000000e+00 0.000000000000000000e+00 0.000000000000000000e+00 0.000000000000000000e+00 0.000000000000000000e+00 0.000000000000000000e+00 0.000000000000000000e+00 0.000000000000000000e+00 0.000000000000000000e+00 0.000000000000000000e+00 0.000000000000000000e+00 0.000000000000000000e+00 0.000000000000000000e+00 0.000000000000000000e+00
0.000000000000000000e+00 0.000000000000000000e+00 0.000000000000000000e+00 0.000000000000000000e+00 0.000000000000000000e+00 0.000000000000000000e+00 0.000000000000000000e+00 0.000000000000000000e+00 0.000000000000000000e+00 0.000000000000000000e+00 0.000000000000000000e+00 0.000000000000000000e+00 0.000000000000000000e+00 0.000000000000000000e+00 0.000000000000000000e+00
0.000000000000000000e+00 0.000000000000000000e+00 0.000000000000000000e+00 0.000000000000000000e+00 0.000000000000000000e+00 0.000000000000000000e+00 0.000000000000000000e+00 0.000000000000000000e+00 0.000000000000000000e+00 0.000000000000000000e+00 0.000000000000000000e+00 0.000000000000000000e+00 0.000000000000000000e+00 0.000000000000000000e+00 0.000000000000000000e+00
0.000000000000000000e+00 0.000000000000000000e+00 0.000000000000000000e+00 0.000000000000000000e+00 0.000000000000000000e+00 0.000000000000000000e+00 0.000000000000000000e+00 0.000000000000000000e+00 0.000000000000000000e+00 0.000000000000000000e+00 0.000000000000000000e+00 0.000000000000000000e+00 0.000000000000000000e+00 0.000000000000000000e+00 0.000000000000000000e+00
0.000000000000000000e+00 0.000000000000000000e+00 0.000000000000000000e+00 0.000000000000000000e+00 0.000000000000000000e+00 0.000000000000000000e+00 0.000000000000000000e+00 0.000000000000000000e+00 0.000000000000000000e+00 0.000000000000000000e+00 0.000000000000000000e+00 0.000000000000000000e+00 0.000000000000000000e+00 0.000000000000000000e+00 0.000000000000000000e+00
0.000000000000000000e+00 0.000000000000000000e+00 0.000000000000000000e+00 0.000000000000000000e+00 0.000000000000000000e+00 0.000000000000000000e+00 0.000000000000000000e+00 0.000000000000000000e+00 0.000000000000000000e+00 0.000000000000000000e+00 0.000000000000000000e+00 0.000000000000000000e+00 0.000000000000000000e+00 0.000000000000000000e+00 0.000000000000000000e+00
0.000000000000000000e+00 0.000000000000000000e+00 0.000000000000000000e+00 0.000000000000000000e+00 0.000000000000000000e+00 0.000000000000000000e+00 0.000000000000000000e+00 0.000000000000000000e+00 0.000000000000000000e+00 0.000000000000000000e+00 0.000000000000000000e+00 0.000000000000000000e+00 0.000000000000000000e+00 0.000000000000000000e+00 0.000000000000000000e+00
0.000000000000000000e+00 0.000000000000000000e+00 0.000000000000000000e+00 0.000000000000000000e+00 0.000000000000000000e+00 0.000000000000000000e+00 0.000000000000000000e+00 0.000000000000000000e+00 0.000000000000000000e+00 0.000000000000000000e+00 0.000000000000000000e+00 0.000000000000000000e+00 0.000000000000000000e+00 0.000000000000000000e+00 0.000000000000000000e+00
0.000000000000000000e+00 0.000000000000000000e+00 0.000000000000000000e+00 0.000000000000000000e+00 0.000000000000000000e+00 0.000000000000000000e+00 0.000000000000000000e+00 0.000000000000000000e+00 0.000000000000000000e+00 0.000000000000000000e+00 0.000000000000000000e+00 0.000000000000000000e+00 0.000000000000000000e+00 0.000000000000000000e+00 0.000000000000000000e+00
0.000000000000000000e+00 0.000000000000000000e+00 0.000000000000000000e+00 0.000000000000000000e+00 0.000000000000000000e+00 0.000000000000000000e+00 0.000000000000000000e+00 0.000000000000000000e+00 0.000000000000000000e+00 0.000000000000000000e+00 0.000000000000000000e+00 0.000000000000000000e+00 0.000000000000000000e+00 0.000000000000000000e+00 0.000000000000000000e+00
0.000000000000000000e+00 0.000000000000000000e+00 0.000000000000000000e+00 0.000000000000000000e+00 0.000000000000000000e+00 0.000000000000000000e+00 0.000000000000000000e+00 0.000000000000000000e+00 0.000000000000000000e+00 0.000000000000000000e+00 0.000000000000000000e+00 0.000000000000000000e+00 0.000000000000000000e+00 0.000000000000000000e+00 0.000000000000000000e+00
0.000000000000000000e+00 0.000000000000000000e+00 0.000000000000000000e+00 0.000000000000000000e+00 0.000000000000000000e+00 0.000000000000000000e+00 0.000000000000000000e+00 0.000000000000000000e+00 0.000000000000000000e+00 0.000000000000000000e+00 0.000000000000000000e+00 0.000000000000000000e+00 0.000000000000000000e+00 0.000000000000000000e+00 0.000000000000000000e+00
0.000000000000000000e+00 0.000000000000000000e+00 0.000000000000000000e+00 0.000000000000000000e+00 0.000000000000000000e+00 0.000000000000000000e+00 0.000000000000000000e+00 0.000000000000000000e+00 0.000000000000000000e+00 0.000000000000000000e+00 0.000000000000000000e+00 0.000000000000000000e+00 0.000000000000000000e+00 0.000000000000000000e+00 0.000000000000000000e+00
0.000000000000000000e+00 0.000000000000000000e+00 0.000000000000000000e+00 0.000000000000000000e+00 0.000000000000000000e+00 0.000000000000000000e+00 0.000000000000000000e+00 0.000000000000000000e+00 0.000000000000000000e+00 0.000000000000000000e+00 0.000000000000000000e+00 0.000000000000000000e+00 0.000000000000000000e+00 0.000000000000000000e+00 0.000000000000000000e+00
0.000000000000000000e+00 0.000000000000000000e+00 0.000000000000000000e+00 0.000000000000000000e+00 0.000000000000000000e+00 0.000000000000000000e+00 0.000000000000000000e+00 0.000000000000000000e+00 0.000000000000000000e+00 0.000000000000000000e+00 0.000000000000000000e+00 0.000000000000000000e+00 0.000000000000000000e+00 0.000000000000000000e+00 0.000000000000000000e+00
0.000000000000000000e+00 0.000000000000000000e+00 0.000000000000000000e+00 0.000000000000000000e+00 0.000000000000000000e+00 0.000000000000000000e+00 0.000000000000000000e+00 0.000000000000000000e+00 0.000000000000000000e+00 0.000000000000000000e+00 0.000000000000000000e+00 0.000000000000000000e+00 0.000000000000000000e+00 0.000000000000000000e+00 0.000000000000000000e+00
0.000000000000000000e+00 0.000000000000000000e+00 0.000000000000000000e+00 0.000000000000000000e+00 0.000000000000000000e+00 0.000000000000000000e+00 0.000000000000000000e+00 0.000000000000000000e+00 0.000000000000000000e+00 0.000000000000000000e+00 0.000000000000000000e+00 0.000000000000000000e+00 0.000000000000000000e+00 0.000000000000000000e+00 0.000000000000000000e+00
0.000000000000000000e+00 0.000000000000000000e+00 0.000000000000000000e+00 0.000000000000000000e+00 0.000000000000000000e+00 0.000000000000000000e+00 0.000000000000000000e+00 0.000000000000000000e+00 0.000000000000000000e+00 0.000000000000000000e+00 0.000000000000000000e+00 0.000000000000000000e+00 0.000000000000000000e+00 0.000000000000000000e+00 0.000000000000000000e+00
0.000000000000000000e+00 0.000000000000000000e+00 0.000000000000000000e+00 0.000000000000000000e+00 0.000000000000000000e+00 0.000000000000000000e+00 0.000000000000000000e+00 0.000000000000000000e+00 0.000000000000000000e+00 0.000000000000000000e+00 0.000000000000000000e+00 0.000000000000000000e+00 0.000000000000000000e+00 0.000000000000000000e+00 0.000000000000000000e+00
0.000000000000000000e+00 0.000000000000000000e+00 0.000000000000000000e+00 0.000000000000000000e+00 0.000000000000000000e+00 0.000000000000000000e+00 0.000000000000000000e+00 0.000000000000000000e+00 0.000000000000000000e+00 0.000000000000000000e+00 0.000000000000000000e+00 0.000000000000000000e+00 0.000000000000000000e+00 0.000000000000000000e+00 0.000000000000000000e+00
0.000000000000000000e+00 0.000000000000000000e+00 0.000000000000000000e+00 0.000000000000000000e+00 0.000000000000000000e+00 0.000000000000000000e+00 0.000000000000000000e+00 0.000000000000000000e+00 0.000000000000000000e+00 0.000000000000000000e+00 0.000000000000000000e+00 0.000000000000000000e+00 0.000000000000000000e+00 0.000000000000000000e+00 0.000000000000000000e+00
0.000000000000000000e+00 0.000000000000000000e+00 0.000000000000000000e+00 0.000000000000000000e+00 0.000000000000000000e+00 0.000000000000000000e+00 0.000000000000000000e+00 0.000000000000000000e+00 0.000000000000000000e+00 0.000000000000000000e+00 0.000000000000000000e+00 0.000000000000000000e+00 0.000000000000000000e+00 0.000000000000000000e+00 0.000000000000000000e+00
0.000000000000000000e+00 0.000000000000000000e+00 0.000000000000000000e+00 0.000000000000000000e+00 0.000000000000000000e+00 0.000000000000000000e+00 0.000000000000000000e+00 0.000000000000000000e+00 0.000000000000000000e+00 0.000000000000000000e+00 0.000000000000000000e+00 0.000000000000000000e+00 0.000000000000000000e+00 0.000000000000000000e+00 0.000000000000000000e+00
0.000000000000000000e+00 0.000000000000000000e+00 0.000000000000000000e+00 0.000000000000000000e+00 0.000000000000000000e+00 0.000000000000000000e+00 0.000000000000000000e+00 0.000000000000000000e+00 0.000000000000000000e+00 0.000000000000000000e+00 0.000000000000000000e+00 0.000000000000000000e+00 0.000000000000000000e+00 0.000000000000000000e+00 0.000000000000000000e+00
0.000000000000000000e+00 0.000000000000000000e+00 0.000000000000000000e+00 0.000000000000000000e+00 0.000000000000000000e+00 0.000000000000000000e+00 0.000000000000000000e+00 0.000000000000000000e+00 0.000000000000000000e+00 0.000000000000000000e+00 0.000000000000000000e+00 0.000000000000000000e+00 0.000000000000000000e+00 0.000000000000000000e+00 0.000000000000000000e+00
0.000000000000000000e+00 0.000000000000000000e+00 0.000000000000000000e+00 0.000000000000000000e+00 0.000000000000000000e+00 0.000000000000000000e+00 0.000000000000000000e+00 0.000000000000000000e+00 0.000000000000000000e+00 0.000000000000000000e+00 0.000000000000000000e+00 0.000000000000000000e+00 0.000000000000000000e+00 0.000000000000000000e+00 0.000000000000000000e+00
0.000000000000000000e+00 0.000000000000000000e+00 0.000000000000000000e+00 0.000000000000000000e+00 0.000000000000000000e+00 0.000000000000000000e+00 0.000000000000000000e+00 0.000000000000000000e+00 0.000000000000000000e+00 0.000000000000000000e+00 0.000000000000000000e+00 0.000000000000000000e+00 0.000000000000000000e+00 0.000000000000000000e+00 0.000000000000000000e+00
0.000000000000000000e+00 0.000000000000000000e+00 0.000000000000000000e+00 0.000000000000000000e+00 0.000000000000000000e+00 0.000000000000000000e+00 0.000000000000000000e+00 0.000000000000000000e+00 0.000000000000000000e+00 0.000000000000000000e+00 0.000000000000000000e+00 0.000000000000000000e+00 0.000000000000000000e+00 0.000000000000000000e+00 0.000000000000000000e+00
0.000000000000000000e+00 0.000000000000000000e+00 0.000000000000000000e+00 0.000000000000000000e+00 0.000000000000000000e+00 0.000000000000000000e+00 0.000000000000000000e+00 0.000000000000000000e+00 0.000000000000000000e+00 0.000000000000000000e+00 0.000000000000000000e+00 0.000000000000000000e+00 0.000000000000000000e+00 0.000000000000000000e+00 0.000000000000000000e+00
0.000000000000000000e+00 0.000000000000000000e+00 0.000000000000000000e+00 0.000000000000000000e+00 0.000000000000000000e+00 0.000000000000000000e+00 0.000000000000000000e+00 0.000000000000000000e+00 0.000000000000000000e+00 0.000000000000000000e+00 0.000000000000000000e+00 0.000000000000000000e+00 0.000000000000000000e+00 0.000000000000000000e+00 0.000000000000000000e+00
0.000000000000000000e+00 0.000000000000000000e+00 0.000000000000000000e+00 0.000000000000000000e+00 0.000000000000000000e+00 0.000000000000000000e+00 0.000000000000000000e+00 0.000000000000000000e+00 0.000000000000000000e+00 0.000000000000000000e+00 0.000000000000000000e+00 0.000000000000000000e+00 0.000000000000000000e+00 0.000000000000000000e+00 0.000000000000000000e+00
0.000000000000000000e+00 0.000000000000000000e+00 0.000000000000000000e+00 0.000000000000000000e+00 0.000000000000000000e+00 0.000000000000000000e+00 0.000000000000000000e+00 0.000000000000000000e+00 0.000000000000000000e+00 0.000000000000000000e+00 0.000000000000000000e+00 0.000000000000000000e+00 0.000000000000000000e+00 0.000000000000000000e+00 0.000000000000000000e+00
0.000000000000000000e+00 0.000000000000000000e+00 0.000000000000000000e+00 0.000000000000000000e+00 0.000000000000000000e+00 0.000000000000000000e+00 0.000000000000000000e+00 0.000000000000000000e+00 0.000000000000000000e+00 0.000000000000000000e+00 0.000000000000000000e+00 0.000000000000000000e+00 0.000000000000000000e+00 0.000000000000000000e+00 0.000000000000000000e+00
0.000000000000000000e+00 0.000000000000000000e+00 0.000000000000000000e+00 0.000000000000000000e+00 0.000000000000000000e+00 0.000000000000000000e+00 0.000000000000000000e+00 0.000000000000000000e+00 0.000000000000000000e+00 0.000000000000000000e+00 0.000000000000000000e+00 0.000000000000000000e+00 0.000000000000000000e+00 0.000000000000000000e+00 0.000000000000000000e+00
0.000000000000000000e+00 0.000000000000000000e+00 0.000000000000000000e+00 0.000000000000000000e+00 0.000000000000000000e+00 0.000000000000000000e+00 0.000000000000000000e+00 0.000000000000000000e+00 0.000000000000000000e+00 0.000000000000000000e+00 0.000000000000000000e+00 0.000000000000000000e+00 0.000000000000000000e+00 0.000000000000000000e+00 0.000000000000000000e+00
0.000000000000000000e+00 0.000000000000000000e+00 0.000000000000000000e+00 0.000000000000000000e+00 0.000000000000000000e+00 0.000000000000000000e+00 0.000000000000000000e+00 0.000000000000000000e+00 0.000000000000000000e+00 0.000000000000000000e+00 0.000000000000000000e+00 0.000000000000000000e+00 0.000000000000000000e+00 0.000000000000000000e+00 0.000000000000000000e+00
0.000000000000000000e+00 0.000000000000000000e+00 0.000000000000000000e+00 0.000000000000000000e+00 0.000000000000000000e+00 0.000000000000000000e+00 0.000000000000000000e+00 0.000000000000000000e+00 0.000000000000000000e+00 0.000000000000000000e+00 0.000000000000000000e+00 0.000000000000000000e+00 0.000000000000000000e+00 0.000000000000000000e+00 0.000000000000000000e+00
0.000000000000000000e+00 0.000000000000000000e+00 0.000000000000000000e+00 0.000000000000000000e+00 0.000000000000000000e+00 0.000000000000000000e+00 0.000000000000000000e+00 0.000000000000000000e+00 0.000000000000000000e+00 0.000000000000000000e+00 0.000000000000000000e+00 0.000000000000000000e+00 0.000000000000000000e+00 0.000000000000000000e+00 0.000000000000000000e+00
0.000000000000000000e+00 0.000000000000000000e+00 0.000000000000000000e+00 0.000000000000000000e+00 0.000000000000000000e+00 0.000000000000000000e+00 0.000000000000000000e+00 0.000000000000000000e+00 0.000000000000000000e+00 0.000000000000000000e+00 0.000000000000000000e+00 0.000000000000000000e+00 0.000000000000000000e+00 0.000000000000000000e+00 0.000000000000000000e+00
0.000000000000000000e+00 0.000000000000000000e+00 0.000000000000000000e+00 0.000000000000000000e+00 0.000000000000000000e+00 0.000000000000000000e+00 0.000000000000000000e+00 0.000000000000000000e+00 0.000000000000000000e+00 0.000000000000000000e+00 0.000000000000000000e+00 0.000000000000000000e+00 0.000000000000000000e+00 0.000000000000000000e+00 0.000000000000000000e+00
0.000000000000000000e+00 0.000000000000000000e+00 0.000000000000000000e+00 0.000000000000000000e+00 0.000000000000000000e+00 0.000000000000000000e+00 0.000000000000000000e+00 0.000000000000000000e+00 0.000000000000000000e+00 0.000000000000000000e+00 0.000000000000000000e+00 0.000000000000000000e+00 0.000000000000000000e+00 0.000000000000000000e+00 0.000000000000000000e+00
0.000000000000000000e+00 0.000000000000000000e+00 0.000000000000000000e+00 0.000000000000000000e+00 0.000000000000000000e+00 0.000000000000000000e+00 0.000000000000000000e+00 0.000000000000000000e+00 0.000000000000000000e+00 0.000000000000000000e+00 0.000000000000000000e+00 0.000000000000000000e+00 0.000000000000000000e+00 0.000000000000000000e+00 0.000000000000000000e+00
0.000000000000000000e+00 0.000000000000000000e+00 0.000000000000000000e+00 0.000000000000000000e+00 0.000000000000000000e+00 0.000000000000000000e+00 0.000000000000000000e+00 0.000000000000000000e+00 0.000000000000000000e+00 0.000000000000000000e+00 0.000000000000000000e+00 0.000000000000000000e+00 0.000000000000000000e+00 0.000000000000000000e+00 0.000000000000000000e+00
0.000000000000000000e+00 0.000000000000000000e+00 0.000000000000000000e+00 0.000000000000000000e+00 0.000000000000000000e+00 0.000000000000000000e+00 0.000000000000000000e+00 0.000000000000000000e+00 0.000000000000000000e+00 0.000000000000000000e+00 0.000000000000000000e+00 0.000000000000000000e+00 0.000000000000000000e+00 0.000000000000000000e+00 0.000000000000000000e+00
0.000000000000000000e+00 0.000000000000000000e+00 0.000000000000000000e+00 0.000000000000000000e+00 0.000000000000000000e+00 0.000000000000000000e+00 0.000000000000000000e+00 0.000000000000000000e+00 0.000000000000000000e+00 0.000000000000000000e+00 0.000000000000000000e+00 0.000000000000000000e+00 0.000000000000000000e+00 0.000000000000000000e+00 0.000000000000000000e+00
0.000000000000000000e+00 0.000000000000000000e+00 0.000000000000000000e+00 0.000000000000000000e+00 0.000000000000000000e+00 0.000000000000000000e+00 0.000000000000000000e+00 0.000000000000000000e+00 0.000000000000000000e+00 0.000000000000000000e+00 0.000000000000000000e+00 0.000000000000000000e+00 0.000000000000000000e+00 0.000000000000000000e+00 0.000000000000000000e+00
0.000000000000000000e+00 0.000000000000000000e+00 0.000000000000000000e+00 0.000000000000000000e+00 0.000000000000000000e+00 0.000000000000000000e+00 0.000000000000000000e+00 0.000000000000000000e+00 0.000000000000000000e+00 0.000000000000000000e+00 0.000000000000000000e+00 0.000000000000000000e+00 0.000000000000000000e+00 0.000000000000000000e+00 0.000000000000000000e+00
0.000000000000000000e+00 0.000000000000000000e+00 0.000000000000000000e+00 0.000000000000000000e+00 0.000000000000000000e+00 0.000000000000000000e+00 0.000000000000000000e+00 0.000000000000000000e+00 0.000000000000000000e+00 0.000000000000000000e+00 0.000000000000000000e+00 0.000000000000000000e+00 0.000000000000000000e+00 0.000000000000000000e+00 0.000000000000000000e+00
0.000000000000000000e+00 0.000000000000000000e+00 0.000000000000000000e+00 0.000000000000000000e+00 0.000000000000000000e+00 0.000000000000000000e+00 0.000000000000000000e+00 0.000000000000000000e+00 0.000000000000000000e+00 0.000000000000000000e+00 0.000000000000000000e+00 0.000000000000000000e+00 0.000000000000000000e+00 0.000000000000000000e+00 0.000000000000000000e+00
0.000000000000000000e+00 0.000000000000000000e+00 0.000000000000000000e+00 0.000000000000000000e+00 0.000000000000000000e+00 0.000000000000000000e+00 0.000000000000000000e+00 0.000000000000000000e+00 0.000000000000000000e+00 0.000000000000000000e+00 0.000000000000000000e+00 0.000000000000000000e+00 0.000000000000000000e+00 0.000000000000000000e+00 0.000000000000000000e+00
0.000000000000000000e+00 0.000000000000000000e+00 0.000000000000000000e+00 0.000000000000000000e+00 0.000000000000000000e+00 0.000000000000000000e+00 0.000000000000000000e+00 0.000000000000000000e+00 0.000000000000000000e+00 0.000000000000000000e+00 0.000000000000000000e+00 0.000000000000000000e+00 0.000000000000000000e+00 0.000000000000000000e+00 0.000000000000000000e+00
0.000000000000000000e+00 0.000000000000000000e+00 0.000000000000000000e+00 0.000000000000000000e+00 0.000000000000000000e+00 0.000000000000000000e+00 0.000000000000000000e+00 0.000000000000000000e+00 0.000000000000000000e+00 0.000000000000000000e+00 0.000000000000000000e+00 0.000000000000000000e+00 0.000000000000000000e+00 0.000000000000000000e+00 0.000000000000000000e+00
0.000000000000000000e+00 0.000000000000000000e+00 0.000000000000000000e+00 0.000000000000000000e+00 0.000000000000000000e+00 0.000000000000000000e+00 0.000000000000000000e+00 0.000000000000000000e+00 0.000000000000000000e+00 0.000000000000000000e+00 0.000000000000000000e+00 0.000000000000000000e+00 0.000000000000000000e+00 0.000000000000000000e+00 0.000000000000000000e+00
0.000000000000000000e+00 0.000000000000000000e+00 0.000000000000000000e+00 0.000000000000000000e+00 0.000000000000000000e+00 0.000000000000000000e+00 0.000000000000000000e+00 0.000000000000000000e+00 0.000000000000000000e+00 0.000000000000000000e+00 0.000000000000000000e+00 0.000000000000000000e+00 0.000000000000000000e+00 0.000000000000000000e+00 0.000000000000000000e+00
0.000000000000000000e+00 0.000000000000000000e+00 0.000000000000000000e+00 0.000000000000000000e+00 0.000000000000000000e+00 0.000000000000000000e+00 0.000000000000000000e+00 0.000000000000000000e+00 0.000000000000000000e+00 0.000000000000000000e+00 0.000000000000000000e+00 0.000000000000000000e+00 0.000000000000000000e+00 0.000000000000000000e+00 0.000000000000000000e+00
0.000000000000000000e+00 0.000000000000000000e+00 0.000000000000000000e+00 0.000000000000000000e+00 0.000000000000000000e+00 0.000000000000000000e+00 0.000000000000000000e+00 0.000000000000000000e+00 0.000000000000000000e+00 0.000000000000000000e+00 0.000000000000000000e+00 0.000000000000000000e+00 0.000000000000000000e+00 0.000000000000000000e+00 0.000000000000000000e+00
0.000000000000000000e+00 0.000000000000000000e+00 0.000000000000000000e+00 0.000000000000000000e+00 0.000000000000000000e+00 0.000000000000000000e+00 0.000000000000000000e+00 0.000000000000000000e+00 0.000000000000000000e+00 0.000000000000000000e+00 0.000000000000000000e+00 0.000000000000000000e+00 0.000000000000000000e+00 0.000000000000000000e+00 0.000000000000000000e+00
0.000000000000000000e+00 0.000000000000000000e+00 0.000000000000000000e+00 0.000000000000000000e+00 0.000000000000000000e+00 0.000000000000000000e+00 0.000000000000000000e+00 0.000000000000000000e+00 0.000000000000000000e+00 0.000000000000000000e+00 0.000000000000000000e+00 0.000000000000000000e+00 0.000000000000000000e+00 0.000000000000000000e+00 0.000000000000000000e+00
0.000000000000000000e+00 0.000000000000000000e+00 0.000000000000000000e+00 0.000000000000000000e+00 0.000000000000000000e+00 0.000000000000000000e+00 0.000000000000000000e+00 0.000000000000000000e+00 0.000000000000000000e+00 0.000000000000000000e+00 0.000000000000000000e+00 0.000000000000000000e+00 0.000000000000000000e+00 0.000000000000000000e+00 0.000000000000000000e+00
0.000000000000000000e+00 0.000000000000000000e+00 0.000000000000000000e+00 0.000000000000000000e+00 0.000000000000000000e+00 0.000000000000000000e+00 0.000000000000000000e+00 0.000000000000000000e+00 0.000000000000000000e+00 0.000000000000000000e+00 0.000000000000000000e+00 0.000000000000000000e+00 0.000000000000000000e+00 0.000000000000000000e+00 0.000000000000000000e+00
0.000000000000000000e+00 0.000000000000000000e+00 0.000000000000000000e+00 0.000000000000000000e+00 0.000000000000000000e+00 0.000000000000000000e+00 0.000000000000000000e+00 0.000000000000000000e+00 0.000000000000000000e+00 0.000000000000000000e+00 0.000000000000000000e+00 0.000000000000000000e+00 0.000000000000000000e+00 0.000000000000000000e+00 0.000000000000000000e+00
0.000000000000000000e+00 0.000000000000000000e+00 0.000000000000000000e+00 0.000000000000000000e+00 0.000000000000000000e+00 0.000000000000000000e+00 0.000000000000000000e+00 0.000000000000000000e+00 0.000000000000000000e+00 0.000000000000000000e+00 0.000000000000000000e+00 0.000000000000000000e+00 0.000000000000000000e+00 0.000000000000000000e+00 0.000000000000000000e+00
0.000000000000000000e+00 0.000000000000000000e+00 0.000000000000000000e+00 0.000000000000000000e+00 0.000000000000000000e+00 0.000000000000000000e+00 0.000000000000000000e+00 0.000000000000000000e+00 0.000000000000000000e+00 0.000000000000000000e+00 0.000000000000000000e+00 0.000000000000000000e+00 0.000000000000000000e+00 0.000000000000000000e+00 0.000000000000000000e+00
0.000000000000000000e+00 0.000000000000000000e+00 0.000000000000000000e+00 0.000000000000000000e+00 0.000000000000000000e+00 0.000000000000000000e+00 0.000000000000000000e+00 0.000000000000000000e+00 0.000000000000000000e+00 0.000000000000000000e+00 0.000000000000000000e+00 0.000000000000000000e+00 0.000000000000000000e+00 0.000000000000000000e+00 0.000000000000000000e+00
0.000000000000000000e+00 0.000000000000000000e+00 0.000000000000000000e+00 0.000000000000000000e+00 0.000000000000000000e+00 0.000000000000000000e+00 0.000000000000000000e+00 0.000000000000000000e+00 0.000000000000000000e+00 0.000000000000000000e+00 0.000000000000000000e+00 0.000000000000000000e+00 0.000000000000000000e+00 0.000000000000000000e+00 0.000000000000000000e+00
0.000000000000000000e+00 0.000000000000000000e+00 0.000000000000000000e+00 0.000000000000000000e+00 0.000000000000000000e+00 0.000000000000000000e+00 0.000000000000000000e+00 0.000000000000000000e+00 0.000000000000000000e+00 0.000000000000000000e+00 0.000000000000000000e+00 0.000000000000000000e+00 0.000000000000000000e+00 0.000000000000000000e+00 0.000000000000000000e+00
0.000000000000000000e+00 0.000000000000000000e+00 0.000000000000000000e+00 0.000000000000000000e+00 0.000000000000000000e+00 0.000000000000000000e+00 0.000000000000000000e+00 0.000000000000000000e+00 0.000000000000000000e+00 0.000000000000000000e+00 0.000000000000000000e+00 0.000000000000000000e+00 0.000000000000000000e+00 0.000000000000000000e+00 0.000000000000000000e+00
0.000000000000000000e+00 0.000000000000000000e+00 0.000000000000000000e+00 0.000000000000000000e+00 0.000000000000000000e+00 0.000000000000000000e+00 0.000000000000000000e+00 0.000000000000000000e+00 0.000000000000000000e+00 0.000000000000000000e+00 0.000000000000000000e+00 0.000000000000000000e+00 0.000000000000000000e+00 0.000000000000000000e+00 0.000000000000000000e+00
0.000000000000000000e+00 0.000000000000000000e+00 0.000000000000000000e+00 0.000000000000000000e+00 0.000000000000000000e+00 0.000000000000000000e+00 0.000000000000000000e+00 0.000000000000000000e+00 0.000000000000000000e+00 0.000000000000000000e+00 0.000000000000000000e+00 0.000000000000000000e+00 0.000000000000000000e+00 0.000000000000000000e+00 0.000000000000000000e+00
0.000000000000000000e+00 0.000000000000000000e+00 0.000000000000000000e+00 0.000000000000000000e+00 0.000000000000000000e+00 0.000000000000000000e+00 0.000000000000000000e+00 0.000000000000000000e+00 0.000000000000000000e+00 0.000000000000000000e+00 0.000000000000000000e+00 0.000000000000000000e+00 0.000000000000000000e+00 0.000000000000000000e+00 0.000000000000000000e+00
0.000000000000000000e+00 0.000000000000000000e+00 0.000000000000000000e+00 0.000000000000000000e+00 0.000000000000000000e+00 0.000000000000000000e+00 0.000000000000000000e+00 0.000000000000000000e+00 0.000000000000000000e+00 0.000000000000000000e+00 0.000000000000000000e+00 0.000000000000000000e+00 0.000000000000000000e+00 0.000000000000000000e+00 0.000000000000000000e+00
0.000000000000000000e+00 0.000000000000000000e+00 0.000000000000000000e+00 0.000000000000000000e+00 0.000000000000000000e+00 0.000000000000000000e+00 0.000000000000000000e+00 0.000000000000000000e+00 0.000000000000000000e+00 0.000000000000000000e+00 0.000000000000000000e+00 0.000000000000000000e+00 0.000000000000000000e+00 0.000000000000000000e+00 0.000000000000000000e+00
0.000000000000000000e+00 0.000000000000000000e+00 0.000000000000000000e+00 0.000000000000000000e+00 0.000000000000000000e+00 0.000000000000000000e+00 0.000000000000000000e+00 0.000000000000000000e+00 0.000000000000000000e+00 0.000000000000000000e+00 0.000000000000000000e+00 0.000000000000000000e+00 0.000000000000000000e+00 0.000000000000000000e+00 0.000000000000000000e+00
0.000000000000000000e+00 0.000000000000000000e+00 0.000000000000000000e+00 0.000000000000000000e+00 0.000000000000000000e+00 0.000000000000000000e+00 0.000000000000000000e+00 0.000000000000000000e+00 0.000000000000000000e+00 0.000000000000000000e+00 0.000000000000000000e+00 0.000000000000000000e+00 0.000000000000000000e+00 0.000000000000000000e+00 0.000000000000000000e+00
0.000000000000000000e+00 0.000000000000000000e+00 0.000000000000000000e+00 0.000000000000000000e+00 0.000000000000000000e+00 0.000000000000000000e+00 0.000000000000000000e+00 0.000000000000000000e+00 0.000000000000000000e+00 0.000000000000000000e+00 0.000000000000000000e+00 0.000000000000000000e+00 0.000000000000000000e+00 0.000000000000000000e+00 0.000000000000000000e+00
0.000000000000000000e+00 0.000000000000000000e+00 0.000000000000000000e+00 0.000000000000000000e+00 0.000000000000000000e+00 0.000000000000000000e+00 0.000000000000000000e+00 0.000000000000000000e+00 0.000000000000000000e+00 0.000000000000000000e+00 0.000000000000000000e+00 0.000000000000000000e+00 0.000000000000000000e+00 0.000000000000000000e+00 0.000000000000000000e+00
0.000000000000000000e+00 0.000000000000000000e+00 0.000000000000000000e+00 0.000000000000000000e+00 0.000000000000000000e+00 0.000000000000000000e+00 0.000000000000000000e+00 0.000000000000000000e+00 0.000000000000000000e+00 0.000000000000000000e+00 0.000000000000000000e+00 0.000000000000000000e+00 0.000000000000000000e+00 0.000000000000000000e+00 0.000000000000000000e+00
0.000000000000000000e+00 0.000000000000000000e+00 0.000000000000000000e+00 0.000000000000000000e+00 0.000000000000000000e+00 0.000000000000000000e+00 0.000000000000000000e+00 0.000000000000000000e+00 0.000000000000000000e+00 0.000000000000000000e+00 0.000000000000000000e+00 0.000000000000000000e+00 0.000000000000000000e+00 0.000000000000000000e+00 0.000000000000000000e+00
0.000000000000000000e+00 0.000000000000000000e+00 0.000000000000000000e+00 0.000000000000000000e+00 0.000000000000000000e+00 0.000000000000000000e+00 0.000000000000000000e+00 0.000000000000000000e+00 0.000000000000000000e+00 0.000000000000000000e+00 0.000000000000000000e+00 0.000000000000000000e+00 0.000000000000000000e+00 0.000000000000000000e+00 0.000000000000000000e+00
0.000000000000000000e+00 0.000000000000000000e+00 0.000000000000000000e+00 0.000000000000000000e+00 0.000000000000000000e+00 0.000000000000000000e+00 0.000000000000000000e+00 0.000000000000000000e+00 0.000000000000000000e+00 0.000000000000000000e+00 0.000000000000000000e+00 0.000000000000000000e+00 0.000000000000000000e+00 0.000000000000000000e+00 0.000000000000000000e+00
0.000000000000000000e+00 0.000000000000000000e+00 0.000000000000000000e+00 0.000000000000000000e+00 0.000000000000000000e+00 0.000000000000000000e+00 0.000000000000000000e+00 0.000000000000000000e+00 0.000000000000000000e+00 0.000000000000000000e+00 0.000000000000000000e+00 0.000000000000000000e+00 0.000000000000000000e+00 0.000000000000000000e+00 0.000000000000000000e+00
0.000000000000000000e+00 0.000000000000000000e+00 0.000000000000000000e+00 0.000000000000000000e+00 0.000000000000000000e+00 0.000000000000000000e+00 0.000000000000000000e+00 0.000000000000000000e+00 0.000000000000000000e+00 0.000000000000000000e+00 0.000000000000000000e+00 0.000000000000000000e+00 0.000000000000000000e+00 0.000000000000000000e+00 0.000000000000000000e+00
0.000000000000000000e+00 0.000000000000000000e+00 0.000000000000000000e+00 0.000000000000000000e+00 0.000000000000000000e+00 0.000000000000000000e+00 0.000000000000000000e+00 0.000000000000000000e+00 0.000000000000000000e+00 0.000000000000000000e+00 0.000000000000000000e+00 0.000000000000000000e+00 0.000000000000000000e+00 0.000000000000000000e+00 0.000000000000000000e+00
0.000000000000000000e+00 0.000000000000000000e+00 0.000000000000000000e+00 0.000000000000000000e+00 0.000000000000000000e+00 0.000000000000000000e+00 0.000000000000000000e+00 0.000000000000000000e+00 0.000000000000000000e+00 0.000000000000000000e+00 0.000000000000000000e+00 0.000000000000000000e+00 0.000000000000000000e+00 0.000000000000000000e+00 0.000000000000000000e+00
0.000000000000000000e+00 0.000000000000000000e+00 0.000000000000000000e+00 0.000000000000000000e+00 0.000000000000000000e+00 0.000000000000000000e+00 0.000000000000000000e+00 0.000000000000000000e+00 0.000000000000000000e+00 0.000000000000000000e+00 0.000000000000000000e+00 0.000000000000000000e+00 0.000000000000000000e+00 0.000000000000000000e+00 0.000000000000000000e+00
0.000000000000000000e+00 0.000000000000000000e+00 0.000000000000000000e+00 0.000000000000000000e+00 0.000000000000000000e+00 0.000000000000000000e+00 0.000000000000000000e+00 0.000000000000000000e+00 0.000000000000000000e+00 0.000000000000000000e+00 0.000000000000000000e+00 0.000000000000000000e+00 0.000000000000000000e+00 0.000000000000000000e+00 0.000000000000000000e+00
0.000000000000000000e+00 0.000000000000000000e+00 0.000000000000000000e+00 0.000000000000000000e+00 0.000000000000000000e+00 0.000000000000000000e+00 0.000000000000000000e+00 0.000000000000000000e+00 0.000000000000000000e+00 0.000000000000000000e+00 0.000000000000000000e+00 0.000000000000000000e+00 0.000000000000000000e+00 0.000000000000000000e+00 0.000000000000000000e+00
0.000000000000000000e+00 0.000000000000000000e+00 0.000000000000000000e+00 0.000000000000000000e+00 0.000000000000000000e+00 0.000000000000000000e+00 0.000000000000000000e+00 0.000000000000000000e+00 0.000000000000000000e+00 0.000000000000000000e+00 0.000000000000000000e+00 0.000000000000000000e+00 0.000000000000000000e+00 0.000000000000000000e+00 0.000000000000000000e+00
0.000000000000000000e+00 0.000000000000000000e+00 0.000000000000000000e+00 0.000000000000000000e+00 0.000000000000000000e+00 0.000000000000000000e+00 0.000000000000000000e+00 0.000000000000000000e+00 0.000000000000000000e+00 0.000000000000000000e+00 0.000000000000000000e+00 0.000000000000000000e+00 0.000000000000000000e+00 0.000000000000000000e+00 0.000000000000000000e+00
0.000000000000000000e+00 0.000000000000000000e+00 0.000000000000000000e+00 0.000000000000000000e+00 0.000000000000000000e+00 0.000000000000000000e+00 0.000000000000000000e+00 0.000000000000000000e+00 0.000000000000000000e+00 0.000000000000000000e+00 0.000000000000000000e+00 0.000000000000000000e+00 0.000000000000000000e+00 0.000000000000000000e+00 0.000000000000000000e+00
0.000000000000000000e+00 0.000000000000000000e+00 0.000000000000000000e+00 0.000000000000000000e+00 0.000000000000000000e+00 0.000000000000000000e+00 0.000000000000000000e+00 0.000000000000000000e+00 0.000000000000000000e+00 0.000000000000000000e+00 0.000000000000000000e+00 0.000000000000000000e+00 0.000000000000000000e+00 0.000000000000000000e+00 0.000000000000000000e+00
0.000000000000000000e+00 0.000000000000000000e+00 0.000000000000000000e+00 0.000000000000000000e+00 0.000000000000000000e+00 0.000000000000000000e+00 0.000000000000000000e+00 0.000000000000000000e+00 0.000000000000000000e+00 0.000000000000000000e+00 0.000000000000000000e+00 0.000000000000000000e+00 0.000000000000000000e+00 0.000000000000000000e+00 0.000000000000000000e+00
0.000000000000000000e+00 0.000000000000000000e+00 0.000000000000000000e+00 0.000000000000000000e+00 0.000000000000000000e+00 0.000000000000000000e+00 0.000000000000000000e+00 0.000000000000000000e+00 0.000000000000000000e+00 0.000000000000000000e+00 0.000000000000000000e+00 0.000000000000000000e+00 0.000000000000000000e+00 0.000000000000000000e+00 0.000000000000000000e+00
0.000000000000000000e+00 0.000000000000000000e+00 0.000000000000000000e+00 0.000000000000000000e+00 0.000000000000000000e+00 0.000000000000000000e+00 0.000000000000000000e+00 0.000000000000000000e+00 0.000000000000000000e+00 0.000000000000000000e+00 0.000000000000000000e+00 0.000000000000000000e+00 0.000000000000000000e+00 0.000000000000000000e+00 0.000000000000000000e+00
0.000000000000000000e+00 0.000000000000000000e+00 0.000000000000000000e+00 0.000000000000000000e+00 0.000000000000000000e+00 0.000000000000000000e+00 0.000000000000000000e+00 0.000000000000000000e+00 0.000000000000000000e+00 0.000000000000000000e+00 0.000000000000000000e+00 0.000000000000000000e+00 0.000000000000000000e+00 0.000000000000000000e+00 0.000000000000000000e+00
0.000000000000000000e+00 0.000000000000000000e+00 0.000000000000000000e+00 0.000000000000000000e+00 0.000000000000000000e+00 0.000000000000000000e+00 0.000000000000000000e+00 0.000000000000000000e+00 0.000000000000000000e+00 0.000000000000000000e+00 0.000000000000000000e+00 0.000000000000000000e+00 0.000000000000000000e+00 0.000000000000000000e+00 0.000000000000000000e+00
0.000000000000000000e+00 0.000000000000000000e+00 0.000000000000000000e+00 0.000000000000000000e+00 0.000000000000000000e+00 0.000000000000000000e+00 0.000000000000000000e+00 0.000000000000000000e+00 0.000000000000000000e+00 0.000000000000000000e+00 0.000000000000000000e+00 0.000000000000000000e+00 0.000000000000000000e+00 0.000000000000000000e+00 0.000000000000000000e+00
0.000000000000000000e+00 0.000000000000000000e+00 0.000000000000000000e+00 0.000000000000000000e+00 0.000000000000000000e+00 0.000000000000000000e+00 0.000000000000000000e+00 0.000000000000000000e+00 0.000000000000000000e+00 0.000000000000000000e+00 0.000000000000000000e+00 0.000000000000000000e+00 0.000000000000000000e+00 0.000000000000000000e+00 0.000000000000000000e+00
0.000000000000000000e+00 0.000000000000000000e+00 0.000000000000000000e+00 0.000000000000000000e+00 0.000000000000000000e+00 0.000000000000000000e+00 0.000000000000000000e+00 0.000000000000000000e+00 0.000000000000000000e+00 0.000000000000000000e+00 0.000000000000000000e+00 0.000000000000000000e+00 0.000000000000000000e+00 0.000000000000000000e+00 0.000000000000000000e+00
0.000000000000000000e+00 0.000000000000000000e+00 0.000000000000000000e+00 0.000000000000000000e+00 0.000000000000000000e+00 0.000000000000000000e+00 0.000000000000000000e+00 0.000000000000000000e+00 0.000000000000000000e+00 0.000000000000000000e+00 0.000000000000000000e+00 0.000000000000000000e+00 0.000000000000000000e+00 0.000000000000000000e+00 0.000000000000000000e+00
0.000000000000000000e+00 0.000000000000000000e+00 0.000000000000000000e+00 0.000000000000000000e+00 0.000000000000000000e+00 0.000000000000000000e+00 0.000000000000000000e+00 0.000000000000000000e+00 0.000000000000000000e+00 0.000000000000000000e+00 0.000000000000000000e+00 0.000000000000000000e+00 0.000000000000000000e+00 0.000000000000000000e+00 0.000000000000000000e+00
0.000000000000000000e+00 0.000000000000000000e+00 0.000000000000000000e+00 0.000000000000000000e+00 0.000000000000000000e+00 0.000000000000000000e+00 0.000000000000000000e+00 0.000000000000000000e+00 0.000000000000000000e+00 0.000000000000000000e+00 0.000000000000000000e+00 0.000000000000000000e+00 0.000000000000000000e+00 0.000000000000000000e+00 0.000000000000000000e+00
0.000000000000000000e+00 0.000000000000000000e+00 0.000000000000000000e+00 0.000000000000000000e+00 0.000000000000000000e+00 0.000000000000000000e+00 0.000000000000000000e+00 0.000000000000000000e+00 0.000000000000000000e+00 0.000000000000000000e+00 0.000000000000000000e+00 0.000000000000000000e+00 0.000000000000000000e+00 0.000000000000000000e+00 0.000000000000000000e+00
0.000000000000000000e+00 0.000000000000000000e+00 0.000000000000000000e+00 0.000000000000000000e+00 0.000000000000000000e+00 0.000000000000000000e+00 0.000000000000000000e+00 0.000000000000000000e+00 0.000000000000000000e+00 0.000000000000000000e+00 0.000000000000000000e+00 0.000000000000000000e+00 0.000000000000000000e+00 0.000000000000000000e+00 0.000000000000000000e+00
0.000000000000000000e+00 0.000000000000000000e+00 0.000000000000000000e+00 0.000000000000000000e+00 0.000000000000000000e+00 0.000000000000000000e+00 0.000000000000000000e+00 0.000000000000000000e+00 0.000000000000000000e+00 0.000000000000000000e+00 0.000000000000000000e+00 0.000000000000000000e+00 0.000000000000000000e+00 0.000000000000000000e+00 0.000000000000000000e+00
0.000000000000000000e+00 0.000000000000000000e+00 0.000000000000000000e+00 0.000000000000000000e+00 0.000000000000000000e+00 0.000000000000000000e+00 0.000000000000000000e+00 0.000000000000000000e+00 0.000000000000000000e+00 0.000000000000000000e+00 0.000000000000000000e+00 0.000000000000000000e+00 0.000000000000000000e+00 0.000000000000000000e+00 0.000000000000000000e+00
0.000000000000000000e+00 0.000000000000000000e+00 0.000000000000000000e+00 0.000000000000000000e+00 0.000000000000000000e+00 0.000000000000000000e+00 0.000000000000000000e+00 0.000000000000000000e+00 0.000000000000000000e+00 0.000000000000000000e+00 0.000000000000000000e+00 0.000000000000000000e+00 0.000000000000000000e+00 0.000000000000000000e+00 0.000000000000000000e+00
0.000000000000000000e+00 0.000000000000000000e+00 0.000000000000000000e+00 0.000000000000000000e+00 0.000000000000000000e+00 0.000000000000000000e+00 0.000000000000000000e+00 0.000000000000000000e+00 0.000000000000000000e+00 0.000000000000000000e+00 0.000000000000000000e+00 0.000000000000000000e+00 0.000000000000000000e+00 0.000000000000000000e+00 0.000000000000000000e+00
0.000000000000000000e+00 0.000000000000000000e+00 0.000000000000000000e+00 0.000000000000000000e+00 0.000000000000000000e+00 0.000000000000000000e+00 0.000000000000000000e+00 0.000000000000000000e+00 0.000000000000000000e+00 0.000000000000000000e+00 0.000000000000000000e+00 0.000000000000000000e+00 0.000000000000000000e+00 0.000000000000000000e+00 0.000000000000000000e+00
0.000000000000000000e+00 0.000000000000000000e+00 0.000000000000000000e+00 0.000000000000000000e+00 0.000000000000000000e+00 0.000000000000000000e+00 0.000000000000000000e+00 0.000000000000000000e+00 0.000000000000000000e+00 0.000000000000000000e+00 0.000000000000000000e+00 0.000000000000000000e+00 0.000000000000000000e+00 0.000000000000000000e+00 0.000000000000000000e+00
0.000000000000000000e+00 0.000000000000000000e+00 0.000000000000000000e+00 0.000000000000000000e+00 0.000000000000000000e+00 0.000000000000000000e+00 0.000000000000000000e+00 0.000000000000000000e+00 0.000000000000000000e+00 0.000000000000000000e+00 0.000000000000000000e+00 0.000000000000000000e+00 0.000000000000000000e+00 0.000000000000000000e+00 0.000000000000000000e+00
0.000000000000000000e+00 0.000000000000000000e+00 0.000000000000000000e+00 0.000000000000000000e+00 0.000000000000000000e+00 0.000000000000000000e+00 0.000000000000000000e+00 0.000000000000000000e+00 0.000000000000000000e+00 0.000000000000000000e+00 0.000000000000000000e+00 0.000000000000000000e+00 0.000000000000000000e+00 0.000000000000000000e+00 0.000000000000000000e+00
0.000000000000000000e+00 0.000000000000000000e+00 0.000000000000000000e+00 0.000000000000000000e+00 0.000000000000000000e+00 0.000000000000000000e+00 0.000000000000000000e+00 0.000000000000000000e+00 0.000000000000000000e+00 0.000000000000000000e+00 0.000000000000000000e+00 0.000000000000000000e+00 0.000000000000000000e+00 0.000000000000000000e+00 0.000000000000000000e+00
0.000000000000000000e+00 0.000000000000000000e+00 0.000000000000000000e+00 0.000000000000000000e+00 0.000000000000000000e+00 0.000000000000000000e+00 0.000000000000000000e+00 0.000000000000000000e+00 0.000000000000000000e+00 0.000000000000000000e+00 0.000000000000000000e+00 0.000000000000000000e+00 0.000000000000000000e+00 0.000000000000000000e+00 0.000000000000000000e+00
0.000000000000000000e+00 0.000000000000000000e+00 0.000000000000000000e+00 0.000000000000000000e+00 0.000000000000000000e+00 0.000000000000000000e+00 0.000000000000000000e+00 0.000000000000000000e+00 0.000000000000000000e+00 0.000000000000000000e+00 0.000000000000000000e+00 0.000000000000000000e+00 0.000000000000000000e+00 0.000000000000000000e+00 0.000000000000000000e+00
0.000000000000000000e+00 0.000000000000000000e+00 0.000000000000000000e+00 0.000000000000000000e+00 0.000000000000000000e+00 0.000000000000000000e+00 0.000000000000000000e+00 0.000000000000000000e+00 0.000000000000000000e+00 0.000000000000000000e+00 0.000000000000000000e+00 0.000000000000000000e+00 0.000000000000000000e+00 0.000000000000000000e+00 0.000000000000000000e+00
0.000000000000000000e+00 0.000000000000000000e+00 0.000000000000000000e+00 0.000000000000000000e+00 0.000000000000000000e+00 0.000000000000000000e+00 0.000000000000000000e+00 0.000000000000000000e+00 0.000000000000000000e+00 0.000000000000000000e+00 0.000000000000000000e+00 0.000000000000000000e+00 0.000000000000000000e+00 0.000000000000000000e+00 0.000000000000000000e+00
0.000000000000000000e+00 0.000000000000000000e+00 0.000000000000000000e+00 0.000000000000000000e+00 0.000000000000000000e+00 0.000000000000000000e+00 0.000000000000000000e+00 0.000000000000000000e+00 0.000000000000000000e+00 0.000000000000000000e+00 0.000000000000000000e+00 0.000000000000000000e+00 0.000000000000000000e+00 0.000000000000000000e+00 0.000000000000000000e+00
0.000000000000000000e+00 0.000000000000000000e+00 0.000000000000000000e+00 0.000000000000000000e+00 0.000000000000000000e+00 0.000000000000000000e+00 0.000000000000000000e+00 0.000000000000000000e+00 0.000000000000000000e+00 0.000000000000000000e+00 0.000000000000000000e+00 0.000000000000000000e+00 0.000000000000000000e+00 0.000000000000000000e+00 0.000000000000000000e+00
0.000000000000000000e+00 0.000000000000000000e+00 0.000000000000000000e+00 0.000000000000000000e+00 0.000000000000000000e+00 0.000000000000000000e+00 0.000000000000000000e+00 0.000000000000000000e+00 0.000000000000000000e+00 0.000000000000000000e+00 0.000000000000000000e+00 0.000000000000000000e+00 0.000000000000000000e+00 0.000000000000000000e+00 0.000000000000000000e+00
0.000000000000000000e+00 0.000000000000000000e+00 0.000000000000000000e+00 0.000000000000000000e+00 0.000000000000000000e+00 0.000000000000000000e+00 0.000000000000000000e+00 0.000000000000000000e+00 0.000000000000000000e+00 0.000000000000000000e+00 0.000000000000000000e+00 0.000000000000000000e+00 0.000000000000000000e+00 0.000000000000000000e+00 0.000000000000000000e+00
0.000000000000000000e+00 0.000000000000000000e+00 0.000000000000000000e+00 0.000000000000000000e+00 0.000000000000000000e+00 0.000000000000000000e+00 0.000000000000000000e+00 0.000000000000000000e+00 0.000000000000000000e+00 0.000000000000000000e+00 0.000000000000000000e+00 0.000000000000000000e+00 0.000000000000000000e+00 0.000000000000000000e+00 0.000000000000000000e+00
0.000000000000000000e+00 0.000000000000000000e+00 0.000000000000000000e+00 0.000000000000000000e+00 0.000000000000000000e+00 0.000000000000000000e+00 0.000000000000000000e+00 0.000000000000000000e+00 0.000000000000000000e+00 0.000000000000000000e+00 0.000000000000000000e+00 0.000000000000000000e+00 0.000000000000000000e+00 0.000000000000000000e+00 0.000000000000000000e+00
0.000000000000000000e+00 0.000000000000000000e+00 0.000000000000000000e+00 0.000000000000000000e+00 0.000000000000000000e+00 0.000000000000000000e+00 0.000000000000000000e+00 0.000000000000000000e+00 0.000000000000000000e+00 0.000000000000000000e+00 0.000000000000000000e+00 0.000000000000000000e+00 0.000000000000000000e+00 0.000000000000000000e+00 0.000000000000000000e+00
0.000000000000000000e+00 0.000000000000000000e+00 0.000000000000000000e+00 0.000000000000000000e+00 0.000000000000000000e+00 0.000000000000000000e+00 0.000000000000000000e+00 0.000000000000000000e+00 0.000000000000000000e+00 0.000000000000000000e+00 0.000000000000000000e+00 0.000000000000000000e+00 0.000000000000000000e+00 0.000000000000000000e+00 0.000000000000000000e+00
0.000000000000000000e+00 0.000000000000000000e+00 0.000000000000000000e+00 0.000000000000000000e+00 0.000000000000000000e+00 0.000000000000000000e+00 0.000000000000000000e+00 0.000000000000000000e+00 0.000000000000000000e+00 0.000000000000000000e+00 0.000000000000000000e+00 0.000000000000000000e+00 0.000000000000000000e+00 0.000000000000000000e+00 0.000000000000000000e+00
0.000000000000000000e+00 0.000000000000000000e+00 0.000000000000000000e+00 0.000000000000000000e+00 0.000000000000000000e+00 0.000000000000000000e+00 0.000000000000000000e+00 0.000000000000000000e+00 0.000000000000000000e+00 0.000000000000000000e+00 0.000000000000000000e+00 0.000000000000000000e+00 0.000000000000000000e+00 0.000000000000000000e+00 0.000000000000000000e+00
0.000000000000000000e+00 0.000000000000000000e+00 0.000000000000000000e+00 0.000000000000000000e+00 0.000000000000000000e+00 0.000000000000000000e+00 0.000000000000000000e+00 0.000000000000000000e+00 0.000000000000000000e+00 0.000000000000000000e+00 0.000000000000000000e+00 0.000000000000000000e+00 0.000000000000000000e+00 0.000000000000000000e+00 0.000000000000000000e+00
0.000000000000000000e+00 0.000000000000000000e+00 0.000000000000000000e+00 0.000000000000000000e+00 0.000000000000000000e+00 0.000000000000000000e+00 0.000000000000000000e+00 0.000000000000000000e+00 0.000000000000000000e+00 0.000000000000000000e+00 0.000000000000000000e+00 0.000000000000000000e+00 0.000000000000000000e+00 0.000000000000000000e+00 0.000000000000000000e+00
0.000000000000000000e+00 0.000000000000000000e+00 0.000000000000000000e+00 0.000000000000000000e+00 0.000000000000000000e+00 0.000000000000000000e+00 0.000000000000000000e+00 0.000000000000000000e+00 0.000000000000000000e+00 0.000000000000000000e+00 0.000000000000000000e+00 0.000000000000000000e+00 0.000000000000000000e+00 0.000000000000000000e+00 0.000000000000000000e+00
0.000000000000000000e+00 0.000000000000000000e+00 0.000000000000000000e+00 0.000000000000000000e+00 0.000000000000000000e+00 0.000000000000000000e+00 0.000000000000000000e+00 0.000000000000000000e+00 0.000000000000000000e+00 0.000000000000000000e+00 0.000000000000000000e+00 0.000000000000000000e+00 0.000000000000000000e+00 0.000000000000000000e+00 0.000000000000000000e+00
0.000000000000000000e+00 0.000000000000000000e+00 0.000000000000000000e+00 0.000000000000000000e+00 0.000000000000000000e+00 0.000000000000000000e+00 0.000000000000000000e+00 0.000000000000000000e+00 0.000000000000000000e+00 0.000000000000000000e+00 0.000000000000000000e+00 0.000000000000000000e+00 0.000000000000000000e+00 0.000000000000000000e+00 0.000000000000000000e+00
0.000000000000000000e+00 0.000000000000000000e+00 0.000000000000000000e+00 0.000000000000000000e+00 0.000000000000000000e+00 0.000000000000000000e+00 0.000000000000000000e+00 0.000000000000000000e+00 0.000000000000000000e+00 0.000000000000000000e+00 0.000000000000000000e+00 0.000000000000000000e+00 0.000000000000000000e+00 0.000000000000000000e+00 0.000000000000000000e+00
0.000000000000000000e+00 0.000000000000000000e+00 0.000000000000000000e+00 0.000000000000000000e+00 0.000000000000000000e+00 0.000000000000000000e+00 0.000000000000000000e+00 0.000000000000000000e+00 0.000000000000000000e+00 0.000000000000000000e+00 0.000000000000000000e+00 0.000000000000000000e+00 0.000000000000000000e+00 0.000000000000000000e+00 0.000000000000000000e+00
0.000000000000000000e+00 0.000000000000000000e+00 0.000000000000000000e+00 0.000000000000000000e+00 0.000000000000000000e+00 0.000000000000000000e+00 0.000000000000000000e+00 0.000000000000000000e+00 0.000000000000000000e+00 0.000000000000000000e+00 0.000000000000000000e+00 0.000000000000000000e+00 0.000000000000000000e+00 0.000000000000000000e+00 0.000000000000000000e+00
0.000000000000000000e+00 0.000000000000000000e+00 0.000000000000000000e+00 0.000000000000000000e+00 0.000000000000000000e+00 0.000000000000000000e+00 0.000000000000000000e+00 0.000000000000000000e+00 0.000000000000000000e+00 0.000000000000000000e+00 0.000000000000000000e+00 0.000000000000000000e+00 0.000000000000000000e+00 0.000000000000000000e+00 0.000000000000000000e+00
0.000000000000000000e+00 0.000000000000000000e+00 0.000000000000000000e+00 0.000000000000000000e+00 0.000000000000000000e+00 0.000000000000000000e+00 0.000000000000000000e+00 0.000000000000000000e+00 0.000000000000000000e+00 0.000000000000000000e+00 0.000000000000000000e+00 0.000000000000000000e+00 0.000000000000000000e+00 0.000000000000000000e+00 0.000000000000000000e+00
0.000000000000000000e+00 0.000000000000000000e+00 0.000000000000000000e+00 0.000000000000000000e+00 0.000000000000000000e+00 0.000000000000000000e+00 0.000000000000000000e+00 0.000000000000000000e+00 0.000000000000000000e+00 0.000000000000000000e+00 0.000000000000000000e+00 0.000000000000000000e+00 0.000000000000000000e+00 0.000000000000000000e+00 0.000000000000000000e+00
0.000000000000000000e+00 0.000000000000000000e+00 0.000000000000000000e+00 0.000000000000000000e+00 0.000000000000000000e+00 0.000000000000000000e+00 0.000000000000000000e+00 0.000000000000000000e+00 0.000000000000000000e+00 0.000000000000000000e+00 0.000000000000000000e+00 0.000000000000000000e+00 0.000000000000000000e+00 0.000000000000000000e+00 0.000000000000000000e+00
0.000000000000000000e+00 0.000000000000000000e+00 0.000000000000000000e+00 0.000000000000000000e+00 0.000000000000000000e+00 0.000000000000000000e+00 0.000000000000000000e+00 0.000000000000000000e+00 0.000000000000000000e+00 0.000000000000000000e+00 0.000000000000000000e+00 0.000000000000000000e+00 0.000000000000000000e+00 0.000000000000000000e+00 0.000000000000000000e+00
0.000000000000000000e+00 0.000000000000000000e+00 0.000000000000000000e+00 0.000000000000000000e+00 0.000000000000000000e+00 0.000000000000000000e+00 0.000000000000000000e+00 0.000000000000000000e+00 0.000000000000000000e+00 0.000000000000000000e+00 0.000000000000000000e+00 0.000000000000000000e+00 0.000000000000000000e+00 0.000000000000000000e+00 0.000000000000000000e+00
0.000000000000000000e+00 0.000000000000000000e+00 0.000000000000000000e+00 0.000000000000000000e+00 0.000000000000000000e+00 0.000000000000000000e+00 0.000000000000000000e+00 0.000000000000000000e+00 0.000000000000000000e+00 0.000000000000000000e+00 0.000000000000000000e+00 0.000000000000000000e+00 0.000000000000000000e+00 0.000000000000000000e+00 0.000000000000000000e+00
0.000000000000000000e+00 0.000000000000000000e+00 0.000000000000000000e+00 0.000000000000000000e+00 0.000000000000000000e+00 0.000000000000000000e+00 0.000000000000000000e+00 0.000000000000000000e+00 0.000000000000000000e+00 0.000000000000000000e+00 0.000000000000000000e+00 0.000000000000000000e+00 0.000000000000000000e+00 0.000000000000000000e+00 0.000000000000000000e+00
0.000000000000000000e+00 0.000000000000000000e+00 0.000000000000000000e+00 0.000000000000000000e+00 0.000000000000000000e+00 0.000000000000000000e+00 0.000000000000000000e+00 0.000000000000000000e+00 0.000000000000000000e+00 0.000000000000000000e+00 0.000000000000000000e+00 0.000000000000000000e+00 0.000000000000000000e+00 0.000000000000000000e+00 0.000000000000000000e+00
0.000000000000000000e+00 0.000000000000000000e+00 0.000000000000000000e+00 0.000000000000000000e+00 0.000000000000000000e+00 0.000000000000000000e+00 0.000000000000000000e+00 0.000000000000000000e+00 0.000000000000000000e+00 0.000000000000000000e+00 0.000000000000000000e+00 0.000000000000000000e+00 0.000000000000000000e+00 0.000000000000000000e+00 0.000000000000000000e+00
0.000000000000000000e+00 0.000000000000000000e+00 0.000000000000000000e+00 0.000000000000000000e+00 0.000000000000000000e+00 0.000000000000000000e+00 0.000000000000000000e+00 0.000000000000000000e+00 0.000000000000000000e+00 0.000000000000000000e+00 0.000000000000000000e+00 0.000000000000000000e+00 0.000000000000000000e+00 0.000000000000000000e+00 0.000000000000000000e+00
0.000000000000000000e+00 0.000000000000000000e+00 0.000000000000000000e+00 0.000000000000000000e+00 0.000000000000000000e+00 0.000000000000000000e+00 0.000000000000000000e+00 0.000000000000000000e+00 0.000000000000000000e+00 0.000000000000000000e+00 0.000000000000000000e+00 0.000000000000000000e+00 0.000000000000000000e+00 0.000000000000000000e+00 0.000000000000000000e+00
0.000000000000000000e+00 0.000000000000000000e+00 0.000000000000000000e+00 0.000000000000000000e+00 0.000000000000000000e+00 0.000000000000000000e+00 0.000000000000000000e+00 0.000000000000000000e+00 0.000000000000000000e+00 0.000000000000000000e+00 0.000000000000000000e+00 0.000000000000000000e+00 0.000000000000000000e+00 0.000000000000000000e+00 0.000000000000000000e+00
0.000000000000000000e+00 0.000000000000000000e+00 0.000000000000000000e+00 0.000000000000000000e+00 0.000000000000000000e+00 0.000000000000000000e+00 0.000000000000000000e+00 0.000000000000000000e+00 0.000000000000000000e+00 0.000000000000000000e+00 0.000000000000000000e+00 0.000000000000000000e+00 0.000000000000000000e+00 0.000000000000000000e+00 0.000000000000000000e+00
0.000000000000000000e+00 0.000000000000000000e+00 0.000000000000000000e+00 0.000000000000000000e+00 0.000000000000000000e+00 0.000000000000000000e+00 0.000000000000000000e+00 0.000000000000000000e+00 0.000000000000000000e+00 0.000000000000000000e+00 0.000000000000000000e+00 0.000000000000000000e+00 0.000000000000000000e+00 0.000000000000000000e+00 0.000000000000000000e+00
0.000000000000000000e+00 0.000000000000000000e+00 0.000000000000000000e+00 0.000000000000000000e+00 0.000000000000000000e+00 0.000000000000000000e+00 0.000000000000000000e+00 0.000000000000000000e+00 0.000000000000000000e+00 0.000000000000000000e+00 0.000000000000000000e+00 0.000000000000000000e+00 0.000000000000000000e+00 0.000000000000000000e+00 0.000000000000000000e+00
0.000000000000000000e+00 0.000000000000000000e+00 0.000000000000000000e+00 0.000000000000000000e+00 0.000000000000000000e+00 0.000000000000000000e+00 0.000000000000000000e+00 0.000000000000000000e+00 0.000000000000000000e+00 0.000000000000000000e+00 0.000000000000000000e+00 0.000000000000000000e+00 0.000000000000000000e+00 0.000000000000000000e+00 0.000000000000000000e+00
0.000000000000000000e+00 0.000000000000000000e+00 0.000000000000000000e+00 0.000000000000000000e+00 0.000000000000000000e+00 0.000000000000000000e+00 0.000000000000000000e+00 0.000000000000000000e+00 0.000000000000000000e+00 0.000000000000000000e+00 0.000000000000000000e+00 0.000000000000000000e+00 0.000000000000000000e+00 0.000000000000000000e+00 0.000000000000000000e+00
0.000000000000000000e+00 0.000000000000000000e+00 0.000000000000000000e+00 0.000000000000000000e+00 0.000000000000000000e+00 0.000000000000000000e+00 0.000000000000000000e+00 0.000000000000000000e+00 0.000000000000000000e+00 0.000000000000000000e+00 0.000000000000000000e+00 0.000000000000000000e+00 0.000000000000000000e+00 0.000000000000000000e+00 0.000000000000000000e+00
0.000000000000000000e+00 0.000000000000000000e+00 0.000000000000000000e+00 0.000000000000000000e+00 0.000000000000000000e+00 0.000000000000000000e+00 0.000000000000000000e+00 0.000000000000000000e+00 0.000000000000000000e+00 0.000000000000000000e+00 0.000000000000000000e+00 0.000000000000000000e+00 0.000000000000000000e+00 0.000000000000000000e+00 0.000000000000000000e+00
0.000000000000000000e+00 0.000000000000000000e+00 0.000000000000000000e+00 0.000000000000000000e+00 0.000000000000000000e+00 0.000000000000000000e+00 0.000000000000000000e+00 0.000000000000000000e+00 0.000000000000000000e+00 0.000000000000000000e+00 0.000000000000000000e+00 0.000000000000000000e+00 0.000000000000000000e+00 0.000000000000000000e+00 0.000000000000000000e+00
0.000000000000000000e+00 0.000000000000000000e+00 0.000000000000000000e+00 0.000000000000000000e+00 0.000000000000000000e+00 0.000000000000000000e+00 0.000000000000000000e+00 0.000000000000000000e+00 0.000000000000000000e+00 0.000000000000000000e+00 0.000000000000000000e+00 0.000000000000000000e+00 0.000000000000000000e+00 0.000000000000000000e+00 0.000000000000000000e+00
0.000000000000000000e+00 0.000000000000000000e+00 0.000000000000000000e+00 0.000000000000000000e+00 0.000000000000000000e+00 0.000000000000000000e+00 0.000000000000000000e+00 0.000000000000000000e+00 0.000000000000000000e+00 0.000000000000000000e+00 0.000000000000000000e+00 0.000000000000000000e+00 0.000000000000000000e+00 0.000000000000000000e+00 0.000000000000000000e+00
0.000000000000000000e+00 0.000000000000000000e+00 0.000000000000000000e+00 0.000000000000000000e+00 0.000000000000000000e+00 0.000000000000000000e+00 0.000000000000000000e+00 0.000000000000000000e+00 0.000000000000000000e+00 0.000000000000000000e+00 0.000000000000000000e+00 0.000000000000000000e+00 0.000000000000000000e+00 0.000000000000000000e+00 0.000000000000000000e+00
0.000000000000000000e+00 0.000000000000000000e+00 0.000000000000000000e+00 0.000000000000000000e+00 0.000000000000000000e+00 0.000000000000000000e+00 0.000000000000000000e+00 0.000000000000000000e+00 0.000000000000000000e+00 0.000000000000000000e+00 0.000000000000000000e+00 0.000000000000000000e+00 0.000000000000000000e+00 0.000000000000000000e+00 0.000000000000000000e+00
0.000000000000000000e+00 0.000000000000000000e+00 0.000000000000000000e+00 0.000000000000000000e+00 0.000000000000000000e+00 0.000000000000000000e+00 0.000000000000000000e+00 0.000000000000000000e+00 0.000000000000000000e+00 0.000000000000000000e+00 0.000000000000000000e+00 0.000000000000000000e+00 0.000000000000000000e+00 0.000000000000000000e+00 0.000000000000000000e+00
0.000000000000000000e+00 0.000000000000000000e+00 0.000000000000000000e+00 0.000000000000000000e+00 0.000000000000000000e+00 0.000000000000000000e+00 0.000000000000000000e+00 0.000000000000000000e+00 0.000000000000000000e+00 0.000000000000000000e+00 0.000000000000000000e+00 0.000000000000000000e+00 0.000000000000000000e+00 0.000000000000000000e+00 0.000000000000000000e+00
0.000000000000000000e+00 0.000000000000000000e+00 0.000000000000000000e+00 0.000000000000000000e+00 0.000000000000000000e+00 0.000000000000000000e+00 0.000000000000000000e+00 0.000000000000000000e+00 0.000000000000000000e+00 0.000000000000000000e+00 0.000000000000000000e+00 0.000000000000000000e+00 0.000000000000000000e+00 0.000000000000000000e+00 0.000000000000000000e+00
0.000000000000000000e+00 0.000000000000000000e+00 0.000000000000000000e+00 0.000000000000000000e+00 0.000000000000000000e+00 0.000000000000000000e+00 0.000000000000000000e+00 0.000000000000000000e+00 0.000000000000000000e+00 0.000000000000000000e+00 0.000000000000000000e+00 0.000000000000000000e+00 0.000000000000000000e+00 0.000000000000000000e+00 0.000000000000000000e+00
0.000000000000000000e+00 0.000000000000000000e+00 0.000000000000000000e+00 0.000000000000000000e+00 0.000000000000000000e+00 0.000000000000000000e+00 0.000000000000000000e+00 0.000000000000000000e+00 0.000000000000000000e+00 0.000000000000000000e+00 0.000000000000000000e+00 0.000000000000000000e+00 0.000000000000000000e+00 0.000000000000000000e+00 0.000000000000000000e+00
0.000000000000000000e+00 0.000000000000000000e+00 0.000000000000000000e+00 0.000000000000000000e+00 0.000000000000000000e+00 0.000000000000000000e+00 0.000000000000000000e+00 0.000000000000000000e+00 0.000000000000000000e+00 0.000000000000000000e+00 0.000000000000000000e+00 0.000000000000000000e+00 0.000000000000000000e+00 0.000000000000000000e+00 0.000000000000000000e+00
0.000000000000000000e+00 0.000000000000000000e+00 0.000000000000000000e+00 0.000000000000000000e+00 0.000000000000000000e+00 0.000000000000000000e+00 0.000000000000000000e+00 0.000000000000000000e+00 0.000000000000000000e+00 0.000000000000000000e+00 0.000000000000000000e+00 0.000000000000000000e+00 0.000000000000000000e+00 0.000000000000000000e+00 0.000000000000000000e+00
0.000000000000000000e+00 0.000000000000000000e+00 0.000000000000000000e+00 0.000000000000000000e+00 0.000000000000000000e+00 0.000000000000000000e+00 0.000000000000000000e+00 0.000000000000000000e+00 0.000000000000000000e+00 0.000000000000000000e+00 0.000000000000000000e+00 0.000000000000000000e+00 0.000000000000000000e+00 0.000000000000000000e+00 0.000000000000000000e+00
0.000000000000000000e+00 0.000000000000000000e+00 0.000000000000000000e+00 0.000000000000000000e+00 0.000000000000000000e+00 0.000000000000000000e+00 0.000000000000000000e+00 0.000000000000000000e+00 0.000000000000000000e+00 0.000000000000000000e+00 0.000000000000000000e+00 0.000000000000000000e+00 0.000000000000000000e+00 0.000000000000000000e+00 0.000000000000000000e+00
0.000000000000000000e+00 0.000000000000000000e+00 0.000000000000000000e+00 0.000000000000000000e+00 0.000000000000000000e+00 0.000000000000000000e+00 0.000000000000000000e+00 0.000000000000000000e+00 0.000000000000000000e+00 0.000000000000000000e+00 0.000000000000000000e+00 0.000000000000000000e+00 0.000000000000000000e+00 0.000000000000000000e+00 0.000000000000000000e+00
0.000000000000000000e+00 0.000000000000000000e+00 0.000000000000000000e+00 0.000000000000000000e+00 0.000000000000000000e+00 0.000000000000000000e+00 0.000000000000000000e+00 0.000000000000000000e+00 0.000000000000000000e+00 0.000000000000000000e+00 0.000000000000000000e+00 0.000000000000000000e+00 0.000000000000000000e+00 0.000000000000000000e+00 0.000000000000000000e+00
0.000000000000000000e+00 0.000000000000000000e+00 0.000000000000000000e+00 0.000000000000000000e+00 0.000000000000000000e+00 0.000000000000000000e+00 0.000000000000000000e+00 0.000000000000000000e+00 0.000000000000000000e+00 0.000000000000000000e+00 0.000000000000000000e+00 0.000000000000000000e+00 0.000000000000000000e+00 0.000000000000000000e+00 0.000000000000000000e+00
0.000000000000000000e+00 0.000000000000000000e+00 0.000000000000000000e+00 0.000000000000000000e+00 0.000000000000000000e+00 0.000000000000000000e+00 0.000000000000000000e+00 0.000000000000000000e+00 0.000000000000000000e+00 0.000000000000000000e+00 0.000000000000000000e+00 0.000000000000000000e+00 0.000000000000000000e+00 0.000000000000000000e+00 0.000000000000000000e+00
0.000000000000000000e+00 0.000000000000000000e+00 0.000000000000000000e+00 0.000000000000000000e+00 0.000000000000000000e+00 0.000000000000000000e+00 0.000000000000000000e+00 0.000000000000000000e+00 0.000000000000000000e+00 0.000000000000000000e+00 0.000000000000000000e+00 0.000000000000000000e+00 0.000000000000000000e+00 0.000000000000000000e+00 0.000000000000000000e+00
0.000000000000000000e+00 0.000000000000000000e+00 0.000000000000000000e+00 0.000000000000000000e+00 0.000000000000000000e+00 0.000000000000000000e+00 0.000000000000000000e+00 0.000000000000000000e+00 0.000000000000000000e+00 0.000000000000000000e+00 0.000000000000000000e+00 0.000000000000000000e+00 0.000000000000000000e+00 0.000000000000000000e+00 0.000000000000000000e+00
0.000000000000000000e+00 0.000000000000000000e+00 0.000000000000000000e+00 0.000000000000000000e+00 0.000000000000000000e+00 0.000000000000000000e+00 0.000000000000000000e+00 0.000000000000000000e+00 0.000000000000000000e+00 0.000000000000000000e+00 0.000000000000000000e+00 0.000000000000000000e+00 0.000000000000000000e+00 0.000000000000000000e+00 0.000000000000000000e+00
0.000000000000000000e+00 0.000000000000000000e+00 0.000000000000000000e+00 0.000000000000000000e+00 0.000000000000000000e+00 0.000000000000000000e+00 0.000000000000000000e+00 0.000000000000000000e+00 0.000000000000000000e+00 0.000000000000000000e+00 0.000000000000000000e+00 0.000000000000000000e+00 0.000000000000000000e+00 0.000000000000000000e+00 0.000000000000000000e+00
0.000000000000000000e+00 0.000000000000000000e+00 0.000000000000000000e+00 0.000000000000000000e+00 0.000000000000000000e+00 0.000000000000000000e+00 0.000000000000000000e+00 0.000000000000000000e+00 0.000000000000000000e+00 0.000000000000000000e+00 0.000000000000000000e+00 0.000000000000000000e+00 0.000000000000000000e+00 0.000000000000000000e+00 0.000000000000000000e+00
0.000000000000000000e+00 0.000000000000000000e+00 0.000000000000000000e+00 0.000000000000000000e+00 0.000000000000000000e+00 0.000000000000000000e+00 0.000000000000000000e+00 0.000000000000000000e+00 0.000000000000000000e+00 0.000000000000000000e+00 0.000000000000000000e+00 0.000000000000000000e+00 0.000000000000000000e+00 0.000000000000000000e+00 0.000000000000000000e+00
0.000000000000000000e+00 0.000000000000000000e+00 0.000000000000000000e+00 0.000000000000000000e+00 0.000000000000000000e+00 0.000000000000000000e+00 0.000000000000000000e+00 0.000000000000000000e+00 0.000000000000000000e+00 0.000000000000000000e+00 0.000000000000000000e+00 0.000000000000000000e+00 0.000000000000000000e+00 0.000000000000000000e+00 0.000000000000000000e+00
0.000000000000000000e+00 0.000000000000000000e+00 0.000000000000000000e+00 0.000000000000000000e+00 0.000000000000000000e+00 0.000000000000000000e+00 0.000000000000000000e+00 0.000000000000000000e+00 0.000000000000000000e+00 0.000000000000000000e+00 0.000000000000000000e+00 0.000000000000000000e+00 0.000000000000000000e+00 0.000000000000000000e+00 0.000000000000000000e+00
0.000000000000000000e+00 0.000000000000000000e+00 0.000000000000000000e+00 0.000000000000000000e+00 0.000000000000000000e+00 0.000000000000000000e+00 0.000000000000000000e+00 0.000000000000000000e+00 0.000000000000000000e+00 0.000000000000000000e+00 0.000000000000000000e+00 0.000000000000000000e+00 0.000000000000000000e+00 0.000000000000000000e+00 0.000000000000000000e+00
0.000000000000000000e+00 0.000000000000000000e+00 0.000000000000000000e+00 0.000000000000000000e+00 0.000000000000000000e+00 0.000000000000000000e+00 0.000000000000000000e+00 0.000000000000000000e+00 0.000000000000000000e+00 0.000000000000000000e+00 0.000000000000000000e+00 0.000000000000000000e+00 0.000000000000000000e+00 0.000000000000000000e+00 0.000000000000000000e+00
0.000000000000000000e+00 0.000000000000000000e+00 0.000000000000000000e+00 0.000000000000000000e+00 0.000000000000000000e+00 0.000000000000000000e+00 0.000000000000000000e+00 0.000000000000000000e+00 0.000000000000000000e+00 0.000000000000000000e+00 0.000000000000000000e+00 0.000000000000000000e+00 0.000000000000000000e+00 0.000000000000000000e+00 0.000000000000000000e+00
0.000000000000000000e+00 0.000000000000000000e+00 0.000000000000000000e+00 0.000000000000000000e+00 0.000000000000000000e+00 0.000000000000000000e+00 0.000000000000000000e+00 0.000000000000000000e+00 0.000000000000000000e+00 0.000000000000000000e+00 0.000000000000000000e+00 0.000000000000000000e+00 0.000000000000000000e+00 0.000000000000000000e+00 0.000000000000000000e+00
0.000000000000000000e+00 0.000000000000000000e+00 0.000000000000000000e+00 0.000000000000000000e+00 0.000000000000000000e+00 0.000000000000000000e+00 0.000000000000000000e+00 0.000000000000000000e+00 0.000000000000000000e+00 0.000000000000000000e+00 0.000000000000000000e+00 0.000000000000000000e+00 0.000000000000000000e+00 0.000000000000000000e+00 0.000000000000000000e+00
0.000000000000000000e+00 0.000000000000000000e+00 0.000000000000000000e+00 0.000000000000000000e+00 0.000000000000000000e+00 0.000000000000000000e+00 0.000000000000000000e+00 0.000000000000000000e+00 0.000000000000000000e+00 0.000000000000000000e+00 0.000000000000000000e+00 0.000000000000000000e+00 0.000000000000000000e+00 0.000000000000000000e+00 0.000000000000000000e+00
0.000000000000000000e+00 0.000000000000000000e+00 0.000000000000000000e+00 0.000000000000000000e+00 0.000000000000000000e+00 0.000000000000000000e+00 0.000000000000000000e+00 0.000000000000000000e+00 0.000000000000000000e+00 0.000000000000000000e+00 0.000000000000000000e+00 0.000000000000000000e+00 0.000000000000000000e+00 0.000000000000000000e+00 0.000000000000000000e+00
0.000000000000000000e+00 0.000000000000000000e+00 0.000000000000000000e+00 0.000000000000000000e+00 0.000000000000000000e+00 0.000000000000000000e+00 0.000000000000000000e+00 0.000000000000000000e+00 0.000000000000000000e+00 0.000000000000000000e+00 0.000000000000000000e+00 0.000000000000000000e+00 0.000000000000000000e+00 0.000000000000000000e+00 0.000000000000000000e+00
0.000000000000000000e+00 0.000000000000000000e+00 0.000000000000000000e+00 0.000000000000000000e+00 0.000000000000000000e+00 0.000000000000000000e+00 0.000000000000000000e+00 0.000000000000000000e+00 0.000000000000000000e+00 0.000000000000000000e+00 0.000000000000000000e+00 0.000000000000000000e+00 0.000000000000000000e+00 0.000000000000000000e+00 0.000000000000000000e+00
0.000000000000000000e+00 0.000000000000000000e+00 0.000000000000000000e+00 0.000000000000000000e+00 0.000000000000000000e+00 0.000000000000000000e+00 0.000000000000000000e+00 0.000000000000000000e+00 0.000000000000000000e+00 0.000000000000000000e+00 0.000000000000000000e+00 0.000000000000000000e+00 0.000000000000000000e+00 0.000000000000000000e+00 0.000000000000000000e+00
0.000000000000000000e+00 0.000000000000000000e+00 0.000000000000000000e+00 0.000000000000000000e+00 0.000000000000000000e+00 0.000000000000000000e+00 0.000000000000000000e+00 0.000000000000000000e+00 0.000000000000000000e+00 0.000000000000000000e+00 0.000000000000000000e+00 0.000000000000000000e+00 0.000000000000000000e+00 0.000000000000000000e+00 0.000000000000000000e+00
0.000000000000000000e+00 0.000000000000000000e+00 0.000000000000000000e+00 0.000000000000000000e+00 0.000000000000000000e+00 0.000000000000000000e+00 0.000000000000000000e+00 0.000000000000000000e+00 0.000000000000000000e+00 0.000000000000000000e+00 0.000000000000000000e+00 0.000000000000000000e+00 0.000000000000000000e+00 0.000000000000000000e+00 0.000000000000000000e+00
0.000000000000000000e+00 0.000000000000000000e+00 0.000000000000000000e+00 0.000000000000000000e+00 0.000000000000000000e+00 0.000000000000000000e+00 0.000000000000000000e+00 0.000000000000000000e+00 0.000000000000000000e+00 0.000000000000000000e+00 0.000000000000000000e+00 0.000000000000000000e+00 0.000000000000000000e+00 0.000000000000000000e+00 0.000000000000000000e+00
0.000000000000000000e+00 0.000000000000000000e+00 0.000000000000000000e+00 0.000000000000000000e+00 0.000000000000000000e+00 0.000000000000000000e+00 0.000000000000000000e+00 0.000000000000000000e+00 0.000000000000000000e+00 0.000000000000000000e+00 0.000000000000000000e+00 0.000000000000000000e+00 0.000000000000000000e+00 0.000000000000000000e+00 0.000000000000000000e+00
0.000000000000000000e+00 0.000000000000000000e+00 0.000000000000000000e+00 0.000000000000000000e+00 0.000000000000000000e+00 0.000000000000000000e+00 0.000000000000000000e+00 0.000000000000000000e+00 0.000000000000000000e+00 0.000000000000000000e+00 0.000000000000000000e+00 0.000000000000000000e+00 0.000000000000000000e+00 0.000000000000000000e+00 0.000000000000000000e+00
0.000000000000000000e+00 0.000000000000000000e+00 0.000000000000000000e+00 0.000000000000000000e+00 0.000000000000000000e+00 0.000000000000000000e+00 0.000000000000000000e+00 0.000000000000000000e+00 0.000000000000000000e+00 0.000000000000000000e+00 0.000000000000000000e+00 0.000000000000000000e+00 0.000000000000000000e+00 0.000000000000000000e+00 0.000000000000000000e+00
0.000000000000000000e+00 0.000000000000000000e+00 0.000000000000000000e+00 0.000000000000000000e+00 0.000000000000000000e+00 0.000000000000000000e+00 0.000000000000000000e+00 0.000000000000000000e+00 0.000000000000000000e+00 0.000000000000000000e+00 0.000000000000000000e+00 0.000000000000000000e+00 0.000000000000000000e+00 0.000000000000000000e+00 0.000000000000000000e+00
0.000000000000000000e+00 0.000000000000000000e+00 0.000000000000000000e+00 0.000000000000000000e+00 0.000000000000000000e+00 0.000000000000000000e+00 0.000000000000000000e+00 0.000000000000000000e+00 0.000000000000000000e+00 0.000000000000000000e+00 0.000000000000000000e+00 0.000000000000000000e+00 0.000000000000000000e+00 0.000000000000000000e+00 0.000000000000000000e+00
0.000000000000000000e+00 0.000000000000000000e+00 0.000000000000000000e+00 0.000000000000000000e+00 0.000000000000000000e+00 0.000000000000000000e+00 0.000000000000000000e+00 0.000000000000000000e+00 0.000000000000000000e+00 0.000000000000000000e+00 0.000000000000000000e+00 0.000000000000000000e+00 0.000000000000000000e+00 0.000000000000000000e+00 0.000000000000000000e+00
0.000000000000000000e+00 0.000000000000000000e+00 0.000000000000000000e+00 0.000000000000000000e+00 0.000000000000000000e+00 0.000000000000000000e+00 0.000000000000000000e+00 0.000000000000000000e+00 0.000000000000000000e+00 0.000000000000000000e+00 0.000000000000000000e+00 0.000000000000000000e+00 0.000000000000000000e+00 0.000000000000000000e+00 0.000000000000000000e+00
0.000000000000000000e+00 0.000000000000000000e+00 0.000000000000000000e+00 0.000000000000000000e+00 0.000000000000000000e+00 0.000000000000000000e+00 0.000000000000000000e+00 0.000000000000000000e+00 0.000000000000000000e+00 0.000000000000000000e+00 0.000000000000000000e+00 0.000000000000000000e+00 0.000000000000000000e+00 0.000000000000000000e+00 0.000000000000000000e+00
0.000000000000000000e+00 0.000000000000000000e+00 0.000000000000000000e+00 0.000000000000000000e+00 0.000000000000000000e+00 0.000000000000000000e+00 0.000000000000000000e+00 0.000000000000000000e+00 0.000000000000000000e+00 0.000000000000000000e+00 0.000000000000000000e+00 0.000000000000000000e+00 0.000000000000000000e+00 0.000000000000000000e+00 0.000000000000000000e+00
0.000000000000000000e+00 0.000000000000000000e+00 0.000000000000000000e+00 0.000000000000000000e+00 0.000000000000000000e+00 0.000000000000000000e+00 0.000000000000000000e+00 0.000000000000000000e+00 0.000000000000000000e+00 0.000000000000000000e+00 0.000000000000000000e+00 0.000000000000000000e+00 0.000000000000000000e+00 0.000000000000000000e+00 0.000000000000000000e+00
0.000000000000000000e+00 0.000000000000000000e+00 0.000000000000000000e+00 0.000000000000000000e+00 0.000000000000000000e+00 0.000000000000000000e+00 0.000000000000000000e+00 0.000000000000000000e+00 0.000000000000000000e+00 0.000000000000000000e+00 0.000000000000000000e+00 0.000000000000000000e+00 0.000000000000000000e+00 0.000000000000000000e+00 0.000000000000000000e+00
0.000000000000000000e+00 0.000000000000000000e+00 0.000000000000000000e+00 0.000000000000000000e+00 0.000000000000000000e+00 0.000000000000000000e+00 0.000000000000000000e+00 0.000000000000000000e+00 0.000000000000000000e+00 0.000000000000000000e+00 0.000000000000000000e+00 0.000000000000000000e+00 0.000000000000000000e+00 0.000000000000000000e+00 0.000000000000000000e+00
0.000000000000000000e+00 0.000000000000000000e+00 0.000000000000000000e+00 0.000000000000000000e+00 0.000000000000000000e+00 0.000000000000000000e+00 0.000000000000000000e+00 0.000000000000000000e+00 0.000000000000000000e+00 0.000000000000000000e+00 0.000000000000000000e+00 0.000000000000000000e+00 0.000000000000000000e+00 0.000000000000000000e+00 0.000000000000000000e+00
0.000000000000000000e+00 0.000000000000000000e+00 0.000000000000000000e+00 0.000000000000000000e+00 0.000000000000000000e+00 0.000000000000000000e+00 0.000000000000000000e+00 0.000000000000000000e+00 0.000000000000000000e+00 0.000000000000000000e+00 0.000000000000000000e+00 0.000000000000000000e+00 0.000000000000000000e+00 0.000000000000000000e+00 0.000000000000000000e+00
0.000000000000000000e+00 0.000000000000000000e+00 0.000000000000000000e+00 0.000000000000000000e+00 0.000000000000000000e+00 0.000000000000000000e+00 0.000000000000000000e+00 0.000000000000000000e+00 0.000000000000000000e+00 0.000000000000000000e+00 0.000000000000000000e+00 0.000000000000000000e+00 0.000000000000000000e+00 0.000000000000000000e+00 0.000000000000000000e+00
0.000000000000000000e+00 0.000000000000000000e+00 0.000000000000000000e+00 0.000000000000000000e+00 0.000000000000000000e+00 0.000000000000000000e+00 0.000000000000000000e+00 0.000000000000000000e+00 0.000000000000000000e+00 0.000000000000000000e+00 0.000000000000000000e+00 0.000000000000000000e+00 0.000000000000000000e+00 0.000000000000000000e+00 0.000000000000000000e+00
0.000000000000000000e+00 0.000000000000000000e+00 0.000000000000000000e+00 0.000000000000000000e+00 0.000000000000000000e+00 0.000000000000000000e+00 0.000000000000000000e+00 0.000000000000000000e+00 0.000000000000000000e+00 0.000000000000000000e+00 0.000000000000000000e+00 0.000000000000000000e+00 0.000000000000000000e+00 0.000000000000000000e+00 0.000000000000000000e+00
0.000000000000000000e+00 0.000000000000000000e+00 0.000000000000000000e+00 0.000000000000000000e+00 0.000000000000000000e+00 0.000000000000000000e+00 0.000000000000000000e+00 0.000000000000000000e+00 0.000000000000000000e+00 0.000000000000000000e+00 0.000000000000000000e+00 0.000000000000000000e+00 0.000000000000000000e+00 0.000000000000000000e+00 0.000000000000000000e+00
0.000000000000000000e+00 0.000000000000000000e+00 0.000000000000000000e+00 0.000000000000000000e+00 0.000000000000000000e+00 0.000000000000000000e+00 0.000000000000000000e+00 0.000000000000000000e+00 0.000000000000000000e+00 0.000000000000000000e+00 0.000000000000000000e+00 0.000000000000000000e+00 0.000000000000000000e+00 0.000000000000000000e+00 0.000000000000000000e+00
0.000000000000000000e+00 0.000000000000000000e+00 0.000000000000000000e+00 0.000000000000000000e+00 0.000000000000000000e+00 0.000000000000000000e+00 0.000000000000000000e+00 0.000000000000000000e+00 0.000000000000000000e+00 0.000000000000000000e+00 0.000000000000000000e+00 0.000000000000000000e+00 0.000000000000000000e+00 0.000000000000000000e+00 0.000000000000000000e+00
0.000000000000000000e+00 0.000000000000000000e+00 0.000000000000000000e+00 0.000000000000000000e+00 0.000000000000000000e+00 0.000000000000000000e+00 0.000000000000000000e+00 0.000000000000000000e+00 0.000000000000000000e+00 0.000000000000000000e+00 0.000000000000000000e+00 0.000000000000000000e+00 0.000000000000000000e+00 0.000000000000000000e+00 0.000000000000000000e+00
0.000000000000000000e+00 0.000000000000000000e+00 0.000000000000000000e+00 0.000000000000000000e+00 0.000000000000000000e+00 0.000000000000000000e+00 0.000000000000000000e+00 0.000000000000000000e+00 0.000000000000000000e+00 0.000000000000000000e+00 0.000000000000000000e+00 0.000000000000000000e+00 0.000000000000000000e+00 0.000000000000000000e+00 0.000000000000000000e+00
0.000000000000000000e+00 0.000000000000000000e+00 0.000000000000000000e+00 0.000000000000000000e+00 0.000000000000000000e+00 0.000000000000000000e+00 0.000000000000000000e+00 0.000000000000000000e+00 0.000000000000000000e+00 0.000000000000000000e+00 0.000000000000000000e+00 0.000000000000000000e+00 0.000000000000000000e+00 0.000000000000000000e+00 0.000000000000000000e+00
0.000000000000000000e+00 0.000000000000000000e+00 0.000000000000000000e+00 0.000000000000000000e+00 0.000000000000000000e+00 0.000000000000000000e+00 0.000000000000000000e+00 0.000000000000000000e+00 0.000000000000000000e+00 0.000000000000000000e+00 0.000000000000000000e+00 0.000000000000000000e+00 0.000000000000000000e+00 0.000000000000000000e+00 0.000000000000000000e+00
0.000000000000000000e+00 0.000000000000000000e+00 0.000000000000000000e+00 0.000000000000000000e+00 0.000000000000000000e+00 0.000000000000000000e+00 0.000000000000000000e+00 0.000000000000000000e+00 0.000000000000000000e+00 0.000000000000000000e+00 0.000000000000000000e+00 0.000000000000000000e+00 0.000000000000000000e+00 0.000000000000000000e+00 0.000000000000000000e+00
0.000000000000000000e+00 0.000000000000000000e+00 0.000000000000000000e+00 0.000000000000000000e+00 0.000000000000000000e+00 0.000000000000000000e+00 0.000000000000000000e+00 0.000000000000000000e+00 0.000000000000000000e+00 0.000000000000000000e+00 0.000000000000000000e+00 0.000000000000000000e+00 0.000000000000000000e+00 0.000000000000000000e+00 0.000000000000000000e+00
0.000000000000000000e+00 0.000000000000000000e+00 0.000000000000000000e+00 0.000000000000000000e+00 0.000000000000000000e+00 0.000000000000000000e+00 0.000000000000000000e+00 0.000000000000000000e+00 0.000000000000000000e+00 0.000000000000000000e+00 0.000000000000000000e+00 0.000000000000000000e+00 0.000000000000000000e+00 0.000000000000000000e+00 0.000000000000000000e+00
0.000000000000000000e+00 0.000000000000000000e+00 0.000000000000000000e+00 0.000000000000000000e+00 0.000000000000000000e+00 0.000000000000000000e+00 0.000000000000000000e+00 0.000000000000000000e+00 0.000000000000000000e+00 0.000000000000000000e+00 0.000000000000000000e+00 0.000000000000000000e+00 0.000000000000000000e+00 0.000000000000000000e+00 0.000000000000000000e+00
0.000000000000000000e+00 0.000000000000000000e+00 0.000000000000000000e+00 0.000000000000000000e+00 0.000000000000000000e+00 0.000000000000000000e+00 0.000000000000000000e+00 0.000000000000000000e+00 0.000000000000000000e+00 0.000000000000000000e+00 0.000000000000000000e+00 0.000000000000000000e+00 0.000000000000000000e+00 0.000000000000000000e+00 0.000000000000000000e+00
0.000000000000000000e+00 0.000000000000000000e+00 0.000000000000000000e+00 0.000000000000000000e+00 0.000000000000000000e+00 0.000000000000000000e+00 0.000000000000000000e+00 0.000000000000000000e+00 0.000000000000000000e+00 0.000000000000000000e+00 0.000000000000000000e+00 0.000000000000000000e+00 0.000000000000000000e+00 0.000000000000000000e+00 0.000000000000000000e+00
0.000000000000000000e+00 0.000000000000000000e+00 0.000000000000000000e+00 0.000000000000000000e+00 0.000000000000000000e+00 0.000000000000000000e+00 0.000000000000000000e+00 0.000000000000000000e+00 0.000000000000000000e+00 0.000000000000000000e+00 0.000000000000000000e+00 0.000000000000000000e+00 0.000000000000000000e+00 0.000000000000000000e+00 0.000000000000000000e+00
0.000000000000000000e+00 0.000000000000000000e+00 0.000000000000000000e+00 0.000000000000000000e+00 0.000000000000000000e+00 0.000000000000000000e+00 0.000000000000000000e+00 0.000000000000000000e+00 0.000000000000000000e+00 0.000000000000000000e+00 0.000000000000000000e+00 0.000000000000000000e+00 0.000000000000000000e+00 0.000000000000000000e+00 0.000000000000000000e+00
0.000000000000000000e+00 0.000000000000000000e+00 0.000000000000000000e+00 0.000000000000000000e+00 0.000000000000000000e+00 0.000000000000000000e+00 0.000000000000000000e+00 0.000000000000000000e+00 0.000000000000000000e+00 0.000000000000000000e+00 0.000000000000000000e+00 0.000000000000000000e+00 0.000000000000000000e+00 0.000000000000000000e+00 0.000000000000000000e+00
0.000000000000000000e+00 0.000000000000000000e+00 0.000000000000000000e+00 0.000000000000000000e+00 0.000000000000000000e+00 0.000000000000000000e+00 0.000000000000000000e+00 0.000000000000000000e+00 0.000000000000000000e+00 0.000000000000000000e+00 0.000000000000000000e+00 0.000000000000000000e+00 0.000000000000000000e+00 0.000000000000000000e+00 0.000000000000000000e+00
0.000000000000000000e+00 0.000000000000000000e+00 0.000000000000000000e+00 0.000000000000000000e+00 0.000000000000000000e+00 0.000000000000000000e+00 0.000000000000000000e+00 0.000000000000000000e+00 0.000000000000000000e+00 0.000000000000000000e+00 0.000000000000000000e+00 0.000000000000000000e+00 0.000000000000000000e+00 0.000000000000000000e+00 0.000000000000000000e+00
0.000000000000000000e+00 0.000000000000000000e+00 0.000000000000000000e+00 0.000000000000000000e+00 0.000000000000000000e+00 0.000000000000000000e+00 0.000000000000000000e+00 0.000000000000000000e+00 0.000000000000000000e+00 0.000000000000000000e+00 0.000000000000000000e+00 0.000000000000000000e+00 0.000000000000000000e+00 0.000000000000000000e+00 0.000000000000000000e+00
0.000000000000000000e+00 0.000000000000000000e+00 0.000000000000000000e+00 0.000000000000000000e+00 0.000000000000000000e+00 0.000000000000000000e+00 0.000000000000000000e+00 0.000000000000000000e+00 0.000000000000000000e+00 0.000000000000000000e+00 0.000000000000000000e+00 0.000000000000000000e+00 0.000000000000000000e+00 0.000000000000000000e+00 0.000000000000000000e+00
0.000000000000000000e+00 0.000000000000000000e+00 0.000000000000000000e+00 0.000000000000000000e+00 0.000000000000000000e+00 0.000000000000000000e+00 0.000000000000000000e+00 0.000000000000000000e+00 0.000000000000000000e+00 0.000000000000000000e+00 0.000000000000000000e+00 0.000000000000000000e+00 0.000000000000000000e+00 0.000000000000000000e+00 0.000000000000000000e+00
0.000000000000000000e+00 0.000000000000000000e+00 0.000000000000000000e+00 0.000000000000000000e+00 0.000000000000000000e+00 0.000000000000000000e+00 0.000000000000000000e+00 0.000000000000000000e+00 0.000000000000000000e+00 0.000000000000000000e+00 0.000000000000000000e+00 0.000000000000000000e+00 0.000000000000000000e+00 0.000000000000000000e+00 0.000000000000000000e+00
0.000000000000000000e+00 0.000000000000000000e+00 0.000000000000000000e+00 0.000000000000000000e+00 0.000000000000000000e+00 0.000000000000000000e+00 0.000000000000000000e+00 0.000000000000000000e+00 0.000000000000000000e+00 0.000000000000000000e+00 0.000000000000000000e+00 0.000000000000000000e+00 0.000000000000000000e+00 0.000000000000000000e+00 0.000000000000000000e+00
0.000000000000000000e+00 0.000000000000000000e+00 0.000000000000000000e+00 0.000000000000000000e+00 0.000000000000000000e+00 0.000000000000000000e+00 0.000000000000000000e+00 0.000000000000000000e+00 0.000000000000000000e+00 0.000000000000000000e+00 0.000000000000000000e+00 0.000000000000000000e+00 0.000000000000000000e+00 0.000000000000000000e+00 0.000000000000000000e+00
0.000000000000000000e+00 0.000000000000000000e+00 0.000000000000000000e+00 0.000000000000000000e+00 0.000000000000000000e+00 0.000000000000000000e+00 0.000000000000000000e+00 0.000000000000000000e+00 0.000000000000000000e+00 0.000000000000000000e+00 0.000000000000000000e+00 0.000000000000000000e+00 0.000000000000000000e+00 0.000000000000000000e+00 0.000000000000000000e+00
0.000000000000000000e+00 0.000000000000000000e+00 0.000000000000000000e+00 0.000000000000000000e+00 0.000000000000000000e+00 0.000000000000000000e+00 0.000000000000000000e+00 0.000000000000000000e+00 0.000000000000000000e+00 0.000000000000000000e+00 0.000000000000000000e+00 0.000000000000000000e+00 0.000000000000000000e+00 0.000000000000000000e+00 0.000000000000000000e+00
0.000000000000000000e+00 0.000000000000000000e+00 0.000000000000000000e+00 0.000000000000000000e+00 0.000000000000000000e+00 0.000000000000000000e+00 0.000000000000000000e+00 0.000000000000000000e+00 0.000000000000000000e+00 0.000000000000000000e+00 0.000000000000000000e+00 0.000000000000000000e+00 0.000000000000000000e+00 0.000000000000000000e+00 0.000000000000000000e+00
0.000000000000000000e+00 0.000000000000000000e+00 0.000000000000000000e+00 0.000000000000000000e+00 0.000000000000000000e+00 0.000000000000000000e+00 0.000000000000000000e+00 0.000000000000000000e+00 0.000000000000000000e+00 0.000000000000000000e+00 0.000000000000000000e+00 0.000000000000000000e+00 0.000000000000000000e+00 0.000000000000000000e+00 0.000000000000000000e+00
0.000000000000000000e+00 0.000000000000000000e+00 0.000000000000000000e+00 0.000000000000000000e+00 0.000000000000000000e+00 0.000000000000000000e+00 0.000000000000000000e+00 0.000000000000000000e+00 0.000000000000000000e+00 0.000000000000000000e+00 0.000000000000000000e+00 0.000000000000000000e+00 0.000000000000000000e+00 0.000000000000000000e+00 0.000000000000000000e+00
0.000000000000000000e+00 0.000000000000000000e+00 0.000000000000000000e+00 0.000000000000000000e+00 0.000000000000000000e+00 0.000000000000000000e+00 0.000000000000000000e+00 0.000000000000000000e+00 0.000000000000000000e+00 0.000000000000000000e+00 0.000000000000000000e+00 0.000000000000000000e+00 0.000000000000000000e+00 0.000000000000000000e+00 0.000000000000000000e+00
0.000000000000000000e+00 0.000000000000000000e+00 0.000000000000000000e+00 0.000000000000000000e+00 0.000000000000000000e+00 0.000000000000000000e+00 0.000000000000000000e+00 0.000000000000000000e+00 0.000000000000000000e+00 0.000000000000000000e+00 0.000000000000000000e+00 0.000000000000000000e+00 0.000000000000000000e+00 0.000000000000000000e+00 0.000000000000000000e+00
0.000000000000000000e+00 0.000000000000000000e+00 0.000000000000000000e+00 0.000000000000000000e+00 0.000000000000000000e+00 0.000000000000000000e+00 0.000000000000000000e+00 0.000000000000000000e+00 0.000000000000000000e+00 0.000000000000000000e+00 0.000000000000000000e+00 0.000000000000000000e+00 0.000000000000000000e+00 0.000000000000000000e+00 0.000000000000000000e+00
0.000000000000000000e+00 0.000000000000000000e+00 0.000000000000000000e+00 0.000000000000000000e+00 0.000000000000000000e+00 0.000000000000000000e+00 0.000000000000000000e+00 0.000000000000000000e+00 0.000000000000000000e+00 0.000000000000000000e+00 0.000000000000000000e+00 0.000000000000000000e+00 0.000000000000000000e+00 0.000000000000000000e+00 0.000000000000000000e+00
0.000000000000000000e+00 0.000000000000000000e+00 0.000000000000000000e+00 0.000000000000000000e+00 0.000000000000000000e+00 0.000000000000000000e+00 0.000000000000000000e+00 0.000000000000000000e+00 0.000000000000000000e+00 0.000000000000000000e+00 0.000000000000000000e+00 0.000000000000000000e+00 0.000000000000000000e+00 0.000000000000000000e+00 0.000000000000000000e+00
0.000000000000000000e+00 0.000000000000000000e+00 0.000000000000000000e+00 0.000000000000000000e+00 0.000000000000000000e+00 0.000000000000000000e+00 0.000000000000000000e+00 0.000000000000000000e+00 0.000000000000000000e+00 0.000000000000000000e+00 0.000000000000000000e+00 0.000000000000000000e+00 0.000000000000000000e+00 0.000000000000000000e+00 0.000000000000000000e+00
0.000000000000000000e+00 0.000000000000000000e+00 0.000000000000000000e+00 0.000000000000000000e+00 0.000000000000000000e+00 0.000000000000000000e+00 0.000000000000000000e+00 0.000000000000000000e+00 0.000000000000000000e+00 0.000000000000000000e+00 0.000000000000000000e+00 0.000000000000000000e+00 0.000000000000000000e+00 0.000000000000000000e+00 0.000000000000000000e+00
0.000000000000000000e+00 0.000000000000000000e+00 0.000000000000000000e+00 0.000000000000000000e+00 0.000000000000000000e+00 0.000000000000000000e+00 0.000000000000000000e+00 0.000000000000000000e+00 0.000000000000000000e+00 0.000000000000000000e+00 0.000000000000000000e+00 0.000000000000000000e+00 0.000000000000000000e+00 0.000000000000000000e+00 0.000000000000000000e+00
0.000000000000000000e+00 0.000000000000000000e+00 0.000000000000000000e+00 0.000000000000000000e+00 0.000000000000000000e+00 0.000000000000000000e+00 0.000000000000000000e+00 0.000000000000000000e+00 0.000000000000000000e+00 0.000000000000000000e+00 0.000000000000000000e+00 0.000000000000000000e+00 0.000000000000000000e+00 0.000000000000000000e+00 0.000000000000000000e+00
0.000000000000000000e+00 0.000000000000000000e+00 0.000000000000000000e+00 0.000000000000000000e+00 0.000000000000000000e+00 0.000000000000000000e+00 0.000000000000000000e+00 0.000000000000000000e+00 0.000000000000000000e+00 0.000000000000000000e+00 0.000000000000000000e+00 0.000000000000000000e+00 0.000000000000000000e+00 0.000000000000000000e+00 0.000000000000000000e+00
0.000000000000000000e+00 0.000000000000000000e+00 0.000000000000000000e+00 0.000000000000000000e+00 0.000000000000000000e+00 0.000000000000000000e+00 0.000000000000000000e+00 0.000000000000000000e+00 0.000000000000000000e+00 0.000000000000000000e+00 0.000000000000000000e+00 0.000000000000000000e+00 0.000000000000000000e+00 0.000000000000000000e+00 0.000000000000000000e+00
0.000000000000000000e+00 0.000000000000000000e+00 0.000000000000000000e+00 0.000000000000000000e+00 0.000000000000000000e+00 0.000000000000000000e+00 0.000000000000000000e+00 0.000000000000000000e+00 0.000000000000000000e+00 0.000000000000000000e+00 0.000000000000000000e+00 0.000000000000000000e+00 0.000000000000000000e+00 0.000000000000000000e+00 0.000000000000000000e+00
0.000000000000000000e+00 0.000000000000000000e+00 0.000000000000000000e+00 0.000000000000000000e+00 0.000000000000000000e+00 0.000000000000000000e+00 0.000000000000000000e+00 0.000000000000000000e+00 0.000000000000000000e+00 0.000000000000000000e+00 0.000000000000000000e+00 0.000000000000000000e+00 0.000000000000000000e+00 0.000000000000000000e+00 0.000000000000000000e+00
0.000000000000000000e+00 0.000000000000000000e+00 0.000000000000000000e+00 0.000000000000000000e+00 0.000000000000000000e+00 0.000000000000000000e+00 0.000000000000000000e+00 0.000000000000000000e+00 0.000000000000000000e+00 0.000000000000000000e+00 0.000000000000000000e+00 0.000000000000000000e+00 0.000000000000000000e+00 0.000000000000000000e+00 0.000000000000000000e+00
0.000000000000000000e+00 0.000000000000000000e+00 0.000000000000000000e+00 0.000000000000000000e+00 0.000000000000000000e+00 0.000000000000000000e+00 0.000000000000000000e+00 0.000000000000000000e+00 0.000000000000000000e+00 0.000000000000000000e+00 0.000000000000000000e+00 0.000000000000000000e+00 0.000000000000000000e+00 0.000000000000000000e+00 0.000000000000000000e+00
0.000000000000000000e+00 0.000000000000000000e+00 0.000000000000000000e+00 0.000000000000000000e+00 0.000000000000000000e+00 0.000000000000000000e+00 0.000000000000000000e+00 0.000000000000000000e+00 0.000000000000000000e+00 0.000000000000000000e+00 0.000000000000000000e+00 0.000000000000000000e+00 0.000000000000000000e+00 0.000000000000000000e+00 0.000000000000000000e+00
0.000000000000000000e+00 0.000000000000000000e+00 0.000000000000000000e+00 0.000000000000000000e+00 0.000000000000000000e+00 0.000000000000000000e+00 0.000000000000000000e+00 0.000000000000000000e+00 0.000000000000000000e+00 0.000000000000000000e+00 0.000000000000000000e+00 0.000000000000000000e+00 0.000000000000000000e+00 0.000000000000000000e+00 0.000000000000000000e+00
0.000000000000000000e+00 0.000000000000000000e+00 0.000000000000000000e+00 0.000000000000000000e+00 0.000000000000000000e+00 0.000000000000000000e+00 0.000000000000000000e+00 0.000000000000000000e+00 0.000000000000000000e+00 0.000000000000000000e+00 0.000000000000000000e+00 0.000000000000000000e+00 0.000000000000000000e+00 0.000000000000000000e+00 0.000000000000000000e+00
0.000000000000000000e+00 0.000000000000000000e+00 0.000000000000000000e+00 0.000000000000000000e+00 0.000000000000000000e+00 0.000000000000000000e+00 0.000000000000000000e+00 0.000000000000000000e+00 0.000000000000000000e+00 0.000000000000000000e+00 0.000000000000000000e+00 0.000000000000000000e+00 0.000000000000000000e+00 0.000000000000000000e+00 0.000000000000000000e+00
0.000000000000000000e+00 0.000000000000000000e+00 0.000000000000000000e+00 0.000000000000000000e+00 0.000000000000000000e+00 0.000000000000000000e+00 0.000000000000000000e+00 0.000000000000000000e+00 0.000000000000000000e+00 0.000000000000000000e+00 0.000000000000000000e+00 0.000000000000000000e+00 0.000000000000000000e+00 0.000000000000000000e+00 0.000000000000000000e+00
0.000000000000000000e+00 0.000000000000000000e+00 0.000000000000000000e+00 0.000000000000000000e+00 0.000000000000000000e+00 0.000000000000000000e+00 0.000000000000000000e+00 0.000000000000000000e+00 0.000000000000000000e+00 0.000000000000000000e+00 0.000000000000000000e+00 0.000000000000000000e+00 0.000000000000000000e+00 0.000000000000000000e+00 0.000000000000000000e+00
0.000000000000000000e+00 0.000000000000000000e+00 0.000000000000000000e+00 0.000000000000000000e+00 0.000000000000000000e+00 0.000000000000000000e+00 0.000000000000000000e+00 0.000000000000000000e+00 0.000000000000000000e+00 0.000000000000000000e+00 0.000000000000000000e+00 0.000000000000000000e+00 0.000000000000000000e+00 0.000000000000000000e+00 0.000000000000000000e+00
0.000000000000000000e+00 0.000000000000000000e+00 0.000000000000000000e+00 0.000000000000000000e+00 0.000000000000000000e+00 0.000000000000000000e+00 0.000000000000000000e+00 0.000000000000000000e+00 0.000000000000000000e+00 0.000000000000000000e+00 0.000000000000000000e+00 0.000000000000000000e+00 0.000000000000000000e+00 0.000000000000000000e+00 0.000000000000000000e+00
0.000000000000000000e+00 0.000000000000000000e+00 0.000000000000000000e+00 0.000000000000000000e+00 0.000000000000000000e+00 0.000000000000000000e+00 0.000000000000000000e+00 0.000000000000000000e+00 0.000000000000000000e+00 0.000000000000000000e+00 0.000000000000000000e+00 0.000000000000000000e+00 0.000000000000000000e+00 0.000000000000000000e+00 0.000000000000000000e+00
0.000000000000000000e+00 0.000000000000000000e+00 0.000000000000000000e+00 0.000000000000000000e+00 0.000000000000000000e+00 0.000000000000000000e+00 0.000000000000000000e+00 0.000000000000000000e+00 0.000000000000000000e+00 0.000000000000000000e+00 0.000000000000000000e+00 0.000000000000000000e+00 0.000000000000000000e+00 0.000000000000000000e+00 0.000000000000000000e+00
0.000000000000000000e+00 0.000000000000000000e+00 0.000000000000000000e+00 0.000000000000000000e+00 0.000000000000000000e+00 0.000000000000000000e+00 0.000000000000000000e+00 0.000000000000000000e+00 0.000000000000000000e+00 0.000000000000000000e+00 0.000000000000000000e+00 0.000000000000000000e+00 0.000000000000000000e+00 0.000000000000000000e+00 0.000000000000000000e+00
0.000000000000000000e+00 0.000000000000000000e+00 0.000000000000000000e+00 0.000000000000000000e+00 0.000000000000000000e+00 0.000000000000000000e+00 0.000000000000000000e+00 0.000000000000000000e+00 0.000000000000000000e+00 0.000000000000000000e+00 0.000000000000000000e+00 0.000000000000000000e+00 0.000000000000000000e+00 0.000000000000000000e+00 0.000000000000000000e+00
0.000000000000000000e+00 0.000000000000000000e+00 0.000000000000000000e+00 0.000000000000000000e+00 0.000000000000000000e+00 0.000000000000000000e+00 0.000000000000000000e+00 0.000000000000000000e+00 0.000000000000000000e+00 0.000000000000000000e+00 0.000000000000000000e+00 0.000000000000000000e+00 0.000000000000000000e+00 0.000000000000000000e+00 0.000000000000000000e+00
0.000000000000000000e+00 0.000000000000000000e+00 0.000000000000000000e+00 0.000000000000000000e+00 0.000000000000000000e+00 0.000000000000000000e+00 0.000000000000000000e+00 0.000000000000000000e+00 0.000000000000000000e+00 0.000000000000000000e+00 0.000000000000000000e+00 0.000000000000000000e+00 0.000000000000000000e+00 0.000000000000000000e+00 0.000000000000000000e+00
0.000000000000000000e+00 0.000000000000000000e+00 0.000000000000000000e+00 0.000000000000000000e+00 0.000000000000000000e+00 0.000000000000000000e+00 0.000000000000000000e+00 0.000000000000000000e+00 0.000000000000000000e+00 0.000000000000000000e+00 0.000000000000000000e+00 0.000000000000000000e+00 0.000000000000000000e+00 0.000000000000000000e+00 0.000000000000000000e+00
0.000000000000000000e+00 0.000000000000000000e+00 0.000000000000000000e+00 0.000000000000000000e+00 0.000000000000000000e+00 0.000000000000000000e+00 0.000000000000000000e+00 0.000000000000000000e+00 0.000000000000000000e+00 0.000000000000000000e+00 0.000000000000000000e+00 0.000000000000000000e+00 0.000000000000000000e+00 0.000000000000000000e+00 0.000000000000000000e+00
0.000000000000000000e+00 0.000000000000000000e+00 0.000000000000000000e+00 0.000000000000000000e+00 0.000000000000000000e+00 0.000000000000000000e+00 0.000000000000000000e+00 0.000000000000000000e+00 0.000000000000000000e+00 0.000000000000000000e+00 0.000000000000000000e+00 0.000000000000000000e+00 0.000000000000000000e+00 0.000000000000000000e+00 0.000000000000000000e+00
0.000000000000000000e+00 0.000000000000000000e+00 0.000000000000000000e+00 0.000000000000000000e+00 0.000000000000000000e+00 0.000000000000000000e+00 0.000000000000000000e+00 0.000000000000000000e+00 0.000000000000000000e+00 0.000000000000000000e+00 0.000000000000000000e+00 0.000000000000000000e+00 0.000000000000000000e+00 0.000000000000000000e+00 0.000000000000000000e+00
0.000000000000000000e+00 0.000000000000000000e+00 0.000000000000000000e+00 0.000000000000000000e+00 0.000000000000000000e+00 0.000000000000000000e+00 0.000000000000000000e+00 0.000000000000000000e+00 0.000000000000000000e+00 0.000000000000000000e+00 0.000000000000000000e+00 0.000000000000000000e+00 0.000000000000000000e+00 0.000000000000000000e+00 0.000000000000000000e+00
0.000000000000000000e+00 0.000000000000000000e+00 0.000000000000000000e+00 0.000000000000000000e+00 0.000000000000000000e+00 0.000000000000000000e+00 0.000000000000000000e+00 0.000000000000000000e+00 0.000000000000000000e+00 0.000000000000000000e+00 0.000000000000000000e+00 0.000000000000000000e+00 0.000000000000000000e+00 0.000000000000000000e+00 0.000000000000000000e+00
0.000000000000000000e+00 0.000000000000000000e+00 0.000000000000000000e+00 0.000000000000000000e+00 0.000000000000000000e+00 0.000000000000000000e+00 0.000000000000000000e+00 0.000000000000000000e+00 0.000000000000000000e+00 0.000000000000000000e+00 0.000000000000000000e+00 0.000000000000000000e+00 0.000000000000000000e+00 0.000000000000000000e+00 0.000000000000000000e+00
0.000000000000000000e+00 0.000000000000000000e+00 0.000000000000000000e+00 0.000000000000000000e+00 0.000000000000000000e+00 0.000000000000000000e+00 0.000000000000000000e+00 0.000000000000000000e+00 0.000000000000000000e+00 0.000000000000000000e+00 0.000000000000000000e+00 0.000000000000000000e+00 0.000000000000000000e+00 0.000000000000000000e+00 0.000000000000000000e+00
0.000000000000000000e+00 0.000000000000000000e+00 0.000000000000000000e+00 0.000000000000000000e+00 0.000000000000000000e+00 0.000000000000000000e+00 0.000000000000000000e+00 0.000000000000000000e+00 0.000000000000000000e+00 0.000000000000000000e+00 0.000000000000000000e+00 0.000000000000000000e+00 0.000000000000000000e+00 0.000000000000000000e+00 0.000000000000000000e+00
0.000000000000000000e+00 0.000000000000000000e+00 0.000000000000000000e+00 0.000000000000000000e+00 0.000000000000000000e+00 0.000000000000000000e+00 0.000000000000000000e+00 0.000000000000000000e+00 0.000000000000000000e+00 0.000000000000000000e+00 0.000000000000000000e+00 0.000000000000000000e+00 0.000000000000000000e+00 0.000000000000000000e+00 0.000000000000000000e+00
0.000000000000000000e+00 0.000000000000000000e+00 0.000000000000000000e+00 0.000000000000000000e+00 0.000000000000000000e+00 0.000000000000000000e+00 0.000000000000000000e+00 0.000000000000000000e+00 0.000000000000000000e+00 0.000000000000000000e+00 0.000000000000000000e+00 0.000000000000000000e+00 0.000000000000000000e+00 0.000000000000000000e+00 0.000000000000000000e+00
0.000000000000000000e+00 0.000000000000000000e+00 0.000000000000000000e+00 0.000000000000000000e+00 0.000000000000000000e+00 0.000000000000000000e+00 0.000000000000000000e+00 0.000000000000000000e+00 0.000000000000000000e+00 0.000000000000000000e+00 0.000000000000000000e+00 0.000000000000000000e+00 0.000000000000000000e+00 0.000000000000000000e+00 0.000000000000000000e+00
0.000000000000000000e+00 0.000000000000000000e+00 0.000000000000000000e+00 0.000000000000000000e+00 0.000000000000000000e+00 0.000000000000000000e+00 0.000000000000000000e+00 0.000000000000000000e+00 0.000000000000000000e+00 0.000000000000000000e+00 0.000000000000000000e+00 0.000000000000000000e+00 0.000000000000000000e+00 0.000000000000000000e+00 0.000000000000000000e+00
0.000000000000000000e+00 0.000000000000000000e+00 0.000000000000000000e+00 0.000000000000000000e+00 0.000000000000000000e+00 0.000000000000000000e+00 0.000000000000000000e+00 0.000000000000000000e+00 0.000000000000000000e+00 0.000000000000000000e+00 0.000000000000000000e+00 0.000000000000000000e+00 0.000000000000000000e+00 0.000000000000000000e+00 0.000000000000000000e+00
0.000000000000000000e+00 0.000000000000000000e+00 0.000000000000000000e+00 0.000000000000000000e+00 0.000000000000000000e+00 0.000000000000000000e+00 0.000000000000000000e+00 0.000000000000000000e+00 0.000000000000000000e+00 0.000000000000000000e+00 0.000000000000000000e+00 0.000000000000000000e+00 0.000000000000000000e+00 0.000000000000000000e+00 0.000000000000000000e+00
0.000000000000000000e+00 0.000000000000000000e+00 0.000000000000000000e+00 0.000000000000000000e+00 0.000000000000000000e+00 0.000000000000000000e+00 0.000000000000000000e+00 0.000000000000000000e+00 0.000000000000000000e+00 0.000000000000000000e+00 0.000000000000000000e+00 0.000000000000000000e+00 0.000000000000000000e+00 0.000000000000000000e+00 0.000000000000000000e+00
0.000000000000000000e+00 0.000000000000000000e+00 0.000000000000000000e+00 0.000000000000000000e+00 0.000000000000000000e+00 0.000000000000000000e+00 0.000000000000000000e+00 0.000000000000000000e+00 0.000000000000000000e+00 0.000000000000000000e+00 0.000000000000000000e+00 0.000000000000000000e+00 0.000000000000000000e+00 0.000000000000000000e+00 0.000000000000000000e+00
0.000000000000000000e+00 0.000000000000000000e+00 0.000000000000000000e+00 0.000000000000000000e+00 0.000000000000000000e+00 0.000000000000000000e+00 0.000000000000000000e+00 0.000000000000000000e+00 0.000000000000000000e+00 0.000000000000000000e+00 0.000000000000000000e+00 0.000000000000000000e+00 0.000000000000000000e+00 0.000000000000000000e+00 0.000000000000000000e+00
0.000000000000000000e+00 0.000000000000000000e+00 0.000000000000000000e+00 0.000000000000000000e+00 0.000000000000000000e+00 0.000000000000000000e+00 0.000000000000000000e+00 0.000000000000000000e+00 0.000000000000000000e+00 0.000000000000000000e+00 0.000000000000000000e+00 0.000000000000000000e+00 0.000000000000000000e+00 0.000000000000000000e+00 0.000000000000000000e+00
0.000000000000000000e+00 0.000000000000000000e+00 0.000000000000000000e+00 0.000000000000000000e+00 0.000000000000000000e+00 0.000000000000000000e+00 0.000000000000000000e+00 0.000000000000000000e+00 0.000000000000000000e+00 0.000000000000000000e+00 0.000000000000000000e+00 0.000000000000000000e+00 0.000000000000000000e+00 0.000000000000000000e+00 0.000000000000000000e+00
0.000000000000000000e+00 0.000000000000000000e+00 0.000000000000000000e+00 0.000000000000000000e+00 0.000000000000000000e+00 0.000000000000000000e+00 0.000000000000000000e+00 0.000000000000000000e+00 0.000000000000000000e+00 0.000000000000000000e+00 0.000000000000000000e+00 0.000000000000000000e+00 0.000000000000000000e+00 0.000000000000000000e+00 0.000000000000000000e+00
0.000000000000000000e+00 0.000000000000000000e+00 0.000000000000000000e+00 0.000000000000000000e+00 0.000000000000000000e+00 0.000000000000000000e+00 0.000000000000000000e+00 0.000000000000000000e+00 0.000000000000000000e+00 0.000000000000000000e+00 0.000000000000000000e+00 0.000000000000000000e+00 0.000000000000000000e+00 0.000000000000000000e+00 0.000000000000000000e+00
0.000000000000000000e+00 0.000000000000000000e+00 0.000000000000000000e+00 0.000000000000000000e+00 0.000000000000000000e+00 0.000000000000000000e+00 0.000000000000000000e+00 0.000000000000000000e+00 0.000000000000000000e+00 0.000000000000000000e+00 0.000000000000000000e+00 0.000000000000000000e+00 0.000000000000000000e+00 0.000000000000000000e+00 0.000000000000000000e+00
0.000000000000000000e+00 0.000000000000000000e+00 0.000000000000000000e+00 0.000000000000000000e+00 0.000000000000000000e+00 0.000000000000000000e+00 0.000000000000000000e+00 0.000000000000000000e+00 0.000000000000000000e+00 0.000000000000000000e+00 0.000000000000000000e+00 0.000000000000000000e+00 0.000000000000000000e+00 0.000000000000000000e+00 0.000000000000000000e+00
0.000000000000000000e+00 0.000000000000000000e+00 0.000000000000000000e+00 0.000000000000000000e+00 0.000000000000000000e+00 0.000000000000000000e+00 0.000000000000000000e+00 0.000000000000000000e+00 0.000000000000000000e+00 0.000000000000000000e+00 0.000000000000000000e+00 0.000000000000000000e+00 0.000000000000000000e+00 0.000000000000000000e+00 0.000000000000000000e+00
0.000000000000000000e+00 0.000000000000000000e+00 0.000000000000000000e+00 0.000000000000000000e+00 0.000000000000000000e+00 0.000000000000000000e+00 0.000000000000000000e+00 0.000000000000000000e+00 0.000000000000000000e+00 0.000000000000000000e+00 0.000000000000000000e+00 0.000000000000000000e+00 0.000000000000000000e+00 0.000000000000000000e+00 0.000000000000000000e+00
0.000000000000000000e+00 0.000000000000000000e+00 0.000000000000000000e+00 0.000000000000000000e+00 0.000000000000000000e+00 0.000000000000000000e+00 0.000000000000000000e+00 0.000000000000000000e+00 0.000000000000000000e+00 0.000000000000000000e+00 0.000000000000000000e+00 0.000000000000000000e+00 0.000000000000000000e+00 0.000000000000000000e+00 0.000000000000000000e+00
0.000000000000000000e+00 0.000000000000000000e+00 0.000000000000000000e+00 0.000000000000000000e+00 0.000000000000000000e+00 0.000000000000000000e+00 0.000000000000000000e+00 0.000000000000000000e+00 0.000000000000000000e+00 0.000000000000000000e+00 0.000000000000000000e+00 0.000000000000000000e+00 0.000000000000000000e+00 0.000000000000000000e+00 0.000000000000000000e+00
0.000000000000000000e+00 0.000000000000000000e+00 0.000000000000000000e+00 0.000000000000000000e+00 0.000000000000000000e+00 0.000000000000000000e+00 0.000000000000000000e+00 0.000000000000000000e+00 0.000000000000000000e+00 0.000000000000000000e+00 0.000000000000000000e+00 0.000000000000000000e+00 0.000000000000000000e+00 0.000000000000000000e+00 0.000000000000000000e+00
0.000000000000000000e+00 0.000000000000000000e+00 0.000000000000000000e+00 0.000000000000000000e+00 0.000000000000000000e+00 0.000000000000000000e+00 0.000000000000000000e+00 0.000000000000000000e+00 0.000000000000000000e+00 0.000000000000000000e+00 0.000000000000000000e+00 0.000000000000000000e+00 0.000000000000000000e+00 0.000000000000000000e+00 0.000000000000000000e+00
0.000000000000000000e+00 0.000000000000000000e+00 0.000000000000000000e+00 0.000000000000000000e+00 0.000000000000000000e+00 0.000000000000000000e+00 0.000000000000000000e+00 0.000000000000000000e+00 0.000000000000000000e+00 0.000000000000000000e+00 0.000000000000000000e+00 0.000000000000000000e+00 0.000000000000000000e+00 0.000000000000000000e+00 0.000000000000000000e+00
0.000000000000000000e+00 0.000000000000000000e+00 0.000000000000000000e+00 0.000000000000000000e+00 0.000000000000000000e+00 0.000000000000000000e+00 0.000000000000000000e+00 0.000000000000000000e+00 0.000000000000000000e+00 0.000000000000000000e+00 0.000000000000000000e+00 0.000000000000000000e+00 0.000000000000000000e+00 0.000000000000000000e+00 0.000000000000000000e+00
0.000000000000000000e+00 0.000000000000000000e+00 0.000000000000000000e+00 0.000000000000000000e+00 0.000000000000000000e+00 0.000000000000000000e+00 0.000000000000000000e+00 0.000000000000000000e+00 0.000000000000000000e+00 0.000000000000000000e+00 0.000000000000000000e+00 0.000000000000000000e+00 0.000000000000000000e+00 0.000000000000000000e+00 0.000000000000000000e+00
0.000000000000000000e+00 0.000000000000000000e+00 0.000000000000000000e+00 0.000000000000000000e+00 0.000000000000000000e+00 0.000000000000000000e+00 0.000000000000000000e+00 0.000000000000000000e+00 0.000000000000000000e+00 0.000000000000000000e+00 0.000000000000000000e+00 0.000000000000000000e+00 0.000000000000000000e+00 0.000000000000000000e+00 0.000000000000000000e+00
0.000000000000000000e+00 0.000000000000000000e+00 0.000000000000000000e+00 0.000000000000000000e+00 0.000000000000000000e+00 0.000000000000000000e+00 0.000000000000000000e+00 0.000000000000000000e+00 0.000000000000000000e+00 0.000000000000000000e+00 0.000000000000000000e+00 0.000000000000000000e+00 0.000000000000000000e+00 0.000000000000000000e+00 0.000000000000000000e+00
0.000000000000000000e+00 0.000000000000000000e+00 0.000000000000000000e+00 0.000000000000000000e+00 0.000000000000000000e+00 0.000000000000000000e+00 0.000000000000000000e+00 0.000000000000000000e+00 0.000000000000000000e+00 0.000000000000000000e+00 0.000000000000000000e+00 0.000000000000000000e+00 0.000000000000000000e+00 0.000000000000000000e+00 0.000000000000000000e+00
0.000000000000000000e+00 0.000000000000000000e+00 0.000000000000000000e+00 0.000000000000000000e+00 0.000000000000000000e+00 0.000000000000000000e+00 0.000000000000000000e+00 0.000000000000000000e+00 0.000000000000000000e+00 0.000000000000000000e+00 0.000000000000000000e+00 0.000000000000000000e+00 0.000000000000000000e+00 0.000000000000000000e+00 0.000000000000000000e+00
0.000000000000000000e+00 0.000000000000000000e+00 0.000000000000000000e+00 0.000000000000000000e+00 0.000000000000000000e+00 0.000000000000000000e+00 0.000000000000000000e+00 0.000000000000000000e+00 0.000000000000000000e+00 0.000000000000000000e+00 0.000000000000000000e+00 0.000000000000000000e+00 0.000000000000000000e+00 0.000000000000000000e+00 0.000000000000000000e+00
0.000000000000000000e+00 0.000000000000000000e+00 0.000000000000000000e+00 0.000000000000000000e+00 0.000000000000000000e+00 0.000000000000000000e+00 0.000000000000000000e+00 0.000000000000000000e+00 0.000000000000000000e+00 0.000000000000000000e+00 0.000000000000000000e+00 0.000000000000000000e+00 0.000000000000000000e+00 0.000000000000000000e+00 0.000000000000000000e+00
0.000000000000000000e+00 0.000000000000000000e+00 0.000000000000000000e+00 0.000000000000000000e+00 0.000000000000000000e+00 0.000000000000000000e+00 0.000000000000000000e+00 0.000000000000000000e+00 0.000000000000000000e+00 0.000000000000000000e+00 0.000000000000000000e+00 0.000000000000000000e+00 0.000000000000000000e+00 0.000000000000000000e+00 0.000000000000000000e+00
0.000000000000000000e+00 0.000000000000000000e+00 0.000000000000000000e+00 0.000000000000000000e+00 0.000000000000000000e+00 0.000000000000000000e+00 0.000000000000000000e+00 0.000000000000000000e+00 0.000000000000000000e+00 0.000000000000000000e+00 0.000000000000000000e+00 0.000000000000000000e+00 0.000000000000000000e+00 0.000000000000000000e+00 0.000000000000000000e+00
0.000000000000000000e+00 0.000000000000000000e+00 0.000000000000000000e+00 0.000000000000000000e+00 0.000000000000000000e+00 0.000000000000000000e+00 0.000000000000000000e+00 0.000000000000000000e+00 0.000000000000000000e+00 0.000000000000000000e+00 0.000000000000000000e+00 0.000000000000000000e+00 0.000000000000000000e+00 0.000000000000000000e+00 0.000000000000000000e+00
0.000000000000000000e+00 0.000000000000000000e+00 0.000000000000000000e+00 0.000000000000000000e+00 0.000000000000000000e+00 0.000000000000000000e+00 0.000000000000000000e+00 0.000000000000000000e+00 0.000000000000000000e+00 0.000000000000000000e+00 0.000000000000000000e+00 0.000000000000000000e+00 0.000000000000000000e+00 0.000000000000000000e+00 0.000000000000000000e+00
0.000000000000000000e+00 0.000000000000000000e+00 0.000000000000000000e+00 0.000000000000000000e+00 0.000000000000000000e+00 0.000000000000000000e+00 0.000000000000000000e+00 0.000000000000000000e+00 0.000000000000000000e+00 0.000000000000000000e+00 0.000000000000000000e+00 0.000000000000000000e+00 0.000000000000000000e+00 0.000000000000000000e+00 0.000000000000000000e+00
0.000000000000000000e+00 0.000000000000000000e+00 0.000000000000000000e+00 0.000000000000000000e+00 0.000000000000000000e+00 0.000000000000000000e+00 0.000000000000000000e+00 0.000000000000000000e+00 0.000000000000000000e+00 0.000000000000000000e+00 0.000000000000000000e+00 0.000000000000000000e+00 0.000000000000000000e+00 0.000000000000000000e+00 0.000000000000000000e+00
0.000000000000000000e+00 0.000000000000000000e+00 0.000000000000000000e+00 0.000000000000000000e+00 0.000000000000000000e+00 0.000000000000000000e+00 0.000000000000000000e+00 0.000000000000000000e+00 0.000000000000000000e+00 0.000000000000000000e+00 0.000000000000000000e+00 0.000000000000000000e+00 0.000000000000000000e+00 0.000000000000000000e+00 0.000000000000000000e+00
0.000000000000000000e+00 0.000000000000000000e+00 0.000000000000000000e+00 0.000000000000000000e+00 0.000000000000000000e+00 0.000000000000000000e+00 0.000000000000000000e+00 0.000000000000000000e+00 0.000000000000000000e+00 0.000000000000000000e+00 0.000000000000000000e+00 0.000000000000000000e+00 0.000000000000000000e+00 0.000000000000000000e+00 0.000000000000000000e+00
0.000000000000000000e+00 0.000000000000000000e+00 0.000000000000000000e+00 0.000000000000000000e+00 0.000000000000000000e+00 0.000000000000000000e+00 0.000000000000000000e+00 0.000000000000000000e+00 0.000000000000000000e+00 0.000000000000000000e+00 0.000000000000000000e+00 0.000000000000000000e+00 0.000000000000000000e+00 0.000000000000000000e+00 0.000000000000000000e+00
0.000000000000000000e+00 0.000000000000000000e+00 0.000000000000000000e+00 0.000000000000000000e+00 0.000000000000000000e+00 0.000000000000000000e+00 0.000000000000000000e+00 0.000000000000000000e+00 0.000000000000000000e+00 0.000000000000000000e+00 0.000000000000000000e+00 0.000000000000000000e+00 0.000000000000000000e+00 0.000000000000000000e+00 0.000000000000000000e+00
0.000000000000000000e+00 0.000000000000000000e+00 0.000000000000000000e+00 0.000000000000000000e+00 0.000000000000000000e+00 0.000000000000000000e+00 0.000000000000000000e+00 0.000000000000000000e+00 0.000000000000000000e+00 0.000000000000000000e+00 0.000000000000000000e+00 0.000000000000000000e+00 0.000000000000000000e+00 0.000000000000000000e+00 0.000000000000000000e+00
0.000000000000000000e+00 0.000000000000000000e+00 0.000000000000000000e+00 0.000000000000000000e+00 0.000000000000000000e+00 0.000000000000000000e+00 0.000000000000000000e+00 0.000000000000000000e+00 0.000000000000000000e+00 0.000000000000000000e+00 0.000000000000000000e+00 0.000000000000000000e+00 0.000000000000000000e+00 0.000000000000000000e+00 0.000000000000000000e+00
0.000000000000000000e+00 0.000000000000000000e+00 0.000000000000000000e+00 0.000000000000000000e+00 0.000000000000000000e+00 0.000000000000000000e+00 0.000000000000000000e+00 0.000000000000000000e+00 0.000000000000000000e+00 0.000000000000000000e+00 0.000000000000000000e+00 0.000000000000000000e+00 0.000000000000000000e+00 0.000000000000000000e+00 0.000000000000000000e+00
0.000000000000000000e+00 0.000000000000000000e+00 0.000000000000000000e+00 0.000000000000000000e+00 0.000000000000000000e+00 0.000000000000000000e+00 0.000000000000000000e+00 0.000000000000000000e+00 0.000000000000000000e+00 0.000000000000000000e+00 0.000000000000000000e+00 0.000000000000000000e+00 0.000000000000000000e+00 0.000000000000000000e+00 0.000000000000000000e+00
0.000000000000000000e+00 0.000000000000000000e+00 0.000000000000000000e+00 0.000000000000000000e+00 0.000000000000000000e+00 0.000000000000000000e+00 0.000000000000000000e+00 0.000000000000000000e+00 0.000000000000000000e+00 0.000000000000000000e+00 0.000000000000000000e+00 0.000000000000000000e+00 0.000000000000000000e+00 0.000000000000000000e+00 0.000000000000000000e+00
0.000000000000000000e+00 0.000000000000000000e+00 0.000000000000000000e+00 0.000000000000000000e+00 0.000000000000000000e+00 0.000000000000000000e+00 0.000000000000000000e+00 0.000000000000000000e+00 0.000000000000000000e+00 0.000000000000000000e+00 0.000000000000000000e+00 0.000000000000000000e+00 0.000000000000000000e+00 0.000000000000000000e+00 0.000000000000000000e+00
0.000000000000000000e+00 0.000000000000000000e+00 0.000000000000000000e+00 0.000000000000000000e+00 0.000000000000000000e+00 0.000000000000000000e+00 0.000000000000000000e+00 0.000000000000000000e+00 0.000000000000000000e+00 0.000000000000000000e+00 0.000000000000000000e+00 0.000000000000000000e+00 0.000000000000000000e+00 0.000000000000000000e+00 0.000000000000000000e+00
0.000000000000000000e+00 0.000000000000000000e+00 0.000000000000000000e+00 0.000000000000000000e+00 0.000000000000000000e+00 0.000000000000000000e+00 0.000000000000000000e+00 0.000000000000000000e+00 0.000000000000000000e+00 0.000000000000000000e+00 0.000000000000000000e+00 0.000000000000000000e+00 0.000000000000000000e+00 0.000000000000000000e+00 0.000000000000000000e+00
0.000000000000000000e+00 0.000000000000000000e+00 0.000000000000000000e+00 0.000000000000000000e+00 0.000000000000000000e+00 0.000000000000000000e+00 0.000000000000000000e+00 0.000000000000000000e+00 0.000000000000000000e+00 0.000000000000000000e+00 0.000000000000000000e+00 0.000000000000000000e+00 0.000000000000000000e+00 0.000000000000000000e+00 0.000000000000000000e+00
0.000000000000000000e+00 0.000000000000000000e+00 0.000000000000000000e+00 0.000000000000000000e+00 0.000000000000000000e+00 0.000000000000000000e+00 0.000000000000000000e+00 0.000000000000000000e+00 0.000000000000000000e+00 0.000000000000000000e+00 0.000000000000000000e+00 0.000000000000000000e+00 0.000000000000000000e+00 0.000000000000000000e+00 0.000000000000000000e+00
0.000000000000000000e+00 0.000000000000000000e+00 0.000000000000000000e+00 0.000000000000000000e+00 0.000000000000000000e+00 0.000000000000000000e+00 0.000000000000000000e+00 0.000000000000000000e+00 0.000000000000000000e+00 0.000000000000000000e+00 0.000000000000000000e+00 0.000000000000000000e+00 0.000000000000000000e+00 0.000000000000000000e+00 0.000000000000000000e+00
0.000000000000000000e+00 0.000000000000000000e+00 0.000000000000000000e+00 0.000000000000000000e+00 0.000000000000000000e+00 0.000000000000000000e+00 0.000000000000000000e+00 0.000000000000000000e+00 0.000000000000000000e+00 0.000000000000000000e+00 0.000000000000000000e+00 0.000000000000000000e+00 0.000000000000000000e+00 0.000000000000000000e+00 0.000000000000000000e+00
0.000000000000000000e+00 0.000000000000000000e+00 0.000000000000000000e+00 0.000000000000000000e+00 0.000000000000000000e+00 0.000000000000000000e+00 0.000000000000000000e+00 0.000000000000000000e+00 0.000000000000000000e+00 0.000000000000000000e+00 0.000000000000000000e+00 0.000000000000000000e+00 0.000000000000000000e+00 0.000000000000000000e+00 0.000000000000000000e+00
0.000000000000000000e+00 0.000000000000000000e+00 0.000000000000000000e+00 0.000000000000000000e+00 0.000000000000000000e+00 0.000000000000000000e+00 0.000000000000000000e+00 0.000000000000000000e+00 0.000000000000000000e+00 0.000000000000000000e+00 0.000000000000000000e+00 0.000000000000000000e+00 0.000000000000000000e+00 0.000000000000000000e+00 0.000000000000000000e+00
0.000000000000000000e+00 0.000000000000000000e+00 0.000000000000000000e+00 0.000000000000000000e+00 0.000000000000000000e+00 0.000000000000000000e+00 0.000000000000000000e+00 0.000000000000000000e+00 0.000000000000000000e+00 0.000000000000000000e+00 0.000000000000000000e+00 0.000000000000000000e+00 0.000000000000000000e+00 0.000000000000000000e+00 0.000000000000000000e+00
0.000000000000000000e+00 0.000000000000000000e+00 0.000000000000000000e+00 0.000000000000000000e+00 0.000000000000000000e+00 0.000000000000000000e+00 0.000000000000000000e+00 0.000000000000000000e+00 0.000000000000000000e+00 0.000000000000000000e+00 0.000000000000000000e+00 0.000000000000000000e+00 0.000000000000000000e+00 0.000000000000000000e+00 0.000000000000000000e+00
0.000000000000000000e+00 0.000000000000000000e+00 0.000000000000000000e+00 0.000000000000000000e+00 0.000000000000000000e+00 0.000000000000000000e+00 0.000000000000000000e+00 0.000000000000000000e+00 0.000000000000000000e+00 0.000000000000000000e+00 0.000000000000000000e+00 0.000000000000000000e+00 0.000000000000000000e+00 0.000000000000000000e+00 0.000000000000000000e+00
0.000000000000000000e+00 0.000000000000000000e+00 0.000000000000000000e+00 0.000000000000000000e+00 0.000000000000000000e+00 0.000000000000000000e+00 0.000000000000000000e+00 0.000000000000000000e+00 0.000000000000000000e+00 0.000000000000000000e+00 0.000000000000000000e+00 0.000000000000000000e+00 0.000000000000000000e+00 0.000000000000000000e+00 0.000000000000000000e+00
0.000000000000000000e+00 0.000000000000000000e+00 0.000000000000000000e+00 0.000000000000000000e+00 0.000000000000000000e+00 0.000000000000000000e+00 0.000000000000000000e+00 0.000000000000000000e+00 0.000000000000000000e+00 0.000000000000000000e+00 0.000000000000000000e+00 0.000000000000000000e+00 0.000000000000000000e+00 0.000000000000000000e+00 0.000000000000000000e+00
0.000000000000000000e+00 0.000000000000000000e+00 0.000000000000000000e+00 0.000000000000000000e+00 0.000000000000000000e+00 0.000000000000000000e+00 0.000000000000000000e+00 0.000000000000000000e+00 0.000000000000000000e+00 0.000000000000000000e+00 0.000000000000000000e+00 0.000000000000000000e+00 0.000000000000000000e+00 0.000000000000000000e+00 0.000000000000000000e+00
0.000000000000000000e+00 0.000000000000000000e+00 0.000000000000000000e+00 0.000000000000000000e+00 0.000000000000000000e+00 0.000000000000000000e+00 0.000000000000000000e+00 0.000000000000000000e+00 0.000000000000000000e+00 0.000000000000000000e+00 0.000000000000000000e+00 0.000000000000000000e+00 0.000000000000000000e+00 0.000000000000000000e+00 0.000000000000000000e+00
0.000000000000000000e+00 0.000000000000000000e+00 0.000000000000000000e+00 0.000000000000000000e+00 0.000000000000000000e+00 0.000000000000000000e+00 0.000000000000000000e+00 0.000000000000000000e+00 0.000000000000000000e+00 0.000000000000000000e+00 0.000000000000000000e+00 0.000000000000000000e+00 0.000000000000000000e+00 0.000000000000000000e+00 0.000000000000000000e+00
0.000000000000000000e+00 0.000000000000000000e+00 0.000000000000000000e+00 0.000000000000000000e+00 0.000000000000000000e+00 0.000000000000000000e+00 0.000000000000000000e+00 0.000000000000000000e+00 0.000000000000000000e+00 0.000000000000000000e+00 0.000000000000000000e+00 0.000000000000000000e+00 0.000000000000000000e+00 0.000000000000000000e+00 0.000000000000000000e+00
0.000000000000000000e+00 0.000000000000000000e+00 0.000000000000000000e+00 0.000000000000000000e+00 0.000000000000000000e+00 0.000000000000000000e+00 0.000000000000000000e+00 0.000000000000000000e+00 0.000000000000000000e+00 0.000000000000000000e+00 0.000000000000000000e+00 0.000000000000000000e+00 0.000000000000000000e+00 0.000000000000000000e+00 0.000000000000000000e+00
0.000000000000000000e+00 0.000000000000000000e+00 0.000000000000000000e+00 0.000000000000000000e+00 0.000000000000000000e+00 0.000000000000000000e+00 0.000000000000000000e+00 0.000000000000000000e+00 0.000000000000000000e+00 0.000000000000000000e+00 0.000000000000000000e+00 0.000000000000000000e+00 0.000000000000000000e+00 0.000000000000000000e+00 0.000000000000000000e+00
0.000000000000000000e+00 0.000000000000000000e+00 0.000000000000000000e+00 0.000000000000000000e+00 0.000000000000000000e+00 0.000000000000000000e+00 0.000000000000000000e+00 0.000000000000000000e+00 0.000000000000000000e+00 0.000000000000000000e+00 0.000000000000000000e+00 0.000000000000000000e+00 0.000000000000000000e+00 0.000000000000000000e+00 0.000000000000000000e+00
0.000000000000000000e+00 0.000000000000000000e+00 0.000000000000000000e+00 0.000000000000000000e+00 0.000000000000000000e+00 0.000000000000000000e+00 0.000000000000000000e+00 0.000000000000000000e+00 0.000000000000000000e+00 0.000000000000000000e+00 0.000000000000000000e+00 0.000000000000000000e+00 0.000000000000000000e+00 0.000000000000000000e+00 0.000000000000000000e+00
0.000000000000000000e+00 0.000000000000000000e+00 0.000000000000000000e+00 0.000000000000000000e+00 0.000000000000000000e+00 0.000000000000000000e+00 0.000000000000000000e+00 0.000000000000000000e+00 0.000000000000000000e+00 0.000000000000000000e+00 0.000000000000000000e+00 0.000000000000000000e+00 0.000000000000000000e+00 0.000000000000000000e+00 0.000000000000000000e+00
0.000000000000000000e+00 0.000000000000000000e+00 0.000000000000000000e+00 0.000000000000000000e+00 0.000000000000000000e+00 0.000000000000000000e+00 0.000000000000000000e+00 0.000000000000000000e+00 0.000000000000000000e+00 0.000000000000000000e+00 0.000000000000000000e+00 0.000000000000000000e+00 0.000000000000000000e+00 0.000000000000000000e+00 0.000000000000000000e+00
0.000000000000000000e+00 0.000000000000000000e+00 0.000000000000000000e+00 0.000000000000000000e+00 0.000000000000000000e+00 0.000000000000000000e+00 0.000000000000000000e+00 0.000000000000000000e+00 0.000000000000000000e+00 0.000000000000000000e+00 0.000000000000000000e+00 0.000000000000000000e+00 0.000000000000000000e+00 0.000000000000000000e+00 0.000000000000000000e+00
0.000000000000000000e+00 0.000000000000000000e+00 0.000000000000000000e+00 0.000000000000000000e+00 0.000000000000000000e+00 0.000000000000000000e+00 0.000000000000000000e+00 0.000000000000000000e+00 0.000000000000000000e+00 0.000000000000000000e+00 0.000000000000000000e+00 0.000000000000000000e+00 0.000000000000000000e+00 0.000000000000000000e+00 0.000000000000000000e+00
0.000000000000000000e+00 0.000000000000000000e+00 0.000000000000000000e+00 0.000000000000000000e+00 0.000000000000000000e+00 0.000000000000000000e+00 0.000000000000000000e+00 0.000000000000000000e+00 0.000000000000000000e+00 0.000000000000000000e+00 0.000000000000000000e+00 0.000000000000000000e+00 0.000000000000000000e+00 0.000000000000000000e+00 0.000000000000000000e+00
0.000000000000000000e+00 0.000000000000000000e+00 0.000000000000000000e+00 0.000000000000000000e+00 0.000000000000000000e+00 0.000000000000000000e+00 0.000000000000000000e+00 0.000000000000000000e+00 0.000000000000000000e+00 0.000000000000000000e+00 0.000000000000000000e+00 0.000000000000000000e+00 0.000000000000000000e+00 0.000000000000000000e+00 0.000000000000000000e+00
0.000000000000000000e+00 0.000000000000000000e+00 0.000000000000000000e+00 0.000000000000000000e+00 0.000000000000000000e+00 0.000000000000000000e+00 0.000000000000000000e+00 0.000000000000000000e+00 0.000000000000000000e+00 0.000000000000000000e+00 0.000000000000000000e+00 0.000000000000000000e+00 0.000000000000000000e+00 0.000000000000000000e+00 0.000000000000000000e+00
0.000000000000000000e+00 0.000000000000000000e+00 0.000000000000000000e+00 0.000000000000000000e+00 0.000000000000000000e+00 0.000000000000000000e+00 0.000000000000000000e+00 0.000000000000000000e+00 0.000000000000000000e+00 0.000000000000000000e+00 0.000000000000000000e+00 0.000000000000000000e+00 0.000000000000000000e+00 0.000000000000000000e+00 0.000000000000000000e+00
0.000000000000000000e+00 0.000000000000000000e+00 0.000000000000000000e+00 0.000000000000000000e+00 0.000000000000000000e+00 0.000000000000000000e+00 0.000000000000000000e+00 0.000000000000000000e+00 0.000000000000000000e+00 0.000000000000000000e+00 0.000000000000000000e+00 0.000000000000000000e+00 0.000000000000000000e+00 0.000000000000000000e+00 0.000000000000000000e+00
0.000000000000000000e+00 0.000000000000000000e+00 0.000000000000000000e+00 0.000000000000000000e+00 0.000000000000000000e+00 0.000000000000000000e+00 0.000000000000000000e+00 0.000000000000000000e+00 0.000000000000000000e+00 0.000000000000000000e+00 0.000000000000000000e+00 0.000000000000000000e+00 0.000000000000000000e+00 0.000000000000000000e+00 0.000000000000000000e+00
0.000000000000000000e+00 0.000000000000000000e+00 0.000000000000000000e+00 0.000000000000000000e+00 0.000000000000000000e+00 0.000000000000000000e+00 0.000000000000000000e+00 0.000000000000000000e+00 0.000000000000000000e+00 0.000000000000000000e+00 0.000000000000000000e+00 0.000000000000000000e+00 0.000000000000000000e+00 0.000000000000000000e+00 0.000000000000000000e+00
0.000000000000000000e+00 0.000000000000000000e+00 0.000000000000000000e+00 0.000000000000000000e+00 0.000000000000000000e+00 0.000000000000000000e+00 0.000000000000000000e+00 0.000000000000000000e+00 0.000000000000000000e+00 0.000000000000000000e+00 0.000000000000000000e+00 0.000000000000000000e+00 0.000000000000000000e+00 0.000000000000000000e+00 0.000000000000000000e+00
0.000000000000000000e+00 0.000000000000000000e+00 0.000000000000000000e+00 0.000000000000000000e+00 0.000000000000000000e+00 0.000000000000000000e+00 0.000000000000000000e+00 0.000000000000000000e+00 0.000000000000000000e+00 0.000000000000000000e+00 0.000000000000000000e+00 0.000000000000000000e+00 0.000000000000000000e+00 0.000000000000000000e+00 0.000000000000000000e+00
0.000000000000000000e+00 0.000000000000000000e+00 0.000000000000000000e+00 0.000000000000000000e+00 0.000000000000000000e+00 0.000000000000000000e+00 0.000000000000000000e+00 0.000000000000000000e+00 0.000000000000000000e+00 0.000000000000000000e+00 0.000000000000000000e+00 0.000000000000000000e+00 0.000000000000000000e+00 0.000000000000000000e+00 0.000000000000000000e+00
0.000000000000000000e+00 0.000000000000000000e+00 0.000000000000000000e+00 0.000000000000000000e+00 0.000000000000000000e+00 0.000000000000000000e+00 0.000000000000000000e+00 0.000000000000000000e+00 0.000000000000000000e+00 0.000000000000000000e+00 0.000000000000000000e+00 0.000000000000000000e+00 0.000000000000000000e+00 0.000000000000000000e+00 0.000000000000000000e+00
0.000000000000000000e+00 0.000000000000000000e+00 0.000000000000000000e+00 0.000000000000000000e+00 0.000000000000000000e+00 0.000000000000000000e+00 0.000000000000000000e+00 0.000000000000000000e+00 0.000000000000000000e+00 0.000000000000000000e+00 0.000000000000000000e+00 0.000000000000000000e+00 0.000000000000000000e+00 0.000000000000000000e+00 0.000000000000000000e+00
0.000000000000000000e+00 0.000000000000000000e+00 0.000000000000000000e+00 0.000000000000000000e+00 0.000000000000000000e+00 0.000000000000000000e+00 0.000000000000000000e+00 0.000000000000000000e+00 0.000000000000000000e+00 0.000000000000000000e+00 0.000000000000000000e+00 0.000000000000000000e+00 0.000000000000000000e+00 0.000000000000000000e+00 0.000000000000000000e+00
0.000000000000000000e+00 0.000000000000000000e+00 0.000000000000000000e+00 0.000000000000000000e+00 0.000000000000000000e+00 0.000000000000000000e+00 0.000000000000000000e+00 0.000000000000000000e+00 0.000000000000000000e+00 0.000000000000000000e+00 0.000000000000000000e+00 0.000000000000000000e+00 0.000000000000000000e+00 0.000000000000000000e+00 0.000000000000000000e+00
0.000000000000000000e+00 0.000000000000000000e+00 0.000000000000000000e+00 0.000000000000000000e+00 0.000000000000000000e+00 0.000000000000000000e+00 0.000000000000000000e+00 0.000000000000000000e+00 0.000000000000000000e+00 0.000000000000000000e+00 0.000000000000000000e+00 0.000000000000000000e+00 0.000000000000000000e+00 0.000000000000000000e+00 0.000000000000000000e+00
0.000000000000000000e+00 0.000000000000000000e+00 0.000000000000000000e+00 0.000000000000000000e+00 0.000000000000000000e+00 0.000000000000000000e+00 0.000000000000000000e+00 0.000000000000000000e+00 0.000000000000000000e+00 0.000000000000000000e+00 0.000000000000000000e+00 0.000000000000000000e+00 0.000000000000000000e+00 0.000000000000000000e+00 0.000000000000000000e+00
0.000000000000000000e+00 0.000000000000000000e+00 0.000000000000000000e+00 0.000000000000000000e+00 0.000000000000000000e+00 0.000000000000000000e+00 0.000000000000000000e+00 0.000000000000000000e+00 0.000000000000000000e+00 0.000000000000000000e+00 0.000000000000000000e+00 0.000000000000000000e+00 0.000000000000000000e+00 0.000000000000000000e+00 0.000000000000000000e+00
0.000000000000000000e+00 0.000000000000000000e+00 0.000000000000000000e+00 0.000000000000000000e+00 0.000000000000000000e+00 0.000000000000000000e+00 0.000000000000000000e+00 0.000000000000000000e+00 0.000000000000000000e+00 0.000000000000000000e+00 0.000000000000000000e+00 0.000000000000000000e+00 0.000000000000000000e+00 0.000000000000000000e+00 0.000000000000000000e+00
0.000000000000000000e+00 0.000000000000000000e+00 0.000000000000000000e+00 0.000000000000000000e+00 0.000000000000000000e+00 0.000000000000000000e+00 0.000000000000000000e+00 0.000000000000000000e+00 0.000000000000000000e+00 0.000000000000000000e+00 0.000000000000000000e+00 0.000000000000000000e+00 0.000000000000000000e+00 0.000000000000000000e+00 0.000000000000000000e+00
0.000000000000000000e+00 0.000000000000000000e+00 0.000000000000000000e+00 0.000000000000000000e+00 0.000000000000000000e+00 0.000000000000000000e+00 0.000000000000000000e+00 0.000000000000000000e+00 0.000000000000000000e+00 0.000000000000000000e+00 0.000000000000000000e+00 0.000000000000000000e+00 0.000000000000000000e+00 0.000000000000000000e+00 0.000000000000000000e+00
0.000000000000000000e+00 0.000000000000000000e+00 0.000000000000000000e+00 0.000000000000000000e+00 0.000000000000000000e+00 0.000000000000000000e+00 0.000000000000000000e+00 0.000000000000000000e+00 0.000000000000000000e+00 0.000000000000000000e+00 0.000000000000000000e+00 0.000000000000000000e+00 0.000000000000000000e+00 0.000000000000000000e+00 0.000000000000000000e+00
0.000000000000000000e+00 0.000000000000000000e+00 0.000000000000000000e+00 0.000000000000000000e+00 0.000000000000000000e+00 0.000000000000000000e+00 0.000000000000000000e+00 0.000000000000000000e+00 0.000000000000000000e+00 0.000000000000000000e+00 0.000000000000000000e+00 0.000000000000000000e+00 0.000000000000000000e+00 0.000000000000000000e+00 0.000000000000000000e+00
0.000000000000000000e+00 0.000000000000000000e+00 0.000000000000000000e+00 0.000000000000000000e+00 0.000000000000000000e+00 0.000000000000000000e+00 0.000000000000000000e+00 0.000000000000000000e+00 0.000000000000000000e+00 0.000000000000000000e+00 0.000000000000000000e+00 0.000000000000000000e+00 0.000000000000000000e+00 0.000000000000000000e+00 0.000000000000000000e+00
0.000000000000000000e+00 0.000000000000000000e+00 0.000000000000000000e+00 0.000000000000000000e+00 0.000000000000000000e+00 0.000000000000000000e+00 0.000000000000000000e+00 0.000000000000000000e+00 0.000000000000000000e+00 0.000000000000000000e+00 0.000000000000000000e+00 0.000000000000000000e+00 0.000000000000000000e+00 0.000000000000000000e+00 0.000000000000000000e+00
0.000000000000000000e+00 0.000000000000000000e+00 0.000000000000000000e+00 0.000000000000000000e+00 0.000000000000000000e+00 0.000000000000000000e+00 0.000000000000000000e+00 0.000000000000000000e+00 0.000000000000000000e+00 0.000000000000000000e+00 0.000000000000000000e+00 0.000000000000000000e+00 0.000000000000000000e+00 0.000000000000000000e+00 0.000000000000000000e+00
0.000000000000000000e+00 0.000000000000000000e+00 0.000000000000000000e+00 0.000000000000000000e+00 0.000000000000000000e+00 0.000000000000000000e+00 0.000000000000000000e+00 0.000000000000000000e+00 0.000000000000000000e+00 0.000000000000000000e+00 0.000000000000000000e+00 0.000000000000000000e+00 0.000000000000000000e+00 0.000000000000000000e+00 0.000000000000000000e+00
0.000000000000000000e+00 0.000000000000000000e+00 0.000000000000000000e+00 0.000000000000000000e+00 0.000000000000000000e+00 0.000000000000000000e+00 0.000000000000000000e+00 0.000000000000000000e+00 0.000000000000000000e+00 0.000000000000000000e+00 0.000000000000000000e+00 0.000000000000000000e+00 0.000000000000000000e+00 0.000000000000000000e+00 0.000000000000000000e+00
0.000000000000000000e+00 0.000000000000000000e+00 0.000000000000000000e+00 0.000000000000000000e+00 0.000000000000000000e+00 0.000000000000000000e+00 0.000000000000000000e+00 0.000000000000000000e+00 0.000000000000000000e+00 0.000000000000000000e+00 0.000000000000000000e+00 0.000000000000000000e+00 0.000000000000000000e+00 0.000000000000000000e+00 0.000000000000000000e+00
0.000000000000000000e+00 0.000000000000000000e+00 0.000000000000000000e+00 0.000000000000000000e+00 0.000000000000000000e+00 0.000000000000000000e+00 0.000000000000000000e+00 0.000000000000000000e+00 0.000000000000000000e+00 0.000000000000000000e+00 0.000000000000000000e+00 0.000000000000000000e+00 0.000000000000000000e+00 0.000000000000000000e+00 0.000000000000000000e+00
0.000000000000000000e+00 0.000000000000000000e+00 0.000000000000000000e+00 0.000000000000000000e+00 0.000000000000000000e+00 0.000000000000000000e+00 0.000000000000000000e+00 0.000000000000000000e+00 0.000000000000000000e+00 0.000000000000000000e+00 0.000000000000000000e+00 0.000000000000000000e+00 0.000000000000000000e+00 0.000000000000000000e+00 0.000000000000000000e+00
0.000000000000000000e+00 0.000000000000000000e+00 0.000000000000000000e+00 0.000000000000000000e+00 0.000000000000000000e+00 0.000000000000000000e+00 0.000000000000000000e+00 0.000000000000000000e+00 0.000000000000000000e+00 0.000000000000000000e+00 0.000000000000000000e+00 0.000000000000000000e+00 0.000000000000000000e+00 0.000000000000000000e+00 0.000000000000000000e+00
0.000000000000000000e+00 0.000000000000000000e+00 0.000000000000000000e+00 0.000000000000000000e+00 0.000000000000000000e+00 0.000000000000000000e+00 0.000000000000000000e+00 0.000000000000000000e+00 0.000000000000000000e+00 0.000000000000000000e+00 0.000000000000000000e+00 0.000000000000000000e+00 0.000000000000000000e+00 0.000000000000000000e+00 0.000000000000000000e+00
0.000000000000000000e+00 0.000000000000000000e+00 0.000000000000000000e+00 0.000000000000000000e+00 0.000000000000000000e+00 0.000000000000000000e+00 0.000000000000000000e+00 0.000000000000000000e+00 0.000000000000000000e+00 0.000000000000000000e+00 0.000000000000000000e+00 0.000000000000000000e+00 0.000000000000000000e+00 0.000000000000000000e+00 0.000000000000000000e+00
0.000000000000000000e+00 0.000000000000000000e+00 0.000000000000000000e+00 0.000000000000000000e+00 0.000000000000000000e+00 0.000000000000000000e+00 0.000000000000000000e+00 0.000000000000000000e+00 0.000000000000000000e+00 0.000000000000000000e+00 0.000000000000000000e+00 0.000000000000000000e+00 0.000000000000000000e+00 0.000000000000000000e+00 0.000000000000000000e+00
0.000000000000000000e+00 0.000000000000000000e+00 0.000000000000000000e+00 0.000000000000000000e+00 0.000000000000000000e+00 0.000000000000000000e+00 0.000000000000000000e+00 0.000000000000000000e+00 0.000000000000000000e+00 0.000000000000000000e+00 0.000000000000000000e+00 0.000000000000000000e+00 0.000000000000000000e+00 0.000000000000000000e+00 0.000000000000000000e+00
0.000000000000000000e+00 0.000000000000000000e+00 0.000000000000000000e+00 0.000000000000000000e+00 0.000000000000000000e+00 0.000000000000000000e+00 0.000000000000000000e+00 0.000000000000000000e+00 0.000000000000000000e+00 0.000000000000000000e+00 0.000000000000000000e+00 0.000000000000000000e+00 0.000000000000000000e+00 0.000000000000000000e+00 0.000000000000000000e+00
0.000000000000000000e+00 0.000000000000000000e+00 0.000000000000000000e+00 0.000000000000000000e+00 0.000000000000000000e+00 0.000000000000000000e+00 0.000000000000000000e+00 0.000000000000000000e+00 0.000000000000000000e+00 0.000000000000000000e+00 0.000000000000000000e+00 0.000000000000000000e+00 0.000000000000000000e+00 0.000000000000000000e+00 0.000000000000000000e+00
0.000000000000000000e+00 0.000000000000000000e+00 0.000000000000000000e+00 0.000000000000000000e+00 0.000000000000000000e+00 0.000000000000000000e+00 0.000000000000000000e+00 0.000000000000000000e+00 0.000000000000000000e+00 0.000000000000000000e+00 0.000000000000000000e+00 0.000000000000000000e+00 0.000000000000000000e+00 0.000000000000000000e+00 0.000000000000000000e+00
0.000000000000000000e+00 0.000000000000000000e+00 0.000000000000000000e+00 0.000000000000000000e+00 0.000000000000000000e+00 0.000000000000000000e+00 0.000000000000000000e+00 0.000000000000000000e+00 0.000000000000000000e+00 0.000000000000000000e+00 0.000000000000000000e+00 0.000000000000000000e+00 0.000000000000000000e+00 0.000000000000000000e+00 0.000000000000000000e+00
0.000000000000000000e+00 0.000000000000000000e+00 0.000000000000000000e+00 0.000000000000000000e+00 0.000000000000000000e+00 0.000000000000000000e+00 0.000000000000000000e+00 0.000000000000000000e+00 0.000000000000000000e+00 0.000000000000000000e+00 0.000000000000000000e+00 0.000000000000000000e+00 0.000000000000000000e+00 0.000000000000000000e+00 0.000000000000000000e+00
0.000000000000000000e+00 0.000000000000000000e+00 0.000000000000000000e+00 0.000000000000000000e+00 0.000000000000000000e+00 0.000000000000000000e+00 0.000000000000000000e+00 0.000000000000000000e+00 0.000000000000000000e+00 0.000000000000000000e+00 0.000000000000000000e+00 0.000000000000000000e+00 0.000000000000000000e+00 0.000000000000000000e+00 0.000000000000000000e+00
0.000000000000000000e+00 0.000000000000000000e+00 0.000000000000000000e+00 0.000000000000000000e+00 0.000000000000000000e+00 0.000000000000000000e+00 0.000000000000000000e+00 0.000000000000000000e+00 0.000000000000000000e+00 0.000000000000000000e+00 0.000000000000000000e+00 0.000000000000000000e+00 0.000000000000000000e+00 0.000000000000000000e+00 0.000000000000000000e+00
0.000000000000000000e+00 0.000000000000000000e+00 0.000000000000000000e+00 0.000000000000000000e+00 0.000000000000000000e+00 0.000000000000000000e+00 0.000000000000000000e+00 0.000000000000000000e+00 0.000000000000000000e+00 0.000000000000000000e+00 0.000000000000000000e+00 0.000000000000000000e+00 0.000000000000000000e+00 0.000000000000000000e+00 0.000000000000000000e+00
0.000000000000000000e+00 0.000000000000000000e+00 0.000000000000000000e+00 0.000000000000000000e+00 0.000000000000000000e+00 0.000000000000000000e+00 0.000000000000000000e+00 0.000000000000000000e+00 0.000000000000000000e+00 0.000000000000000000e+00 0.000000000000000000e+00 0.000000000000000000e+00 0.000000000000000000e+00 0.000000000000000000e+00 0.000000000000000000e+00
0.000000000000000000e+00 0.000000000000000000e+00 0.000000000000000000e+00 0.000000000000000000e+00 0.000000000000000000e+00 0.000000000000000000e+00 0.000000000000000000e+00 0.000000000000000000e+00 0.000000000000000000e+00 0.000000000000000000e+00 0.000000000000000000e+00 0.000000000000000000e+00 0.000000000000000000e+00 0.000000000000000000e+00 0.000000000000000000e+00
0.000000000000000000e+00 0.000000000000000000e+00 0.000000000000000000e+00 0.000000000000000000e+00 0.000000000000000000e+00 0.000000000000000000e+00 0.000000000000000000e+00 0.000000000000000000e+00 0.000000000000000000e+00 0.000000000000000000e+00 0.000000000000000000e+00 0.000000000000000000e+00 0.000000000000000000e+00 0.000000000000000000e+00 0.000000000000000000e+00
0.000000000000000000e+00 0.000000000000000000e+00 0.000000000000000000e+00 0.000000000000000000e+00 0.000000000000000000e+00 0.000000000000000000e+00 0.000000000000000000e+00 0.000000000000000000e+00 0.000000000000000000e+00 0.000000000000000000e+00 0.000000000000000000e+00 0.000000000000000000e+00 0.000000000000000000e+00 0.000000000000000000e+00 0.000000000000000000e+00
0.000000000000000000e+00 0.000000000000000000e+00 0.000000000000000000e+00 0.000000000000000000e+00 0.000000000000000000e+00 0.000000000000000000e+00 0.000000000000000000e+00 0.000000000000000000e+00 0.000000000000000000e+00 0.000000000000000000e+00 0.000000000000000000e+00 0.000000000000000000e+00 0.000000000000000000e+00 0.000000000000000000e+00 0.000000000000000000e+00
0.000000000000000000e+00 0.000000000000000000e+00 0.000000000000000000e+00 0.000000000000000000e+00 0.000000000000000000e+00 0.000000000000000000e+00 0.000000000000000000e+00 0.000000000000000000e+00 0.000000000000000000e+00 0.000000000000000000e+00 0.000000000000000000e+00 0.000000000000000000e+00 0.000000000000000000e+00 0.000000000000000000e+00 0.000000000000000000e+00
0.000000000000000000e+00 0.000000000000000000e+00 0.000000000000000000e+00 0.000000000000000000e+00 0.000000000000000000e+00 0.000000000000000000e+00 0.000000000000000000e+00 0.000000000000000000e+00 0.000000000000000000e+00 0.000000000000000000e+00 0.000000000000000000e+00 0.000000000000000000e+00 0.000000000000000000e+00 0.000000000000000000e+00 0.000000000000000000e+00
0.000000000000000000e+00 0.000000000000000000e+00 0.000000000000000000e+00 0.000000000000000000e+00 0.000000000000000000e+00 0.000000000000000000e+00 0.000000000000000000e+00 0.000000000000000000e+00 0.000000000000000000e+00 0.000000000000000000e+00 0.000000000000000000e+00 0.000000000000000000e+00 0.000000000000000000e+00 0.000000000000000000e+00 0.000000000000000000e+00
0.000000000000000000e+00 0.000000000000000000e+00 0.000000000000000000e+00 0.000000000000000000e+00 0.000000000000000000e+00 0.000000000000000000e+00 0.000000000000000000e+00 0.000000000000000000e+00 0.000000000000000000e+00 0.000000000000000000e+00 0.000000000000000000e+00 0.000000000000000000e+00 0.000000000000000000e+00 0.000000000000000000e+00 0.000000000000000000e+00
0.000000000000000000e+00 0.000000000000000000e+00 0.000000000000000000e+00 0.000000000000000000e+00 0.000000000000000000e+00 0.000000000000000000e+00 0.000000000000000000e+00 0.000000000000000000e+00 0.000000000000000000e+00 0.000000000000000000e+00 0.000000000000000000e+00 0.000000000000000000e+00 0.000000000000000000e+00 0.000000000000000000e+00 0.000000000000000000e+00
0.000000000000000000e+00 0.000000000000000000e+00 0.000000000000000000e+00 0.000000000000000000e+00 0.000000000000000000e+00 0.000000000000000000e+00 0.000000000000000000e+00 0.000000000000000000e+00 0.000000000000000000e+00 0.000000000000000000e+00 0.000000000000000000e+00 0.000000000000000000e+00 0.000000000000000000e+00 0.000000000000000000e+00 0.000000000000000000e+00
0.000000000000000000e+00 0.000000000000000000e+00 0.000000000000000000e+00 0.000000000000000000e+00 0.000000000000000000e+00 0.000000000000000000e+00 0.000000000000000000e+00 0.000000000000000000e+00 0.000000000000000000e+00 0.000000000000000000e+00 0.000000000000000000e+00 0.000000000000000000e+00 0.000000000000000000e+00 0.000000000000000000e+00 0.000000000000000000e+00
0.000000000000000000e+00 0.000000000000000000e+00 0.000000000000000000e+00 0.000000000000000000e+00 0.000000000000000000e+00 0.000000000000000000e+00 0.000000000000000000e+00 0.000000000000000000e+00 0.000000000000000000e+00 0.000000000000000000e+00 0.000000000000000000e+00 0.000000000000000000e+00 0.000000000000000000e+00 0.000000000000000000e+00 0.000000000000000000e+00
0.000000000000000000e+00 0.000000000000000000e+00 0.000000000000000000e+00 0.000000000000000000e+00 0.000000000000000000e+00 0.000000000000000000e+00 0.000000000000000000e+00 0.000000000000000000e+00 0.000000000000000000e+00 0.000000000000000000e+00 0.000000000000000000e+00 0.000000000000000000e+00 0.000000000000000000e+00 0.000000000000000000e+00 0.000000000000000000e+00
0.000000000000000000e+00 0.000000000000000000e+00 0.000000000000000000e+00 0.000000000000000000e+00 0.000000000000000000e+00 0.000000000000000000e+00 0.000000000000000000e+00 0.000000000000000000e+00 0.000000000000000000e+00 0.000000000000000000e+00 0.000000000000000000e+00 0.000000000000000000e+00 0.000000000000000000e+00 0.000000000000000000e+00 0.000000000000000000e+00
0.000000000000000000e+00 0.000000000000000000e+00 0.000000000000000000e+00 0.000000000000000000e+00 0.000000000000000000e+00 0.000000000000000000e+00 0.000000000000000000e+00 0.000000000000000000e+00 0.000000000000000000e+00 0.000000000000000000e+00 0.000000000000000000e+00 0.000000000000000000e+00 0.000000000000000000e+00 0.000000000000000000e+00 0.000000000000000000e+00
0.000000000000000000e+00 0.000000000000000000e+00 0.000000000000000000e+00 0.000000000000000000e+00 0.000000000000000000e+00 0.000000000000000000e+00 0.000000000000000000e+00 0.000000000000000000e+00 0.000000000000000000e+00 0.000000000000000000e+00 0.000000000000000000e+00 0.000000000000000000e+00 0.000000000000000000e+00 0.000000000000000000e+00 0.000000000000000000e+00
0.000000000000000000e+00 0.000000000000000000e+00 0.000000000000000000e+00 0.000000000000000000e+00 0.000000000000000000e+00 0.000000000000000000e+00 0.000000000000000000e+00 0.000000000000000000e+00 0.000000000000000000e+00 0.000000000000000000e+00 0.000000000000000000e+00 0.000000000000000000e+00 0.000000000000000000e+00 0.000000000000000000e+00 0.000000000000000000e+00
0.000000000000000000e+00 0.000000000000000000e+00 0.000000000000000000e+00 0.000000000000000000e+00 0.000000000000000000e+00 0.000000000000000000e+00 0.000000000000000000e+00 0.000000000000000000e+00 0.000000000000000000e+00 0.000000000000000000e+00 0.000000000000000000e+00 0.000000000000000000e+00 0.000000000000000000e+00 0.000000000000000000e+00 0.000000000000000000e+00
0.000000000000000000e+00 0.000000000000000000e+00 0.000000000000000000e+00 0.000000000000000000e+00 0.000000000000000000e+00 0.000000000000000000e+00 0.000000000000000000e+00 0.000000000000000000e+00 0.000000000000000000e+00 0.000000000000000000e+00 0.000000000000000000e+00 0.000000000000000000e+00 0.000000000000000000e+00 0.000000000000000000e+00 0.000000000000000000e+00
0.000000000000000000e+00 0.000000000000000000e+00 0.000000000000000000e+00 0.000000000000000000e+00 0.000000000000000000e+00 0.000000000000000000e+00 0.000000000000000000e+00 0.000000000000000000e+00 0.000000000000000000e+00 0.000000000000000000e+00 0.000000000000000000e+00 0.000000000000000000e+00 0.000000000000000000e+00 0.000000000000000000e+00 0.000000000000000000e+00
0.000000000000000000e+00 0.000000000000000000e+00 0.000000000000000000e+00 0.000000000000000000e+00 0.000000000000000000e+00 0.000000000000000000e+00 0.000000000000000000e+00 0.000000000000000000e+00 0.000000000000000000e+00 0.000000000000000000e+00 0.000000000000000000e+00 0.000000000000000000e+00 0.000000000000000000e+00 0.000000000000000000e+00 0.000000000000000000e+00
0.000000000000000000e+00 0.000000000000000000e+00 0.000000000000000000e+00 0.000000000000000000e+00 0.000000000000000000e+00 0.000000000000000000e+00 0.000000000000000000e+00 0.000000000000000000e+00 0.000000000000000000e+00 0.000000000000000000e+00 0.000000000000000000e+00 0.000000000000000000e+00 0.000000000000000000e+00 0.000000000000000000e+00 0.000000000000000000e+00
0.000000000000000000e+00 0.000000000000000000e+00 0.000000000000000000e+00 0.000000000000000000e+00 0.000000000000000000e+00 0.000000000000000000e+00 0.000000000000000000e+00 0.000000000000000000e+00 0.000000000000000000e+00 0.000000000000000000e+00 0.000000000000000000e+00 0.000000000000000000e+00 0.000000000000000000e+00 0.000000000000000000e+00 0.000000000000000000e+00
0.000000000000000000e+00 0.000000000000000000e+00 0.000000000000000000e+00 0.000000000000000000e+00 0.000000000000000000e+00 0.000000000000000000e+00 0.000000000000000000e+00 0.000000000000000000e+00 0.000000000000000000e+00 0.000000000000000000e+00 0.000000000000000000e+00 0.000000000000000000e+00 0.000000000000000000e+00 0.000000000000000000e+00 0.000000000000000000e+00
0.000000000000000000e+00 0.000000000000000000e+00 0.000000000000000000e+00 0.000000000000000000e+00 0.000000000000000000e+00 0.000000000000000000e+00 0.000000000000000000e+00 0.000000000000000000e+00 0.000000000000000000e+00 0.000000000000000000e+00 0.000000000000000000e+00 0.000000000000000000e+00 0.000000000000000000e+00 0.000000000000000000e+00 0.000000000000000000e+00
0.000000000000000000e+00 0.000000000000000000e+00 0.000000000000000000e+00 0.000000000000000000e+00 0.000000000000000000e+00 0.000000000000000000e+00 0.000000000000000000e+00 0.000000000000000000e+00 0.000000000000000000e+00 0.000000000000000000e+00 0.000000000000000000e+00 0.000000000000000000e+00 0.000000000000000000e+00 0.000000000000000000e+00 0.000000000000000000e+00
0.000000000000000000e+00 0.000000000000000000e+00 0.000000000000000000e+00 0.000000000000000000e+00 0.000000000000000000e+00 0.000000000000000000e+00 0.000000000000000000e+00 0.000000000000000000e+00 0.000000000000000000e+00 0.000000000000000000e+00 0.000000000000000000e+00 0.000000000000000000e+00 0.000000000000000000e+00 0.000000000000000000e+00 0.000000000000000000e+00
0.000000000000000000e+00 0.000000000000000000e+00 0.000000000000000000e+00 0.000000000000000000e+00 0.000000000000000000e+00 0.000000000000000000e+00 0.000000000000000000e+00 0.000000000000000000e+00 0.000000000000000000e+00 0.000000000000000000e+00 0.000000000000000000e+00 0.000000000000000000e+00 0.000000000000000000e+00 0.000000000000000000e+00 0.000000000000000000e+00
0.000000000000000000e+00 0.000000000000000000e+00 0.000000000000000000e+00 0.000000000000000000e+00 0.000000000000000000e+00 0.000000000000000000e+00 0.000000000000000000e+00 0.000000000000000000e+00 0.000000000000000000e+00 0.000000000000000000e+00 0.000000000000000000e+00 0.000000000000000000e+00 0.000000000000000000e+00 0.000000000000000000e+00 0.000000000000000000e+00
0.000000000000000000e+00 0.000000000000000000e+00 0.000000000000000000e+00 0.000000000000000000e+00 0.000000000000000000e+00 0.000000000000000000e+00 0.000000000000000000e+00 0.000000000000000000e+00 0.000000000000000000e+00 0.000000000000000000e+00 0.000000000000000000e+00 0.000000000000000000e+00 0.000000000000000000e+00 0.000000000000000000e+00 0.000000000000000000e+00
0.000000000000000000e+00 0.000000000000000000e+00 0.000000000000000000e+00 0.000000000000000000e+00 0.000000000000000000e+00 0.000000000000000000e+00 0.000000000000000000e+00 0.000000000000000000e+00 0.000000000000000000e+00 0.000000000000000000e+00 0.000000000000000000e+00 0.000000000000000000e+00 0.000000000000000000e+00 0.000000000000000000e+00 0.000000000000000000e+00
0.000000000000000000e+00 0.000000000000000000e+00 0.000000000000000000e+00 0.000000000000000000e+00 0.000000000000000000e+00 0.000000000000000000e+00 0.000000000000000000e+00 0.000000000000000000e+00 0.000000000000000000e+00 0.000000000000000000e+00 0.000000000000000000e+00 0.000000000000000000e+00 0.000000000000000000e+00 0.000000000000000000e+00 0.000000000000000000e+00
0.000000000000000000e+00 0.000000000000000000e+00 0.000000000000000000e+00 0.000000000000000000e+00 0.000000000000000000e+00 0.000000000000000000e+00 0.000000000000000000e+00 0.000000000000000000e+00 0.000000000000000000e+00 0.000000000000000000e+00 0.000000000000000000e+00 0.000000000000000000e+00 0.000000000000000000e+00 0.000000000000000000e+00 0.000000000000000000e+00
0.000000000000000000e+00 0.000000000000000000e+00 0.000000000000000000e+00 0.000000000000000000e+00 0.000000000000000000e+00 0.000000000000000000e+00 0.000000000000000000e+00 0.000000000000000000e+00 0.000000000000000000e+00 0.000000000000000000e+00 0.000000000000000000e+00 0.000000000000000000e+00 0.000000000000000000e+00 0.000000000000000000e+00 0.000000000000000000e+00
0.000000000000000000e+00 0.000000000000000000e+00 0.000000000000000000e+00 0.000000000000000000e+00 0.000000000000000000e+00 0.000000000000000000e+00 0.000000000000000000e+00 0.000000000000000000e+00 0.000000000000000000e+00 0.000000000000000000e+00 0.000000000000000000e+00 0.000000000000000000e+00 0.000000000000000000e+00 0.000000000000000000e+00 0.000000000000000000e+00
0.000000000000000000e+00 0.000000000000000000e+00 0.000000000000000000e+00 0.000000000000000000e+00 0.000000000000000000e+00 0.000000000000000000e+00 0.000000000000000000e+00 0.000000000000000000e+00 0.000000000000000000e+00 0.000000000000000000e+00 0.000000000000000000e+00 0.000000000000000000e+00 0.000000000000000000e+00 0.000000000000000000e+00 0.000000000000000000e+00
0.000000000000000000e+00 0.000000000000000000e+00 0.000000000000000000e+00 0.000000000000000000e+00 0.000000000000000000e+00 0.000000000000000000e+00 0.000000000000000000e+00 0.000000000000000000e+00 0.000000000000000000e+00 0.000000000000000000e+00 0.000000000000000000e+00 0.000000000000000000e+00 0.000000000000000000e+00 0.000000000000000000e+00 0.000000000000000000e+00
0.000000000000000000e+00 0.000000000000000000e+00 0.000000000000000000e+00 0.000000000000000000e+00 0.000000000000000000e+00 0.000000000000000000e+00 0.000000000000000000e+00 0.000000000000000000e+00 0.000000000000000000e+00 0.000000000000000000e+00 0.000000000000000000e+00 0.000000000000000000e+00 0.000000000000000000e+00 0.000000000000000000e+00 0.000000000000000000e+00
0.000000000000000000e+00 0.000000000000000000e+00 0.000000000000000000e+00 0.000000000000000000e+00 0.000000000000000000e+00 0.000000000000000000e+00 0.000000000000000000e+00 0.000000000000000000e+00 0.000000000000000000e+00 0.000000000000000000e+00 0.000000000000000000e+00 0.000000000000000000e+00 0.000000000000000000e+00 0.000000000000000000e+00 0.000000000000000000e+00
0.000000000000000000e+00 0.000000000000000000e+00 0.000000000000000000e+00 0.000000000000000000e+00 0.000000000000000000e+00 0.000000000000000000e+00 0.000000000000000000e+00 0.000000000000000000e+00 0.000000000000000000e+00 0.000000000000000000e+00 0.000000000000000000e+00 0.000000000000000000e+00 0.000000000000000000e+00 0.000000000000000000e+00 0.000000000000000000e+00
0.000000000000000000e+00 0.000000000000000000e+00 0.000000000000000000e+00 0.000000000000000000e+00 0.000000000000000000e+00 0.000000000000000000e+00 0.000000000000000000e+00 0.000000000000000000e+00 0.000000000000000000e+00 0.000000000000000000e+00 0.000000000000000000e+00 0.000000000000000000e+00 0.000000000000000000e+00 0.000000000000000000e+00 0.000000000000000000e+00
0.000000000000000000e+00 0.000000000000000000e+00 0.000000000000000000e+00 0.000000000000000000e+00 0.000000000000000000e+00 0.000000000000000000e+00 0.000000000000000000e+00 0.000000000000000000e+00 0.000000000000000000e+00 0.000000000000000000e+00 0.000000000000000000e+00 0.000000000000000000e+00 0.000000000000000000e+00 0.000000000000000000e+00 0.000000000000000000e+00
0.000000000000000000e+00 0.000000000000000000e+00 0.000000000000000000e+00 0.000000000000000000e+00 0.000000000000000000e+00 0.000000000000000000e+00 0.000000000000000000e+00 0.000000000000000000e+00 0.000000000000000000e+00 0.000000000000000000e+00 0.000000000000000000e+00 0.000000000000000000e+00 0.000000000000000000e+00 0.000000000000000000e+00 0.000000000000000000e+00
0.000000000000000000e+00 0.000000000000000000e+00 0.000000000000000000e+00 0.000000000000000000e+00 0.000000000000000000e+00 0.000000000000000000e+00 0.000000000000000000e+00 0.000000000000000000e+00 0.000000000000000000e+00 0.000000000000000000e+00 0.000000000000000000e+00 0.000000000000000000e+00 0.000000000000000000e+00 0.000000000000000000e+00 0.000000000000000000e+00
0.000000000000000000e+00 0.000000000000000000e+00 0.000000000000000000e+00 0.000000000000000000e+00 0.000000000000000000e+00 0.000000000000000000e+00 0.000000000000000000e+00 0.000000000000000000e+00 0.000000000000000000e+00 0.000000000000000000e+00 0.000000000000000000e+00 0.000000000000000000e+00 0.000000000000000000e+00 0.000000000000000000e+00 0.000000000000000000e+00
0.000000000000000000e+00 0.000000000000000000e+00 0.000000000000000000e+00 0.000000000000000000e+00 0.000000000000000000e+00 0.000000000000000000e+00 0.000000000000000000e+00 0.000000000000000000e+00 0.000000000000000000e+00 0.000000000000000000e+00 0.000000000000000000e+00 0.000000000000000000e+00 0.000000000000000000e+00 0.000000000000000000e+00 0.000000000000000000e+00
0.000000000000000000e+00 0.000000000000000000e+00 0.000000000000000000e+00 0.000000000000000000e+00 0.000000000000000000e+00 0.000000000000000000e+00 0.000000000000000000e+00 0.000000000000000000e+00 0.000000000000000000e+00 0.000000000000000000e+00 0.000000000000000000e+00 0.000000000000000000e+00 0.000000000000000000e+00 0.000000000000000000e+00 0.000000000000000000e+00
0.000000000000000000e+00 0.000000000000000000e+00 0.000000000000000000e+00 0.000000000000000000e+00 0.000000000000000000e+00 0.000000000000000000e+00 0.000000000000000000e+00 0.000000000000000000e+00 0.000000000000000000e+00 0.000000000000000000e+00 0.000000000000000000e+00 0.000000000000000000e+00 0.000000000000000000e+00 0.000000000000000000e+00 0.000000000000000000e+00
0.000000000000000000e+00 0.000000000000000000e+00 0.000000000000000000e+00 0.000000000000000000e+00 0.000000000000000000e+00 0.000000000000000000e+00 0.000000000000000000e+00 0.000000000000000000e+00 0.000000000000000000e+00 0.000000000000000000e+00 0.000000000000000000e+00 0.000000000000000000e+00 0.000000000000000000e+00 0.000000000000000000e+00 0.000000000000000000e+00
0.000000000000000000e+00 0.000000000000000000e+00 0.000000000000000000e+00 0.000000000000000000e+00 0.000000000000000000e+00 0.000000000000000000e+00 0.000000000000000000e+00 0.000000000000000000e+00 0.000000000000000000e+00 0.000000000000000000e+00 0.000000000000000000e+00 0.000000000000000000e+00 0.000000000000000000e+00 0.000000000000000000e+00 0.000000000000000000e+00
0.000000000000000000e+00 0.000000000000000000e+00 0.000000000000000000e+00 0.000000000000000000e+00 0.000000000000000000e+00 0.000000000000000000e+00 0.000000000000000000e+00 0.000000000000000000e+00 0.000000000000000000e+00 0.000000000000000000e+00 0.000000000000000000e+00 0.000000000000000000e+00 0.000000000000000000e+00 0.000000000000000000e+00 0.000000000000000000e+00
0.000000000000000000e+00 0.000000000000000000e+00 0.000000000000000000e+00 0.000000000000000000e+00 0.000000000000000000e+00 0.000000000000000000e+00 0.000000000000000000e+00 0.000000000000000000e+00 0.000000000000000000e+00 0.000000000000000000e+00 0.000000000000000000e+00 0.000000000000000000e+00 0.000000000000000000e+00 0.000000000000000000e+00 0.000000000000000000e+00
0.000000000000000000e+00 0.000000000000000000e+00 0.000000000000000000e+00 0.000000000000000000e+00 0.000000000000000000e+00 0.000000000000000000e+00 0.000000000000000000e+00 0.000000000000000000e+00 0.000000000000000000e+00 0.000000000000000000e+00 0.000000000000000000e+00 0.000000000000000000e+00 0.000000000000000000e+00 0.000000000000000000e+00 0.000000000000000000e+00
0.000000000000000000e+00 0.000000000000000000e+00 0.000000000000000000e+00 0.000000000000000000e+00 0.000000000000000000e+00 0.000000000000000000e+00 0.000000000000000000e+00 0.000000000000000000e+00 0.000000000000000000e+00 0.000000000000000000e+00 0.000000000000000000e+00 0.000000000000000000e+00 0.000000000000000000e+00 0.000000000000000000e+00 0.000000000000000000e+00
